3572,2680,2335,1962,1429,1250,1018,981,907,601,601,549,495,458,419,405,370,356,305,305,302,280,278,278,271,271,264,264,264,251,251,251,246,246,246,238,237,237,221,221,221,221,221,206,206,206,206,206,206,206,206,206,206,206,206,206,204,204,204,204,201,201,201,201,201,201,201,201,201,195,195,195,195,195,195,195,195,195,195,195,195,181,181,181,181,181,181,181,181,181,181,181,181,181,181,181,181,181,181,181,181,181,181,181,179,179,179,179,179,179,179,179,179,179,179,179,179,179,179,179,179,179,179,179,179,179,179,179,179,179,179,179,179,179,179,179,179,179,179,179,178,178,178,178,178,178,178,178,178,178,178,178,178,178,178,178,178,178,178,178,178,178,178,176,176,176,176,176,176,176,176,176,176,176,176,176,176,176,176,176,176,176,176,176,176,176,176,176,176,176,176,176,176,176,176,176,176,176,176,176
3639,2401,2295,1548,1459,1106,977,881,680,646,573,511,397,376,357,357,357,316,263,241,241,241,241,241,238,238,238,238,238,238,235,235,230,216,216,216,216,188,188,188,188,188,188,188,188,188,188,188,188,188,188,188,188,188,188,188,188,188,188,188,188,188,188,188,188,188,188,188,188,188,188,188,188,188,188,188,188,188,188,188,188,188,188,188,188,188,188,188,188,188,188,188,188,188,188,188,188,188,188,188,188,188,188,188,188,188,188,188,188,188,188,188,188,188,188,188,188,188,188,188,188,188,188,188,188,188,188,188,188,188,188,188,188,188,188,188,188,188,188,188,188,188,188,188,183,183,183,183,183,183,183,183,183,183,183,183,183,183,183,183,183,183,183,183,183,183,183,183,183,183,183,183,183,183,183,183,183,183,183,183,183,183,183,183,183,183,183,183,183,183,183,183,183,183,183,183,183,183,183,183
3222,2828,2210,1923,1612,1262,928,753,752,638,569,491,463,450,406,406,322,322,320,305,290,260,260,260,255,255,255,255,255,255,255,255,255,255,255,255,228,228,228,228,228,228,228,228,228,228,228,228,228,228,228,228,228,228,228,228,228,228,228,228,228,228,228,228,228,228,228,228,228,228,228,228,228,213,213,213,213,208,208,204,204,204,204,204,204,204,204,204,204,204,204,204,204,204,204,204,204,204,204,204,204,204,204,204,204,204,204,204,204,204,204,204,204,204,204,204,204,203,203,203,196,196,196,196,196,196,196,196,196,196,196,196,196,196,196,196,196,196,196,196,196,196,196,196,196,196,196,196,196,194,194,194,194,194,194,194,194,194,194,194,194,194,194,194,194,194,194,194,194,194,194,194,194,191,191,191,191,191,191,191,191,191,191,191,191,191,191,191,191,191,191,191,191,191,191,191,191,191,191,191
3738,2930,2090,1625,1307,1148,971,866,755,612,548,493,456,424,282,282,282,282,282,276,276,268,268,241,241,241,241,241,241,241,241,241,241,241,241,241,241,241,241,241,241,241,241,241,241,241,241,204,204,204,204,204,204,204,204,204,204,204,204,204,204,204,204,203,203,203,203,203,203,203,203,203,203,203,203,203,203,203,203,203,203,203,203,203,203,203,203,203,203,203,203,203,203,203,203,203,185,185,185,185,185,185,185,185,185,185,185,185,185,185,185,185,185,185,185,185,185,185,185,185,185,185,185,185,185,185,185,185,185,185,185,185,185,185,185,185,185,185,185,185,185,185,185,185,185,185,185,185,185,185,185,185,185,185,185,185,185,185,185,185,185,185,185,185,185,185,185,185,185,185,185,185,185,185,185,185,185,185,185,185,185,185,185,185,185,185,185,185,185,185,185,185,185,185,185,185,185,185,185,185
1927,1927,1748,1675,1157,1036,714,714,649,507,485,472,412,389,362,362,356,356,318,318,306,287,276,276,276,275,275,275,256,256,253,235,235,235,205,205,205,205,205,205,205,205,205,205,205,205,205,205,196,196,196,196,196,196,196,196,196,196,196,196,196,196,196,196,196,196,196,196,196,196,196,195,195,195,195,195,195,195,195,189,189,189,189,189,189,189,189,189,189,189,189,189,189,185,185,185,185,185,185,185,185,185,185,185,185,185,185,185,185,185,185,185,185,185,185,185,185,185,185,185,185,185,185,185,185,185,185,185,185,185,185,185,185,185,185,185,185,185,185,185,185,185,185,185,185,185,185,185,185,185,185,185,185,185,185,185,185,185,185,185,185,185,185,185,185,185,185,185,185,185,185,185,185,185,185,185,185,185,185,185,185,185,185,185,185,185,185,185,185,185,181,181,181,181,181,181,181,181,181,181
3892,2858,2097,1752,1507,1137,1040,830,541,541,541,541,506,401,370,339,339,339,339,304,304,304,281,281,281,279,274,274,269,235,235,235,235,235,232,232,220,220,220,220,220,220,220,220,220,220,220,220,220,220,220,220,220,220,220,220,220,220,220,220,220,220,220,219,219,219,219,219,219,219,219,219,219,219,219,219,219,219,219,219,219,219,219,199,199,199,199,199,188,188,188,188,188,188,188,188,188,188,188,188,188,188,188,188,188,188,188,188,188,182,182,182,182,182,182,182,182,182,182,182,182,182,182,182,182,182,182,182,182,182,182,182,182,182,182,182,182,182,182,182,182,182,182,182,182,182,182,182,182,182,182,182,182,182,182,182,182,182,182,182,182,182,182,182,182,182,182,182,182,182,182,182,182,182,182,182,182,182,182,182,182,182,182,182,182,182,182,182,182,182,182,182,182,182,182,182,182,182,182,182
3785,2506,2151,1536,939,939,939,787,758,491,491,491,400,400,400,400,400,354,338,334,299,299,298,297,297,292,265,264,264,264,264,264,264,264,264,255,255,255,255,255,246,244,244,244,241,241,241,241,241,241,226,226,226,226,226,226,226,226,226,226,195,195,195,195,195,195,195,195,195,195,195,195,195,195,195,195,195,195,195,195,195,195,195,195,195,195,195,195,195,195,195,195,195,195,195,195,195,195,195,195,195,195,195,195,195,195,195,195,195,195,195,195,195,195,195,195,195,195,195,195,195,195,195,195,195,180,180,180,180,180,180,180,180,180,180,180,180,180,180,180,180,180,180,180,180,180,180,180,180,180,180,180,180,180,180,180,180,180,180,180,180,180,180,180,180,180,178,178,178,178,178,178,178,178,178,178,178,178,178,178,178,178,178,178,178,178,178,178,178,178,178,178,178,178,178,178,178,178,178,178
3350,2925,2332,1669,1599,1183,1183,1024,985,818,690,538,538,440,411,411,377,347,347,328,328,318,318,311,311,311,306,306,290,290,284,284,281,232,232,220,220,220,220,220,220,220,220,220,220,220,220,220,220,220,220,220,220,220,220,220,220,220,220,220,220,220,220,220,220,220,220,208,208,208,208,208,208,208,208,208,208,208,208,208,208,208,208,208,208,208,208,175,175,175,175,175,175,175,175,175,175,175,175,175,175,175,175,175,175,175,175,175,175,175,175,175,175,175,175,175,175,175,175,175,175,175,175,175,175,175,175,175,175,175,175,175,175,175,175,175,175,175,175,175,175,175,175,175,175,175,175,175,175,175,175,175,175,175,175,175,175,175,175,175,175,175,175,175,175,175,175,175,175,175,175,175,175,175,175,175,175,175,175,175,175,175,175,175,175,175,175,175,175,175,175,175,175,175,175,175,175,175,175,175
3691,2399,2026,1613,1228,1156,964,835,723,636,528,458,439,387,387,344,292,292,292,286,276,276,266,266,266,244,244,228,228,228,226,226,226,226,226,220,220,220,220,211,211,210,210,210,190,190,190,190,190,190,190,190,190,190,190,190,190,190,190,186,186,186,186,186,186,186,186,179,179,179,179,179,179,179,179,179,179,179,179,179,179,179,179,179,179,179,179,179,179,179,179,179,173,173,173,173,173,173,173,173,173,173,173,173,173,173,173,173,173,173,173,173,173,173,173,173,173,173,173,173,173,173,173,173,173,173,173,173,173,173,173,173,173,173,173,173,173,173,173,173,173,173,173,173,173,173,173,173,173,173,173,173,173,173,173,173,173,173,173,173,173,173,173,173,173,173,173,173,173,173,173,173,173,173,173,173,173,173,173,173,173,173,173,173,173,173,173,173,173,173,173,173,173,173,173,173,173,173,173,173
3461,2419,2177,1871,1222,1163,684,684,684,684,648,511,511,460,460,443,418,360,346,344,289,289,289,268,268,268,268,255,230,230,230,230,230,230,230,230,230,230,230,230,230,230,230,230,230,230,230,230,230,228,228,228,228,228,228,228,228,228,218,218,218,218,218,218,218,218,218,218,215,215,215,215,215,215,215,215,215,215,215,215,215,215,215,215,215,215,215,215,212,212,212,212,212,212,212,212,212,212,212,212,212,212,212,212,212,212,212,212,212,212,212,212,212,212,212,212,212,212,212,212,209,209,209,209,209,209,209,209,209,202,202,202,202,202,202,202,202,202,202,202,202,202,202,202,202,202,202,202,202,202,202,202,202,202,202,202,202,202,202,202,202,202,195,195,195,195,195,195,195,195,195,195,195,195,195,195,195,195,195,195,195,195,195,195,176,176,176,176,176,176,176,176,176,176,176,176,176,176,176,176
3967,2507,2036,1645,1321,1004,905,675,627,627,543,480,423,408,372,311,311,311,308,290,290,282,249,249,249,249,244,239,234,234,234,234,234,234,234,228,228,228,228,218,218,218,218,218,200,200,200,200,200,200,200,200,200,200,200,200,200,200,200,197,197,197,197,197,197,197,197,197,197,197,197,197,197,197,197,197,197,197,189,189,189,189,189,189,189,172,172,172,172,172,172,172,172,172,172,172,172,172,172,172,172,172,172,172,172,172,172,172,172,172,172,172,172,172,172,172,172,172,172,172,172,172,172,172,172,172,172,172,172,172,172,172,172,172,172,172,172,172,172,172,172,172,172,172,172,172,172,172,172,172,172,172,172,172,172,172,172,172,172,172,172,172,172,172,172,172,172,172,172,172,172,172,172,172,172,172,172,172,172,172,172,172,172,166,166,166,166,166,166,166,166,166,166,166,166,166,166,166,166,166
3555,2463,1988,1649,1426,1105,938,834,600,600,600,527,468,377,357,357,357,347,329,329,286,286,286,269,269,269,234,234,229,210,210,210,210,210,210,210,210,210,210,210,210,210,210,210,210,210,210,210,210,210,210,210,193,193,193,193,193,193,193,193,193,193,193,193,193,193,193,193,193,193,193,193,193,193,193,193,193,193,193,193,193,193,191,191,191,191,191,191,191,191,191,191,191,191,191,191,187,187,187,187,187,186,186,186,186,186,186,186,186,186,186,186,186,186,186,186,186,186,186,186,186,186,186,186,186,186,186,186,186,186,186,186,186,186,186,171,171,171,171,171,171,171,169,169,169,169,169,169,169,169,169,169,169,169,169,169,169,169,169,169,169,169,169,169,169,169,169,169,169,169,169,169,169,169,169,169,169,169,169,169,169,169,169,169,169,169,169,169,169,169,169,169,169,169,169,169,169,169,169,169
2936,2854,2029,1794,1573,1161,1018,798,614,531,531,531,473,399,367,334,303,298,298,289,289,289,254,228,228,228,228,228,228,228,228,228,228,228,228,228,228,228,228,228,216,216,216,216,216,216,216,216,216,216,216,216,216,206,206,206,206,206,206,206,206,206,206,206,202,202,202,202,202,202,202,202,202,202,202,202,202,202,202,202,202,202,202,202,202,202,202,202,202,202,202,202,202,202,202,202,202,202,202,202,202,202,202,202,202,202,202,202,202,202,202,202,202,202,202,202,200,200,200,200,200,200,200,200,200,200,198,198,198,198,198,198,198,198,198,198,198,198,198,198,198,198,186,186,186,186,186,186,186,186,186,186,186,183,183,183,183,183,183,183,183,183,183,183,183,183,183,183,183,183,183,183,183,183,183,183,183,183,183,183,183,183,183,183,183,183,164,164,164,164,164,164,164,164,164,164,164,164,164,164
3728,2824,1751,1751,1603,1215,1150,834,747,747,643,529,510,492,425,372,368,368,323,323,323,294,259,259,259,259,259,245,245,242,242,242,242,242,242,237,234,234,233,233,233,233,230,230,230,230,220,220,220,220,220,220,220,220,220,220,220,220,220,220,220,220,220,220,220,220,220,220,217,217,217,217,217,217,217,217,217,217,217,217,217,217,217,214,214,214,214,214,214,214,214,214,214,214,213,213,210,210,210,210,210,210,210,210,210,210,210,210,210,210,210,210,210,210,210,210,210,209,209,209,209,209,209,209,209,209,209,209,209,209,166,166,166,166,166,166,166,166,166,166,166,166,166,166,166,166,166,166,166,166,166,166,166,166,166,166,166,166,166,166,166,166,166,166,166,166,166,166,166,166,166,166,166,166,166,166,166,166,166,166,166,166,166,166,166,166,166,166,166,166,166,166,166,166,166,166,166,166,166,166
3670,2895,1952,1627,1582,634,634,634,634,598,540,481,418,411,400,362,272,263,263,263,263,263,263,263,263,263,263,242,242,242,242,242,242,242,242,242,242,242,242,242,242,242,242,242,242,242,242,242,242,242,242,242,242,242,242,242,242,242,242,242,242,242,242,242,242,242,242,242,242,242,242,242,242,242,242,242,242,242,242,242,242,242,242,242,242,242,242,242,242,242,242,242,242,242,242,242,242,242,242,242,242,242,242,242,242,242,242,242,242,242,242,242,242,242,221,221,221,221,221,221,221,221,221,221,221,221,221,221,221,221,221,221,221,221,221,221,221,216,216,216,216,216,216,216,216,216,216,216,216,216,216,216,193,193,193,193,193,193,193,193,193,193,193,193,193,193,193,193,193,193,193,193,193,193,193,193,193,193,193,193,193,193,193,193,193,193,193,193,193,193,193,193,193,193,193,193,193,193,193,193
3462,2581,2164,2037,1315,1315,862,804,714,579,579,526,492,409,398,361,350,284,284,284,284,284,282,282,274,258,258,258,258,258,258,258,258,258,258,258,258,223,223,223,223,223,223,223,223,223,223,223,223,223,223,223,223,223,223,223,223,223,223,223,223,223,223,223,223,223,223,223,223,223,216,216,216,216,216,216,216,216,213,213,213,202,202,202,202,202,202,202,202,202,168,168,168,168,168,168,168,168,168,168,168,168,168,168,168,168,168,168,168,168,168,168,168,168,168,168,168,168,168,168,168,168,168,168,168,168,168,168,168,168,168,168,168,168,168,168,168,168,168,168,168,168,168,168,168,168,168,168,168,168,168,168,165,165,165,165,165,165,165,165,165,165,165,165,165,165,165,165,165,165,165,165,165,165,165,165,165,165,165,165,165,165,165,165,165,165,165,165,165,165,165,165,165,165,165,165,165,165,165,165
3559,2068,1916,1509,1338,1108,949,851,545,545,479,479,479,437,430,375,353,327,283,273,233,233,233,233,233,233,233,233,227,227,227,227,227,227,227,227,220,220,218,218,218,218,194,194,194,194,194,194,194,183,183,183,183,183,183,183,183,183,183,183,183,183,183,183,183,183,183,183,183,183,183,183,183,183,183,183,183,183,183,183,183,183,183,183,183,183,183,183,183,183,183,183,183,183,183,183,183,183,183,183,183,183,175,175,175,175,175,175,175,175,175,175,175,175,175,175,175,175,175,175,175,175,175,175,175,175,175,175,175,175,175,175,175,175,175,175,175,175,175,175,175,175,175,175,175,175,175,175,175,175,175,175,175,175,175,175,175,175,175,175,175,175,175,175,175,175,175,175,175,175,175,175,175,175,175,175,175,175,175,175,175,175,175,175,175,175,175,175,175,175,175,175,175,175,175,164,164,164,164,164
3200,2563,1953,1751,1406,1223,920,857,826,642,605,530,530,434,386,383,355,318,250,250,250,250,250,250,250,250,246,246,246,246,238,238,238,205,205,205,205,205,205,205,205,205,205,205,205,205,205,205,205,205,205,205,205,197,197,197,197,197,197,197,197,197,197,197,197,197,197,197,197,197,197,177,177,177,177,177,177,177,177,177,177,177,177,177,177,177,177,177,177,177,177,177,177,177,177,177,177,177,177,177,177,177,177,177,177,177,177,177,177,177,177,177,177,177,177,177,177,177,177,177,177,177,177,177,177,177,177,177,177,177,177,177,177,177,177,177,177,177,177,177,177,177,177,177,177,177,177,177,177,177,177,177,177,177,177,177,177,177,177,177,177,177,177,177,177,177,177,177,177,177,177,177,177,177,177,177,177,177,177,177,177,177,177,177,177,177,177,177,177,177,177,168,168,168,168,168,168,168,168,168
4008,2278,2008,1694,1586,1120,806,716,681,609,546,546,401,399,369,369,369,365,330,320,313,313,313,313,274,271,271,270,253,253,253,253,253,253,253,237,237,237,237,237,237,237,237,234,234,234,234,234,234,234,234,234,234,222,222,222,222,222,222,222,222,222,216,216,216,216,216,216,216,216,216,213,213,213,213,206,206,206,206,206,206,206,206,206,206,206,206,206,206,206,206,206,206,206,206,206,204,204,204,204,204,204,204,204,204,204,204,200,200,200,200,200,198,198,198,198,198,198,198,198,198,198,198,198,198,198,198,198,198,198,198,198,198,190,190,190,190,190,190,190,190,190,190,190,190,190,190,190,190,190,190,190,190,190,190,190,190,190,190,190,190,190,190,190,190,190,190,190,190,190,164,164,164,164,164,164,164,164,164,164,164,164,164,164,164,164,164,164,164,164,164,164,164,164,164,164,164,164,164,164
3790,2213,2205,1708,1607,1267,980,830,701,647,554,455,389,382,382,366,327,327,320,279,279,279,279,279,279,279,270,259,250,250,246,246,245,245,245,243,231,231,231,231,231,231,226,214,214,214,209,209,209,209,209,209,209,209,209,209,209,209,209,209,209,209,205,205,205,205,205,205,205,199,199,199,199,199,199,199,199,199,199,199,198,198,198,198,198,198,198,198,198,198,198,198,198,198,198,198,198,198,198,198,165,165,165,165,165,165,165,165,165,165,165,165,165,165,165,165,165,165,165,165,165,165,165,165,165,165,165,165,165,165,165,165,165,165,165,165,165,165,165,165,165,165,165,165,165,165,165,165,165,165,165,165,165,165,165,165,165,165,165,165,165,165,165,165,165,165,165,165,165,165,165,165,165,165,165,165,165,165,165,165,165,165,165,165,165,165,165,165,165,165,165,165,165,165,165,165,165,165,165,165
3639,2901,2382,1570,1318,1020,1017,864,686,686,549,528,444,437,323,323,323,318,318,318,318,318,318,318,311,297,256,256,256,256,256,256,256,256,256,256,256,256,256,256,256,256,256,256,256,256,256,256,256,256,256,256,256,256,256,256,256,256,256,246,246,246,246,246,246,246,246,246,246,246,246,246,246,246,246,246,246,246,246,246,246,246,244,244,244,244,244,244,222,222,222,222,222,222,222,222,222,222,222,222,222,222,222,222,222,222,222,222,222,222,222,222,222,222,222,222,222,222,222,222,222,222,222,222,222,222,222,222,221,221,221,221,221,221,221,221,221,221,221,221,221,221,221,180,180,180,180,180,180,180,180,180,180,180,180,180,180,180,180,180,180,180,180,180,180,180,180,180,180,180,180,180,180,180,180,180,180,180,180,180,180,180,180,180,180,180,180,180,180,180,180,180,180,180,180,180,180,180,180,180
3121,3068,1855,1568,1298,1242,1105,874,559,559,559,526,515,421,421,389,389,341,328,287,287,287,287,287,283,283,283,247,243,225,225,225,225,225,225,225,225,225,225,220,220,220,220,220,220,220,209,209,209,209,209,209,209,209,209,209,209,209,209,209,209,209,209,204,204,204,204,204,204,204,204,204,204,204,204,204,204,204,204,204,204,204,204,204,193,193,193,193,193,193,193,193,193,193,193,193,193,193,193,193,193,193,193,193,193,193,193,193,193,193,193,193,193,193,193,193,193,193,193,193,193,193,193,193,193,193,193,193,193,193,193,193,193,193,193,193,193,193,193,193,193,193,193,193,193,193,193,193,193,193,193,193,193,193,193,193,193,193,193,193,193,193,193,193,193,193,193,193,193,193,193,193,193,193,193,193,193,193,193,193,193,193,193,193,193,193,193,193,193,193,193,193,193,193,193,193,193,193,193,193
2992,2314,2208,2036,1640,1215,963,952,806,708,615,544,410,410,360,360,330,313,301,284,284,272,246,246,246,246,246,246,244,244,239,210,210,210,210,210,210,210,210,210,210,210,210,205,195,195,195,195,195,195,195,195,195,195,195,195,195,195,195,195,195,195,195,195,195,195,195,195,195,195,195,195,195,195,195,195,195,195,195,192,192,192,192,192,192,192,192,192,192,192,192,192,188,188,188,188,188,172,172,172,172,172,172,172,172,172,172,172,172,172,172,172,172,172,172,172,172,172,172,172,172,172,172,172,172,172,172,172,172,172,172,172,172,172,172,172,172,172,172,172,172,172,172,172,172,172,172,172,172,172,172,172,172,172,172,172,172,172,172,172,172,172,172,172,172,172,172,172,172,172,172,172,172,172,172,172,172,172,172,172,172,172,172,172,172,172,172,172,172,172,172,172,172,172,172,172,172,172,172,172
3730,2307,2307,2223,1352,1108,848,848,785,693,557,536,394,394,394,394,394,394,356,347,327,307,297,297,297,297,284,284,283,280,258,235,235,234,234,234,234,234,234,220,220,220,220,220,220,220,220,203,203,203,203,203,203,203,203,203,203,203,191,191,163,163,163,163,163,163,163,163,163,163,163,163,163,163,163,163,163,163,163,163,163,163,163,163,163,163,163,163,163,163,163,163,163,163,163,163,163,163,163,163,163,163,163,163,163,163,163,163,163,163,163,163,163,163,163,163,163,163,163,163,163,163,163,163,163,163,163,163,163,163,163,163,163,163,163,163,163,163,163,163,163,163,163,163,163,163,163,163,163,163,163,163,163,163,163,163,163,163,163,163,163,163,163,163,163,163,163,163,163,163,163,163,163,163,163,163,163,163,163,163,163,163,163,163,163,163,163,163,163,163,163,163,163,163,163,163,163,163,163,163
3573,2210,1868,1490,1046,1046,883,779,679,563,493,482,420,416,382,382,345,296,296,296,288,277,277,237,237,237,237,237,237,237,237,237,237,237,237,237,237,237,237,237,237,237,237,237,237,237,237,237,218,218,218,218,218,218,218,218,218,218,218,218,218,218,218,218,218,218,211,211,211,211,211,211,211,211,211,211,211,211,206,206,206,206,206,206,206,206,206,206,206,206,206,206,206,206,206,206,206,206,206,206,206,206,206,206,206,206,206,206,206,206,206,206,206,206,206,206,206,206,206,206,206,206,206,203,197,197,197,197,197,197,197,197,197,197,197,197,197,197,197,197,197,197,195,195,195,195,195,195,195,195,195,195,195,195,195,195,195,195,195,195,195,195,195,195,195,194,194,194,194,194,194,194,194,194,194,194,194,194,194,194,194,194,194,194,194,194,194,194,194,194,194,194,194,194,194,194,194,194,194,194
3120,2674,1899,1534,1376,820,820,813,745,615,555,469,446,446,446,403,372,330,330,288,288,277,277,257,257,257,257,257,257,257,257,257,257,246,233,233,233,233,233,233,233,233,213,213,213,213,213,213,213,213,213,213,213,213,213,213,213,213,213,213,213,213,213,213,213,213,213,213,213,213,213,213,213,213,213,213,213,213,213,213,213,213,213,213,213,213,213,213,213,213,213,213,213,213,213,213,213,213,213,213,213,213,213,211,211,211,211,211,211,211,211,211,211,211,211,211,211,211,211,211,211,199,199,199,198,198,198,198,198,198,198,198,198,198,198,198,198,198,198,198,198,198,198,198,198,198,198,198,198,198,198,198,198,198,198,198,198,198,198,198,198,198,198,198,198,198,196,196,196,196,196,196,196,187,187,187,187,187,187,187,187,187,187,187,187,187,187,187,187,187,187,187,187,187,187,187,187,187,187,187
3936,3065,2190,1827,1479,1197,1125,914,751,633,581,464,426,426,391,334,329,329,329,329,329,300,245,245,245,245,245,245,245,245,245,245,245,245,245,245,245,245,245,245,245,245,245,245,245,245,245,229,229,229,229,229,229,229,229,229,229,210,210,210,210,210,210,210,210,210,210,210,210,210,210,210,210,210,210,210,210,210,210,210,210,210,210,210,210,210,210,203,203,203,203,203,203,203,203,203,203,203,203,203,203,203,203,196,196,196,196,196,196,196,196,196,196,196,196,196,196,196,196,196,196,196,196,196,196,196,196,196,196,196,196,196,196,196,196,196,196,196,196,196,196,196,196,196,196,196,196,196,196,196,196,196,196,196,196,196,196,196,196,196,196,196,196,196,196,196,196,185,185,185,185,185,185,185,185,185,185,185,185,185,185,185,185,185,185,185,185,185,185,185,185,185,185,185,185,185,185,182,182,182
3755,2348,2164,1515,1084,1076,860,791,600,600,522,508,445,407,399,385,335,316,316,264,264,264,264,259,259,259,239,239,239,239,239,239,239,239,239,239,238,238,238,232,232,232,232,232,232,232,232,232,232,232,232,232,232,232,232,232,232,232,232,232,232,232,232,232,232,232,232,231,231,229,229,229,229,229,229,229,229,229,229,224,224,224,224,224,224,224,224,224,224,224,224,224,224,224,224,223,216,216,216,216,216,216,213,213,213,213,194,194,194,194,194,194,194,194,194,194,194,194,194,194,194,194,194,194,194,194,194,194,194,194,194,194,194,194,194,194,194,194,194,194,194,194,194,194,194,186,186,186,186,186,186,186,186,186,186,164,164,164,164,164,164,164,164,164,164,164,164,164,164,164,164,164,164,164,164,164,164,164,164,164,164,164,164,164,164,164,164,164,164,164,164,164,164,164,164,164,164,164,164,164
3126,2332,1843,1625,1549,1001,878,725,643,621,621,521,457,457,422,388,351,351,346,346,346,346,346,308,308,308,282,282,282,282,282,282,282,282,282,282,282,282,270,270,270,270,270,270,270,270,270,270,270,270,262,232,232,232,232,232,232,232,232,232,232,230,230,230,230,223,223,223,223,223,223,223,223,223,223,223,223,223,223,223,223,223,223,223,223,223,223,223,223,223,223,223,223,223,223,223,215,214,214,214,214,214,214,214,214,214,214,214,214,214,214,214,214,211,211,211,211,211,211,211,211,211,211,211,211,211,211,211,211,211,211,211,211,209,209,209,209,209,209,209,209,209,209,209,209,209,209,209,209,209,209,209,209,209,209,209,209,209,209,209,209,206,206,206,206,206,206,206,206,206,206,206,206,206,206,206,206,206,206,206,206,206,206,206,192,192,192,192,192,192,192,192,192,192,192,192,192,192,192,192
4304,2552,1402,1390,1324,1036,1036,876,694,671,521,468,401,357,310,310,310,310,310,310,310,310,310,307,307,307,307,307,276,276,276,259,259,258,258,258,246,246,246,246,246,246,246,210,210,210,209,209,209,209,209,209,209,209,209,209,209,209,209,209,209,209,209,209,209,209,209,209,209,209,209,209,209,209,209,209,209,209,209,209,209,209,209,209,209,209,209,209,209,209,209,209,209,209,190,190,190,190,190,189,189,189,189,189,189,189,189,189,189,189,189,189,189,189,189,189,189,189,189,189,189,189,189,189,189,189,189,189,189,189,189,189,189,188,188,188,188,188,188,188,188,188,188,188,188,188,188,188,188,188,188,188,188,188,188,188,188,188,188,188,188,188,188,188,188,188,188,188,187,187,187,187,187,187,187,187,187,187,187,183,183,183,183,183,183,183,183,183,183,183,183,183,183,183,183,183,183,183,183,183
3309,2989,2404,1667,1167,1167,1061,845,845,682,610,454,454,380,370,370,346,323,293,293,293,293,292,291,255,255,245,245,245,245,245,245,245,245,245,245,220,220,220,192,192,192,192,192,192,192,192,192,192,192,192,192,192,192,192,192,192,192,192,192,192,192,192,192,192,192,192,192,192,192,192,192,192,192,192,192,192,192,192,192,192,192,192,192,192,192,192,192,192,192,192,192,192,192,192,192,192,192,192,192,192,192,192,192,192,192,192,192,192,192,192,192,192,192,192,192,192,192,192,192,192,192,192,192,192,192,192,192,192,192,192,192,192,192,192,192,192,192,192,192,192,192,192,192,192,192,192,192,192,192,192,192,192,192,192,192,187,187,187,187,187,187,187,187,187,171,171,171,171,171,171,171,171,171,171,171,171,171,171,171,171,171,171,171,171,171,171,171,171,171,171,171,171,171,171,171,171,171,171,171
3488,2485,2135,1876,1230,1230,1094,939,785,781,526,526,443,386,363,363,343,327,303,279,279,279,279,279,279,279,232,232,232,232,232,232,232,232,232,232,232,232,232,232,232,232,232,232,232,232,232,232,232,232,232,232,232,232,232,232,232,232,232,232,232,232,232,232,232,232,232,232,232,232,232,232,232,232,232,232,232,232,230,230,230,230,230,230,230,230,230,230,230,230,230,230,230,230,230,230,230,230,230,230,230,230,230,230,230,230,230,230,230,230,230,230,230,230,230,230,230,230,230,230,230,230,230,230,230,230,230,230,230,230,230,230,230,230,230,230,230,230,230,230,230,230,230,230,230,230,230,230,230,230,230,230,230,230,230,230,230,230,230,230,230,230,230,211,211,211,211,211,211,211,211,211,211,211,211,211,211,211,211,211,211,211,211,211,211,211,210,210,210,210,192,192,192,192,192,192,192,192,192,192
3871,2856,2069,1830,1179,986,956,883,705,562,562,506,462,392,392,382,331,325,323,299,299,282,280,270,270,234,193,193,193,193,193,193,193,193,193,193,185,185,185,185,185,185,185,185,185,185,185,185,185,185,185,185,185,185,185,185,185,185,185,183,183,183,183,183,183,183,183,183,183,183,183,183,183,183,183,183,183,183,183,183,183,183,183,183,183,183,183,183,183,183,183,183,183,183,183,183,172,172,172,172,172,172,172,172,172,172,172,172,172,172,172,172,172,172,172,172,172,172,172,172,172,172,172,172,172,172,172,172,172,172,172,172,172,172,172,172,172,172,172,172,172,172,172,172,172,172,172,172,172,172,172,172,172,172,172,172,172,172,172,172,172,172,172,172,172,172,172,172,172,172,172,172,172,172,172,172,172,172,172,172,172,172,172,172,172,172,172,172,172,172,172,172,172,172,172,172,172,172,172,172
3542,2653,1226,1226,1226,1215,1116,908,701,501,501,501,490,399,399,391,385,356,323,305,291,291,291,281,281,281,281,261,261,261,261,261,261,261,261,261,261,259,244,244,244,218,218,218,218,218,218,218,218,218,218,218,218,218,218,218,218,218,218,218,218,218,218,218,218,218,218,218,218,218,218,218,218,218,218,218,218,218,218,218,218,218,218,218,218,218,218,216,216,216,216,216,216,216,216,216,216,216,216,216,216,216,216,216,216,216,216,216,216,216,216,211,211,211,211,211,211,211,211,211,211,211,211,211,211,211,211,211,211,211,211,211,211,211,183,183,183,183,183,183,183,183,183,183,183,183,183,183,183,183,183,183,183,183,183,183,183,183,183,183,183,183,183,183,183,183,183,183,183,183,183,183,183,183,183,183,183,183,183,183,183,183,183,183,183,183,183,183,183,183,183,183,183,183,183,183,183,183,183,183
3760,2385,2370,1325,1325,1325,982,669,669,669,608,497,497,405,396,370,359,342,328,271,271,271,271,271,271,271,251,251,242,242,242,242,242,242,242,242,242,230,230,230,230,227,227,227,227,227,227,227,227,227,222,222,222,222,222,220,220,220,220,220,220,220,220,220,220,195,195,195,195,195,195,195,195,195,195,195,191,191,191,191,191,191,191,191,191,191,191,191,191,191,191,191,191,191,191,191,191,191,191,191,191,191,191,191,191,191,185,185,185,185,185,185,185,185,185,185,185,185,185,185,185,185,185,185,185,185,185,185,185,185,185,185,185,185,185,185,185,185,185,185,185,185,185,185,185,185,185,185,185,185,185,185,185,185,185,185,185,185,185,185,185,185,185,185,185,185,185,185,185,185,185,185,185,185,185,185,185,185,185,185,185,185,185,185,185,185,185,185,185,185,185,185,185,185,185,185,185,185,185,185
3866,2813,2145,1548,1446,1229,922,767,760,532,532,499,436,426,360,360,358,307,307,275,275,275,275,275,275,275,275,274,235,235,235,235,235,235,235,225,225,225,225,225,225,225,225,225,225,225,225,225,225,225,225,199,199,196,196,196,196,196,196,196,196,196,196,196,196,196,196,196,196,196,195,195,181,181,181,181,181,181,181,181,181,181,181,181,181,181,181,181,181,181,181,181,181,181,181,181,181,181,181,181,181,181,181,181,181,181,181,181,181,181,181,181,181,181,181,181,181,181,181,181,181,181,181,181,181,181,181,181,181,181,181,181,181,181,181,181,181,181,181,181,181,181,181,181,181,181,181,181,181,181,181,181,181,181,181,181,181,181,181,181,181,181,181,181,181,181,181,181,181,181,181,181,181,181,181,181,181,181,181,181,181,181,181,181,181,181,181,181,181,181,181,181,181,181,181,181,181,181,181,181
3605,2826,2363,1868,1318,1250,1111,954,749,564,533,490,449,419,345,345,345,301,301,253,253,253,253,253,253,253,243,243,225,225,225,225,210,210,210,210,210,210,210,210,210,210,210,201,201,201,201,201,201,201,201,201,201,201,201,201,201,201,201,201,201,201,201,201,201,201,201,201,201,201,201,201,201,201,201,201,201,201,201,201,201,201,201,201,201,201,201,201,201,201,201,201,201,201,201,201,201,201,201,201,201,201,201,201,201,201,201,195,195,195,195,195,195,195,195,195,195,195,195,195,195,195,195,195,195,195,195,195,195,195,195,195,195,195,195,195,195,195,195,195,195,195,195,195,195,195,195,195,195,195,195,195,195,195,195,195,195,195,195,195,195,195,195,195,195,195,195,195,195,195,195,195,195,195,195,195,195,195,195,195,195,195,195,195,195,195,195,195,195,195,195,195,195,195,195,195,195,195,195,195
3644,3168,1773,1773,1382,1066,883,859,704,617,617,564,427,427,411,371,350,324,324,312,272,272,272,272,272,272,272,272,272,272,272,272,272,272,242,242,242,242,242,242,242,242,242,242,242,242,242,242,242,242,242,232,232,232,232,232,232,232,232,232,232,232,232,232,232,232,232,232,232,232,232,232,232,232,232,232,232,232,232,232,232,232,232,220,213,213,213,213,213,213,213,213,193,193,193,193,193,193,193,193,193,193,193,193,193,193,193,193,193,193,193,193,193,193,193,193,193,193,193,193,193,193,193,193,193,193,193,193,193,193,193,193,193,193,193,193,193,193,193,193,193,193,193,193,193,193,193,193,193,193,193,193,191,191,191,191,191,191,191,191,191,191,191,191,191,191,191,191,191,191,191,191,191,191,191,191,191,191,191,191,191,191,191,191,191,191,191,191,191,191,191,191,191,191,191,191,191,191,191,191
2931,2480,1658,1658,1658,1371,1085,948,694,671,568,517,472,440,409,367,355,298,298,298,289,263,263,263,263,255,255,230,230,230,230,230,230,230,230,230,222,222,222,222,214,214,214,214,214,214,183,183,183,183,183,183,183,183,183,183,183,183,183,183,183,183,183,183,183,183,183,183,183,183,179,179,179,179,179,179,179,179,179,179,179,179,179,179,179,179,179,179,179,179,179,179,174,174,174,174,174,174,174,174,174,174,174,174,174,174,174,174,174,174,174,174,174,174,174,174,174,174,174,174,174,174,174,174,174,174,174,174,174,174,174,174,174,174,174,174,174,174,174,174,174,174,174,174,174,174,174,174,174,174,174,174,174,174,174,174,174,174,174,174,174,174,174,174,174,174,174,174,174,174,174,174,174,174,174,174,174,174,174,174,174,174,174,174,174,174,174,174,174,174,174,174,174,174,174,174,174,174,174,174
3858,2471,2127,1786,1461,1162,1151,869,682,644,599,523,491,434,392,366,342,342,327,302,295,295,295,290,289,255,255,255,255,255,255,253,241,241,234,234,234,234,234,225,225,225,188,188,188,188,188,188,188,188,188,188,188,188,188,188,188,188,188,188,188,188,188,188,188,188,188,188,188,188,188,188,188,188,188,188,188,188,188,188,188,188,188,188,188,188,188,188,188,188,188,188,188,188,188,188,188,188,188,188,188,188,188,188,188,188,188,188,188,188,188,188,188,188,188,188,188,188,188,188,188,188,188,188,188,188,188,169,169,169,169,169,169,169,169,169,169,169,169,169,169,169,169,169,169,169,169,169,169,169,169,169,169,169,169,169,169,169,169,169,169,169,169,169,169,169,169,169,169,169,169,169,169,169,169,169,169,169,169,169,169,169,169,169,169,169,169,169,169,169,169,169,169,169,169,169,169,169,169,169
2856,2760,1736,1736,1572,915,884,884,877,764,519,412,405,394,392,392,392,367,333,333,310,281,281,281,262,260,236,236,236,236,236,236,236,236,236,236,236,236,236,236,236,236,236,236,236,236,236,236,236,236,236,236,236,236,236,236,236,236,236,236,236,236,236,236,236,236,236,236,236,236,236,236,236,236,236,236,236,236,236,236,236,236,228,228,213,213,213,213,184,184,184,184,184,184,184,184,184,184,184,184,184,184,184,184,184,184,184,184,184,184,184,184,184,184,184,184,184,184,184,184,184,184,184,184,184,184,184,184,184,184,184,184,182,182,182,182,182,182,182,182,182,182,182,182,182,182,182,182,182,182,182,182,182,182,182,182,182,182,182,182,182,182,182,182,182,182,182,182,182,182,182,182,182,182,182,182,182,182,182,182,182,182,182,182,182,182,182,182,182,182,182,182,182,182,182,182,182,182,182,182
3782,2840,2185,1529,1326,1080,906,738,705,549,528,521,436,429,310,310,310,310,310,310,310,310,310,303,303,278,276,265,265,265,265,227,227,227,227,227,227,227,227,227,227,227,227,227,227,227,227,227,219,219,219,219,219,209,209,209,209,209,209,209,209,209,209,209,209,209,209,209,209,209,209,205,205,205,205,205,205,205,205,205,205,205,205,205,205,205,205,205,205,205,205,205,205,205,205,180,180,180,180,180,180,180,180,180,180,180,180,180,180,180,180,180,180,180,180,180,180,180,180,180,180,180,180,180,180,180,180,180,180,180,180,180,180,180,180,180,180,180,180,180,180,180,180,180,180,180,180,180,180,180,180,180,180,180,180,180,180,180,180,180,180,180,180,180,180,180,180,180,180,180,180,180,180,180,180,180,180,180,180,180,180,180,180,180,180,180,180,180,180,180,180,180,180,180,180,180,180,180,180,180
3457,2366,1922,1885,1479,1000,912,747,691,640,559,546,476,416,376,328,287,287,287,287,287,287,287,287,287,277,253,253,253,253,253,253,253,253,253,229,229,229,229,197,197,197,197,197,197,197,197,197,197,197,197,197,197,197,197,197,197,197,197,197,197,197,197,197,197,197,197,197,197,197,197,197,197,197,197,197,197,197,197,197,197,197,197,197,197,197,197,197,197,197,197,197,197,197,197,197,197,197,197,197,197,197,197,197,197,197,197,197,197,197,197,197,197,190,190,190,190,190,176,176,176,176,176,176,176,176,176,176,176,176,176,176,176,176,176,176,176,174,174,174,174,174,174,174,174,174,174,174,174,174,174,174,174,174,174,174,174,174,174,174,174,174,174,174,174,174,174,174,174,174,174,174,174,174,174,174,174,174,174,174,174,174,174,174,174,174,174,174,174,174,174,174,174,174,174,174,174,174,174,174
3460,3129,2350,1810,1487,1434,1281,969,661,661,661,586,545,443,433,385,373,328,324,317,293,293,243,212,212,212,212,212,212,212,212,212,212,212,212,212,212,212,212,212,212,212,212,212,212,212,212,212,212,212,212,212,212,212,212,212,212,212,212,212,212,212,212,212,212,212,212,212,212,212,212,212,212,212,212,212,212,212,212,212,212,212,212,212,212,212,212,212,212,212,212,212,212,212,212,212,212,212,212,212,212,212,212,212,212,212,212,212,212,212,212,212,212,212,212,212,212,212,212,212,212,212,212,212,212,212,212,212,212,212,212,212,212,212,212,212,212,212,212,212,212,212,212,212,212,212,212,212,212,212,212,212,212,212,212,212,212,212,212,212,212,212,212,212,212,212,212,212,212,212,212,212,212,212,212,212,212,212,212,212,212,212,212,212,212,212,212,212,212,212,212,212,212,212,212,212,212,212,212,212
3739,2696,1737,1386,1386,876,822,673,673,501,501,501,461,404,385,335,335,335,303,278,278,278,278,278,256,255,255,255,255,255,255,255,255,255,255,255,255,255,255,255,255,255,255,255,255,255,255,255,255,255,255,255,255,255,255,255,253,227,227,227,227,227,227,227,227,227,227,227,227,227,227,227,227,227,227,227,227,227,227,227,227,227,227,227,227,227,227,227,227,226,220,220,220,220,220,220,220,220,220,220,209,209,209,209,209,209,209,209,205,205,205,205,205,205,205,201,201,201,201,201,195,195,195,195,195,195,195,195,195,195,195,195,195,195,195,195,195,195,195,195,195,195,195,195,195,195,195,195,195,195,195,195,195,195,195,195,195,195,195,195,195,195,195,195,195,193,193,193,193,193,193,193,193,193,193,193,193,193,193,193,193,193,193,193,193,193,193,193,193,193,193,193,193,193,193,193,193,193,193,193
3799,3427,2664,1975,1285,1281,1171,935,741,609,519,493,401,383,377,357,334,318,294,240,240,240,240,240,240,240,240,240,240,240,240,240,240,240,240,240,240,240,240,240,240,240,240,240,240,240,240,240,209,209,209,209,209,202,202,202,202,202,202,202,202,202,202,202,202,202,202,202,202,202,202,202,202,202,202,202,202,202,202,202,202,202,202,202,202,202,202,202,202,202,202,202,202,202,202,202,202,202,202,202,202,202,202,202,202,202,202,202,202,202,202,202,202,202,202,202,202,202,202,202,202,202,202,202,202,202,202,202,202,202,202,202,202,202,202,202,202,202,202,202,202,202,202,202,202,202,202,202,202,202,202,202,202,202,202,202,202,202,202,202,202,202,202,202,202,202,202,202,202,202,202,202,202,202,202,202,202,202,202,202,202,202,202,202,202,199,199,199,199,199,199,199,199,199,199,199,199,199,199,199
3638,2956,1858,1858,1858,1098,878,801,740,624,485,485,443,370,370,370,340,271,271,271,271,269,269,266,266,266,266,247,243,243,243,243,243,243,226,226,226,226,226,226,226,226,226,226,226,226,226,226,226,226,220,220,220,220,220,220,220,220,193,193,193,193,193,193,193,193,193,193,193,193,193,193,193,193,193,193,193,193,193,193,193,193,193,193,193,193,193,193,193,193,193,193,193,193,193,193,193,193,193,193,193,193,193,193,193,193,193,193,193,193,193,193,193,193,193,193,193,193,193,193,193,193,193,193,193,193,193,193,193,193,193,193,193,193,193,193,193,193,193,193,193,193,193,193,193,193,193,193,193,193,193,193,193,193,193,193,193,193,193,193,193,193,193,193,193,193,193,193,189,189,189,189,189,189,189,189,189,189,189,189,189,189,189,189,189,189,189,189,189,189,189,189,189,189,189,189,189,189,189,189
3106,2697,2055,1678,1565,1102,1102,785,779,695,519,484,470,420,365,363,315,306,306,306,275,275,275,275,271,271,271,271,271,271,271,271,260,260,260,251,241,238,238,238,203,203,203,203,203,203,203,203,203,203,197,197,197,197,197,197,197,197,197,197,197,197,197,197,197,197,197,197,197,197,197,197,197,197,197,197,197,197,197,197,197,197,197,197,197,197,197,197,197,197,197,197,197,197,197,197,197,197,197,197,197,197,197,197,197,197,197,197,197,197,197,197,197,197,197,197,197,190,190,190,190,190,190,190,190,190,190,190,190,190,190,190,178,178,178,178,178,178,178,178,178,178,178,178,178,178,178,178,178,178,178,178,178,178,178,178,178,178,178,178,178,178,178,178,178,178,178,178,178,178,178,178,178,178,178,178,178,178,178,178,178,178,178,178,178,178,178,178,178,178,178,178,178,178,178,178,178,178,178,178
3059,2932,2272,1843,1696,1298,808,807,727,557,557,445,416,392,392,359,339,339,323,302,294,281,281,279,279,279,279,279,258,227,227,227,227,227,227,227,227,227,219,219,219,219,219,219,219,219,219,219,215,215,215,215,215,215,215,215,200,200,200,200,200,200,200,200,200,200,200,200,200,200,200,200,200,200,200,200,200,189,189,189,189,189,189,189,189,189,189,189,189,189,189,189,189,189,189,189,189,189,186,186,186,186,186,186,186,186,186,186,186,186,186,186,186,186,186,186,186,186,186,186,186,186,186,186,186,186,186,186,186,186,186,186,186,186,186,186,186,186,186,186,186,186,186,186,186,186,186,186,184,184,184,184,184,184,184,184,184,184,181,181,181,181,181,181,181,181,181,181,181,181,181,181,181,181,181,181,181,181,181,181,181,181,181,181,181,181,181,181,181,181,181,181,180,180,180,180,180,180,180,180
3908,2594,2296,1710,1350,1233,1058,764,764,666,641,566,471,471,469,400,400,321,286,286,286,285,280,269,253,253,253,253,238,238,238,238,238,238,238,238,238,238,238,238,238,238,238,238,238,238,238,238,238,238,238,238,238,238,238,238,238,238,238,238,238,238,238,238,238,238,238,238,238,238,238,238,234,234,234,234,234,234,223,223,223,223,223,223,223,223,223,223,201,201,201,201,201,201,201,201,201,201,201,201,201,201,201,201,201,201,201,201,201,201,201,201,201,201,201,201,201,201,201,201,201,201,201,201,201,201,201,201,201,201,201,201,201,201,201,201,201,201,201,201,201,201,201,201,201,201,201,201,201,201,201,201,201,201,201,201,201,201,201,201,201,201,201,201,201,201,201,201,201,201,201,201,201,201,201,201,201,201,201,201,201,201,201,201,201,201,201,201,201,201,201,201,201,201,201,201,201,201,201,201
