2.14748e+09,2.14748e+09,2.14748e+09,2.14748e+09,2.14748e+09,2.14748e+09,2.14748e+09,2.14748e+09,2.14748e+09,2.14748e+09,2.14748e+09,2.14748e+09,2.14748e+09,2.14748e+09,2.14748e+09,2.14748e+09,2.14748e+09,2.14748e+09,2.14748e+09,2.14748e+09,2.14748e+09,2.14748e+09,2.14748e+09,2.14748e+09,2.14748e+09,2.14748e+09,2.14748e+09,2.14748e+09,2.14748e+09,2.14748e+09,2.14748e+09,2.14748e+09,2.14748e+09,2.14748e+09,2.14748e+09,2.14748e+09,2.14748e+09,2.14748e+09,2.14748e+09,2.14748e+09,2.14748e+09,2.14748e+09,2.14748e+09,2.14748e+09,2.14748e+09,2.14748e+09,2.14748e+09,2.14748e+09,2.14748e+09,2.14748e+09,2.14748e+09,2.14748e+09,2.14748e+09,2.14748e+09,2.14748e+09,2.14748e+09,2.14748e+09,2.14748e+09,2.14748e+09,2.14748e+09,2.14748e+09,2.14748e+09,2.14748e+09,2.14748e+09,2.14748e+09,2.14748e+09,2.14748e+09,2.14748e+09,2.14748e+09,2.14748e+09,1.75025e+09,1.34945e+09,1.1827e+09,1.01073e+09,9.20767e+08,7.35376e+08,6.15225e+08,5.29451e+08,3.79392e+08,3.65005e+08,2.56937e+08,2.48825e+08,2.1524e+08,1.71586e+08,1.46212e+08,1.37356e+08,1.07494e+08,1.07494e+08,9.99649e+07,7.64787e+07,6.27168e+07,4.70254e+07,3.82674e+07,3.60806e+07,2.93571e+07,2.38853e+07,2.22752e+07,1.8985e+07,1.69969e+07,1.26468e+07,9.61447e+06,9.17973e+06,9.06507e+06,6.98448e+06,4.36666e+06,4.36666e+06,4.14529e+06,2.89054e+06,2.28535e+06,2.04587e+06,1.99588e+06,1.7158e+06,1.33722e+06,1.24213e+06,973525,900599,771633,575422,509249,419730,387642,292399,262371,227622,211294,141759,141759,121358,110945,94726,78176,67231,65347,54629,44865,44865,36479,29634,25423,25423,23115,21312,18746,18011,16743,11045,11045,11045,10937,9319,8811,7624,6294,5683,5683,5527,5005,4567,4567,4359,4164,3693,3631,3612,3440,3383,3262,3177,3008,2956,2923,2923,2849,2797,2637,2610,2537,2461,2461,2461,2405,2378,2356,2294,2273,2237,2237,2231,2206,2149,2121,2089,2087,2083,2015,2010,1963,1929,1906,1883
2.14748e+09,2.14748e+09,2.14748e+09,2.14748e+09,2.14748e+09,2.14748e+09,2.14748e+09,2.14748e+09,2.14748e+09,2.14748e+09,2.14748e+09,2.14748e+09,2.14748e+09,2.14748e+09,2.14748e+09,2.14748e+09,2.14748e+09,2.14748e+09,2.14748e+09,2.14748e+09,2.14748e+09,2.14748e+09,2.14748e+09,2.14748e+09,2.14748e+09,2.14748e+09,2.14748e+09,2.14748e+09,2.14748e+09,2.14748e+09,2.14748e+09,2.14748e+09,2.14748e+09,2.14748e+09,2.14748e+09,2.14748e+09,2.14748e+09,2.14748e+09,2.14748e+09,2.14748e+09,2.14748e+09,2.14748e+09,2.14748e+09,2.14748e+09,2.14748e+09,2.14748e+09,2.14748e+09,2.14748e+09,2.14748e+09,2.14748e+09,2.14748e+09,2.14748e+09,2.14748e+09,2.14748e+09,2.14748e+09,2.14748e+09,2.14748e+09,2.14748e+09,2.14748e+09,2.14748e+09,2.14748e+09,2.14748e+09,2.14748e+09,2.14748e+09,2.14748e+09,2.14748e+09,2.14748e+09,2.14748e+09,2.14748e+09,2.14748e+09,2.14748e+09,2.14748e+09,2.14748e+09,2.14748e+09,2.14748e+09,2.14748e+09,2.14748e+09,2.14748e+09,2.14748e+09,2.14748e+09,2.14748e+09,2.14748e+09,1.56167e+09,1.56167e+09,1.22974e+09,1.03402e+09,1.03402e+09,8.28513e+08,7.9034e+08,6.9946e+08,4.45337e+08,2.44617e+08,2.43748e+08,2.37107e+08,1.99965e+08,1.81775e+08,1.46708e+08,1.2482e+08,1.06969e+08,8.48733e+07,7.19493e+07,7.19493e+07,5.20031e+07,3.99564e+07,3.99564e+07,3.53779e+07,2.62758e+07,2.29635e+07,2.29635e+07,2.08948e+07,1.7006e+07,1.37138e+07,1.06267e+07,9.22363e+06,6.58811e+06,6.13861e+06,4.87326e+06,3.94189e+06,3.94189e+06,3.34224e+06,2.23555e+06,1.8403e+06,1.59762e+06,1.43718e+06,1.19197e+06,915902,915902,812224,657083,567362,437860,391777,338723,233815,227194,154545,122046,122046,118318,95873,92286,65974,60509,46020,35813,35813,34176,30052,23843,20038,17031,14720,13831,11610,11255,10560,9760,8740,8707,8136,7694,7197,7043,6616,6532,5722,5681,5626,5534,5187,5078,4936,4924,4906,4884,4725,4718,4708,4675,4634,4583,4496,4496,4469,4466,4429,4413,4365,4350,4324,4280,4274,4249,4208,4171,4110,4091,4018,4007,3934
2.14748e+09,2.14748e+09,2.14748e+09,2.14748e+09,2.14748e+09,2.14748e+09,2.14748e+09,2.14748e+09,2.14748e+09,2.14748e+09,2.14748e+09,2.14748e+09,2.14748e+09,2.14748e+09,2.14748e+09,2.14748e+09,2.14748e+09,2.14748e+09,2.14748e+09,2.14748e+09,2.14748e+09,2.14748e+09,2.14748e+09,2.14748e+09,2.14748e+09,2.14748e+09,2.14748e+09,2.14748e+09,2.14748e+09,2.14748e+09,2.14748e+09,2.14748e+09,2.14748e+09,2.14748e+09,2.14748e+09,2.14748e+09,2.14748e+09,2.14748e+09,2.14748e+09,2.14748e+09,2.14748e+09,2.14748e+09,2.14748e+09,2.14748e+09,2.14748e+09,2.14748e+09,2.14748e+09,2.14748e+09,2.14748e+09,2.14748e+09,2.14748e+09,2.14748e+09,2.14748e+09,2.14748e+09,2.14748e+09,2.14748e+09,2.14748e+09,2.14748e+09,2.14748e+09,2.14748e+09,2.14748e+09,2.14748e+09,2.14748e+09,2.14748e+09,2.14748e+09,2.14748e+09,2.14748e+09,2.14748e+09,2.14748e+09,2.14748e+09,2.14748e+09,2.14748e+09,2.14748e+09,2.14748e+09,2.14748e+09,2.14748e+09,2.14748e+09,2.14748e+09,2.14748e+09,2.14748e+09,2.14748e+09,2.14748e+09,2.14748e+09,2.14748e+09,2.14748e+09,2.14748e+09,2.14748e+09,2.14748e+09,2.14748e+09,2.14748e+09,2.14748e+09,2.14748e+09,2.14748e+09,2.14748e+09,2.14748e+09,2.14748e+09,2.14748e+09,2.14748e+09,2.14748e+09,2.14748e+09,2.14748e+09,2.14748e+09,2.14748e+09,2.14748e+09,2.14748e+09,2.14748e+09,2.14748e+09,2.14748e+09,2.14748e+09,2.14748e+09,2.14748e+09,2.14748e+09,2.14748e+09,2.14748e+09,2.14748e+09,2.14748e+09,2.14748e+09,2.14748e+09,2.14748e+09,2.14748e+09,2.03637e+09,1.83418e+09,1.70882e+09,1.57563e+09,1.46314e+09,1.30297e+09,1.23292e+09,1.20348e+09,1.05604e+09,9.89749e+08,8.77201e+08,8.22216e+08,7.88782e+08,6.13751e+08,6.07058e+08,5.86087e+08,5.28338e+08,5.17981e+08,4.69459e+08,4.26185e+08,4.26185e+08,3.84531e+08,3.77841e+08,3.34911e+08,3.34911e+08,3.14703e+08,3.069e+08,2.90582e+08,2.72978e+08,2.67544e+08,2.45494e+08,2.33506e+08,2.18077e+08,2.02892e+08,1.9204e+08,1.9204e+08,1.73339e+08,1.60457e+08,1.56673e+08,1.54259e+08,1.45893e+08,1.44645e+08,1.37427e+08,1.31591e+08,1.23624e+08,1.16415e+08,1.12574e+08,1.03738e+08,1.02825e+08,9.80096e+07,9.52776e+07,9.0663e+07,8.74194e+07,8.15519e+07,8.14875e+07,7.65722e+07,7.43459e+07,6.98091e+07,6.78637e+07,6.53716e+07,6.52515e+07,6.19235e+07,6.0492e+07,5.79954e+07,5.55072e+07,5.50273e+07,5.37799e+07,4.90395e+07,4.86674e+07,4.74942e+07,4.64192e+07,4.51667e+07,4.42111e+07,4.30696e+07,4.16624e+07,3.90784e+07,3.90784e+07,3.87501e+07,3.84564e+07,3.74768e+07
2.14748e+09,2.14748e+09,2.14748e+09,2.14748e+09,2.14748e+09,2.14748e+09,2.14748e+09,2.14748e+09,2.14748e+09,2.14748e+09,2.14748e+09,2.14748e+09,2.14748e+09,2.14748e+09,2.14748e+09,2.14748e+09,2.14748e+09,2.14748e+09,2.14748e+09,2.14748e+09,2.14748e+09,2.14748e+09,2.14748e+09,2.14748e+09,2.14748e+09,2.14748e+09,2.14748e+09,2.14748e+09,2.14748e+09,2.14748e+09,2.14748e+09,2.14748e+09,2.14748e+09,2.14748e+09,2.14748e+09,2.14748e+09,2.14748e+09,2.14748e+09,2.14748e+09,2.14748e+09,2.14748e+09,2.14748e+09,2.14748e+09,2.14748e+09,1.80835e+09,1.29518e+09,1.29518e+09,9.5285e+08,9.5285e+08,9.09881e+08,6.25575e+08,6.25575e+08,3.51403e+08,2.47065e+08,2.47065e+08,2.1749e+08,1.57651e+08,1.57651e+08,1.21715e+08,9.73559e+07,8.09507e+07,5.93344e+07,4.03746e+07,4.03746e+07,3.72258e+07,2.98283e+07,1.69824e+07,1.47605e+07,1.46667e+07,1.09861e+07,8.58795e+06,8.23993e+06,4.48806e+06,3.16761e+06,2.78525e+06,2.09232e+06,2.09232e+06,2.09232e+06,1.53893e+06,1.03752e+06,989801,818965,557308,557308,419425,366992,324309,324309,250141,186005,177447,140940,112411,89912,89912,72769,63773,63389,45446,41047,34852,23013,23013,21699,19746,16652,16091,12701,10093,10093,8136,7166,7166,7166,6657,6383,6095,5595,5549,4895,4872,4872,4766,4195,4195,4195,4064,3913,3810,3633,3446,3446,3426,3347,3321,3205,3205,3205,3188,3082,3058,2920,2920,2841,2731,2622,2622,2500,2468,2459,2366,2301,2210,2025,2025,1871,1827,1701,1569,1373,1373,1117,1117,1117,984,904,649,614,411,293,262,257,236,236,206,206,205,205,198,195,195,195,185,185,184,184,171,163,162,162,158,153,153,146,146,141,134,134,132,131
2.14748e+09,2.14748e+09,2.14748e+09,2.14748e+09,2.14748e+09,2.14748e+09,2.14748e+09,2.14748e+09,2.14748e+09,2.14748e+09,2.14748e+09,2.14748e+09,2.14748e+09,2.14748e+09,2.14748e+09,2.14748e+09,2.14748e+09,2.14748e+09,2.14748e+09,2.14748e+09,2.14748e+09,2.14748e+09,2.14748e+09,2.14748e+09,2.14748e+09,2.14748e+09,2.14748e+09,2.14748e+09,2.14748e+09,2.14748e+09,2.14748e+09,2.14748e+09,2.14748e+09,2.14748e+09,2.14748e+09,2.14748e+09,2.14748e+09,2.14748e+09,2.14748e+09,2.14748e+09,2.14748e+09,2.14748e+09,2.14748e+09,2.14748e+09,2.14748e+09,2.14748e+09,2.14748e+09,2.14748e+09,2.14748e+09,2.14748e+09,2.14748e+09,2.14748e+09,2.14748e+09,2.14748e+09,2.07239e+09,1.31983e+09,8.77035e+08,8.77035e+08,8.77035e+08,7.90097e+08,5.71212e+08,5.20867e+08,4.00018e+08,3.06123e+08,2.62003e+08,1.99929e+08,1.99929e+08,1.19799e+08,1.13657e+08,6.29347e+07,6.29347e+07,5.0484e+07,4.56159e+07,3.31566e+07,2.67609e+07,2.37214e+07,1.53532e+07,1.16039e+07,1.16039e+07,1.16039e+07,9.94057e+06,7.37019e+06,5.66855e+06,4.27256e+06,4.27256e+06,3.20153e+06,3.01507e+06,2.75833e+06,1.76475e+06,1.70435e+06,1.5753e+06,1.0738e+06,1.04385e+06,1.04385e+06,822368,712708,684432,585804,585804,498373,498373,491523,438934,371469,336355,297027,261922,250813,199029,161269,121164,90381,60847,52288,44329,40865,34827,29403,25321,24008,17684,16474,15090,13143,8875,8364,5356,5356,5289,4574,4351,4198,3683,2872,2315,2284,2110,1710,1349,1349,1192,1157,1027,949,842,810,696,617,612,524,489,459,409,394,378,378,326,280,254,254,254,244,231,214,212,203,187,180,179,172,162,156,149,143,142,140,138,130,129,124,123,120,117,116,107,107,106,103,101,100,99,98,96,96,94,93,93,91,91,89
2.14748e+09,2.14748e+09,2.14748e+09,2.14748e+09,2.14748e+09,2.14748e+09,2.14748e+09,2.14748e+09,2.14748e+09,2.14748e+09,2.14748e+09,2.14748e+09,2.14748e+09,2.14748e+09,2.14748e+09,2.14748e+09,2.14748e+09,2.14748e+09,2.14748e+09,2.14748e+09,2.14748e+09,2.14748e+09,2.14748e+09,2.14748e+09,2.14748e+09,2.14748e+09,2.14748e+09,2.14748e+09,2.14748e+09,2.14748e+09,2.13497e+09,2.09128e+09,9.81413e+08,8.41379e+08,4.98553e+08,4.98553e+08,4.65342e+08,3.55612e+08,3.53144e+08,2.11818e+08,8.72062e+07,5.12928e+07,4.89577e+07,4.89577e+07,4.89577e+07,4.89577e+07,3.39842e+07,2.07713e+07,1.25827e+07,1.12659e+07,8.88628e+06,7.97153e+06,7.97153e+06,5.85595e+06,4.12983e+06,4.0357e+06,2.178e+06,1.93196e+06,1.83275e+06,829543,797264,732076,626650,626650,565375,565375,514163,459479,459479,327536,327536,327536,308005,246031,217107,171943,115313,79297,32428,21250,17392,12553,12553,5869,5869,5869,3991,3831,3031,2762,2073,1626,1059,976,976,976,967,818,660,454,374,373,348,332,308,246,231,170,170,170,139,139,129,124,109,90,90,90,78,78,78,66,56,54,50,48,46,45,44,41,38,38,38,36,34,33,33,33,31,31,31,30,30,30,29,29,29,29,29,29,29,29,29,29,29,29,29,29,29,29,29,29,29,29,29,28,28,28,28,28,28,28,28,28,28,28,28,28,28,28,28,28,28,28,28,28,28,28,28,28,28,28,28,28,28,28,28,28,28,28
2.14748e+09,2.14748e+09,2.14748e+09,2.14748e+09,2.14748e+09,2.14748e+09,2.14748e+09,2.14748e+09,2.14748e+09,2.14748e+09,2.14748e+09,2.14748e+09,2.14748e+09,2.14748e+09,2.14748e+09,2.14748e+09,2.14748e+09,2.14748e+09,2.14748e+09,2.14748e+09,2.14748e+09,2.14748e+09,2.14748e+09,2.14748e+09,2.14748e+09,2.14748e+09,2.14748e+09,2.14748e+09,2.14748e+09,2.14748e+09,2.14748e+09,2.14748e+09,2.14748e+09,2.14748e+09,2.14748e+09,2.14748e+09,2.14748e+09,2.14748e+09,2.14748e+09,2.14748e+09,2.14748e+09,2.14748e+09,2.14748e+09,2.14748e+09,2.14748e+09,2.14748e+09,2.14748e+09,2.14748e+09,2.14748e+09,2.14748e+09,2.14748e+09,2.14748e+09,2.14748e+09,2.14748e+09,2.14748e+09,2.14748e+09,2.14748e+09,2.14748e+09,2.14748e+09,2.14748e+09,2.14748e+09,2.14748e+09,2.14748e+09,2.14748e+09,2.14748e+09,2.14748e+09,2.14748e+09,2.14748e+09,2.14748e+09,2.14748e+09,2.14748e+09,2.14748e+09,2.14748e+09,2.14748e+09,2.14748e+09,2.14748e+09,2.14748e+09,2.14748e+09,2.14748e+09,2.14748e+09,2.14748e+09,2.14748e+09,2.14748e+09,2.14748e+09,2.14748e+09,2.14748e+09,2.14748e+09,2.14748e+09,2.14748e+09,2.14748e+09,2.14748e+09,2.14748e+09,2.14748e+09,2.14748e+09,2.14748e+09,2.14748e+09,2.14748e+09,2.14748e+09,2.14748e+09,2.14748e+09,2.14748e+09,2.14748e+09,2.14748e+09,2.14748e+09,2.14748e+09,2.14748e+09,2.14748e+09,2.14748e+09,2.14748e+09,2.14748e+09,2.14748e+09,2.14748e+09,2.14748e+09,2.14748e+09,2.14748e+09,2.14748e+09,1.80823e+09,1.66139e+09,1.49174e+09,1.28245e+09,1.13739e+09,1.13739e+09,9.3245e+08,8.58062e+08,7.6989e+08,6.86001e+08,6.48774e+08,6.36945e+08,5.95513e+08,4.99915e+08,4.47915e+08,4.03497e+08,3.15805e+08,2.731e+08,2.61853e+08,2.32009e+08,2.04724e+08,1.98884e+08,1.81149e+08,1.57841e+08,1.33754e+08,1.33754e+08,1.16843e+08,1.06599e+08,9.14322e+07,8.38321e+07,7.4755e+07,6.17561e+07,6.1468e+07,4.52725e+07,4.4453e+07,4.09657e+07,3.53556e+07,3.32981e+07,2.99375e+07,2.71629e+07,2.61912e+07,2.60464e+07,2.14121e+07,2.14121e+07,2.04798e+07,1.82724e+07,1.67453e+07,1.49847e+07,1.40027e+07,1.33471e+07,1.11303e+07,1.05047e+07,8.87052e+06,8.64448e+06,7.43438e+06,6.61736e+06,6.28938e+06,6.28938e+06,6.15431e+06,5.88148e+06,5.41918e+06,5.38057e+06,5.00579e+06,4.45357e+06,4.37586e+06,4.03328e+06,3.56786e+06,3.4328e+06,3.09735e+06,2.8849e+06,2.59723e+06,2.59723e+06,2.50556e+06,2.32677e+06,2.02366e+06,1.95406e+06,1.77054e+06,1.67943e+06,1.50837e+06,1.43563e+06,1.25906e+06,1.1886e+06,1.13251e+06,1.08507e+06
2.14748e+09,2.14748e+09,2.14748e+09,2.14748e+09,2.14748e+09,2.14748e+09,2.14748e+09,2.14748e+09,2.14748e+09,2.14748e+09,2.14748e+09,2.14748e+09,2.14748e+09,2.14748e+09,2.14748e+09,2.14748e+09,2.14748e+09,2.14748e+09,2.14748e+09,2.14748e+09,2.14748e+09,2.14748e+09,2.14748e+09,2.14748e+09,2.14748e+09,2.14748e+09,2.14748e+09,2.14748e+09,2.14748e+09,2.14748e+09,2.14748e+09,2.14748e+09,2.14748e+09,2.14748e+09,2.14748e+09,2.14748e+09,2.14748e+09,2.14748e+09,2.14748e+09,2.14748e+09,2.14748e+09,2.14748e+09,2.14748e+09,2.14748e+09,2.14748e+09,2.14748e+09,2.14748e+09,2.14748e+09,2.14748e+09,2.14748e+09,2.14748e+09,2.14748e+09,2.14748e+09,2.14748e+09,2.14748e+09,2.14748e+09,2.14748e+09,2.14748e+09,2.14748e+09,2.14748e+09,2.14748e+09,2.14748e+09,2.14748e+09,2.14748e+09,2.14748e+09,2.14748e+09,2.14748e+09,2.14748e+09,2.14748e+09,2.14748e+09,2.14748e+09,2.14748e+09,2.14748e+09,2.14748e+09,2.14748e+09,2.14748e+09,2.14748e+09,2.14748e+09,2.14748e+09,2.14748e+09,2.14748e+09,2.14748e+09,2.14748e+09,2.14748e+09,2.14748e+09,2.14748e+09,2.14748e+09,2.14748e+09,2.14748e+09,2.14748e+09,2.14748e+09,2.14748e+09,2.14748e+09,2.14748e+09,2.14748e+09,2.14748e+09,2.14748e+09,2.14748e+09,2.14748e+09,2.14748e+09,2.14748e+09,2.14748e+09,2.14748e+09,2.14748e+09,2.14748e+09,2.14748e+09,2.14748e+09,2.14748e+09,2.14748e+09,2.14748e+09,2.14748e+09,2.14748e+09,2.14748e+09,2.14748e+09,2.14748e+09,2.14748e+09,2.14748e+09,2.14748e+09,2.14748e+09,2.14748e+09,2.14748e+09,2.14748e+09,2.14748e+09,2.14748e+09,2.14748e+09,2.14748e+09,2.14748e+09,2.14748e+09,2.14748e+09,2.14748e+09,2.14748e+09,2.14748e+09,2.14748e+09,2.14748e+09,2.14748e+09,2.14748e+09,2.14748e+09,2.14748e+09,2.14748e+09,2.14748e+09,2.14748e+09,2.14748e+09,2.14748e+09,2.14748e+09,2.14748e+09,2.14748e+09,2.14748e+09,2.14748e+09,2.14748e+09,2.14748e+09,2.14748e+09,2.14748e+09,2.14748e+09,2.14748e+09,2.14748e+09,2.14748e+09,2.14748e+09,2.14748e+09,2.14748e+09,2.14748e+09,2.14748e+09,2.14748e+09,2.14748e+09,2.14748e+09,2.14748e+09,2.14748e+09,2.14748e+09,2.14748e+09,2.14748e+09,2.14748e+09,2.14748e+09,2.14748e+09,2.14748e+09,2.08496e+09,1.86667e+09,1.86667e+09,1.64285e+09,1.41893e+09,1.29255e+09,1.20435e+09,1.07821e+09,9.98482e+08,9.53234e+08,8.58517e+08,7.82245e+08,7.53988e+08,6.76483e+08,5.87779e+08,5.33343e+08,4.95279e+08,4.60822e+08,4.1416e+08,3.71232e+08,3.3652e+08,3.25025e+08,2.90571e+08,2.90051e+08,2.62225e+08,2.46251e+08,2.28271e+08
2.14748e+09,2.14748e+09,2.14748e+09,2.14748e+09,2.14748e+09,2.14748e+09,2.14748e+09,2.14748e+09,2.14748e+09,2.14748e+09,2.14748e+09,2.14748e+09,2.14748e+09,2.14748e+09,2.14748e+09,2.14748e+09,2.14748e+09,2.14748e+09,2.14748e+09,2.14748e+09,2.14748e+09,2.14748e+09,2.14748e+09,2.14748e+09,2.14748e+09,2.14748e+09,2.14748e+09,2.14748e+09,2.14748e+09,2.14748e+09,2.14748e+09,2.14748e+09,2.14748e+09,2.14748e+09,2.14748e+09,2.14748e+09,2.14748e+09,2.14748e+09,2.14748e+09,2.14748e+09,2.14748e+09,2.14748e+09,2.14748e+09,2.14748e+09,2.14748e+09,2.14748e+09,2.14748e+09,2.14748e+09,2.14748e+09,2.14748e+09,2.14748e+09,2.14748e+09,2.14748e+09,2.14748e+09,2.14748e+09,2.14748e+09,2.14748e+09,2.14748e+09,2.14748e+09,2.14748e+09,2.14748e+09,2.14748e+09,2.14748e+09,1.97549e+09,1.97549e+09,1.89458e+09,1.53369e+09,1.53369e+09,1.42287e+09,1.26265e+09,1.14313e+09,1.0028e+09,8.36413e+08,7.78134e+08,7.5812e+08,7.01678e+08,6.2047e+08,5.57903e+08,5.03265e+08,4.30001e+08,3.45499e+08,3.36957e+08,2.99422e+08,2.15548e+08,1.99691e+08,1.92759e+08,1.74456e+08,1.53468e+08,1.34238e+08,1.22541e+08,1.08541e+08,8.91569e+07,8.43916e+07,6.79231e+07,4.7692e+07,4.64639e+07,4.31244e+07,3.63401e+07,2.93508e+07,2.49011e+07,2.26701e+07,1.73057e+07,1.59294e+07,1.28891e+07,1.28891e+07,1.06932e+07,9.01698e+06,8.79739e+06,8.79739e+06,6.9935e+06,6.73563e+06,5.76434e+06,5.30298e+06,4.6481e+06,4.50644e+06,4.14119e+06,3.56809e+06,3.26193e+06,2.81643e+06,2.77004e+06,2.27022e+06,2.21126e+06,2.00953e+06,1.87281e+06,1.71014e+06,1.45132e+06,1.24243e+06,1.20549e+06,1.15467e+06,992879,950182,860453,844807,804483,713721,696665,683798,596960,569989,475663,447920,368234,326818,295854,245303,224937,205052,186928,177695,159432,141515,140252,134722,99402,94783,90890,82349,78794,66109,64693,58138,52224,48733,46878,43621,40854,35570,35570,33716,29414,24980,23427,21979,21536,18244,17691,16433,16239,15102,14206,12994,12968,11906,11042,10630,10298,9527,8566,7929,7474,7469,7128,6663,6384,6184,5515,5368,5038,5038,4901
2.14748e+09,2.14748e+09,2.14748e+09,2.14748e+09,2.14748e+09,2.14748e+09,2.14748e+09,2.14748e+09,2.14748e+09,2.14748e+09,2.14748e+09,2.14748e+09,2.14748e+09,2.14748e+09,2.14748e+09,2.14748e+09,2.14748e+09,2.14748e+09,2.14748e+09,2.14748e+09,2.14748e+09,2.14748e+09,2.14748e+09,2.14748e+09,2.14748e+09,2.14748e+09,2.14748e+09,2.14748e+09,2.14748e+09,2.14748e+09,2.14748e+09,2.14748e+09,2.14748e+09,2.14748e+09,2.14748e+09,2.14748e+09,2.14748e+09,2.14748e+09,2.14748e+09,2.14748e+09,2.14748e+09,2.12598e+09,1.29784e+09,1.29784e+09,9.02918e+08,5.44344e+08,4.82946e+08,4.06826e+08,2.7951e+08,2.7951e+08,2.7951e+08,2.39375e+08,1.61348e+08,1.25702e+08,9.47667e+07,9.47667e+07,4.6461e+07,4.6461e+07,2.89869e+07,2.20291e+07,1.74895e+07,1.45319e+07,1.32252e+07,1.24105e+07,7.44147e+06,7.03727e+06,6.38498e+06,3.39709e+06,3.09196e+06,2.18236e+06,1.72721e+06,1.44535e+06,893532,624185,624185,351905,351905,351905,314388,134179,134179,111717,79261,79261,64643,58610,37941,34266,20037,20037,20037,16972,16802,15105,13355,11798,11798,9306,9306,8823,8330,7273,7273,6796,6788,5732,5732,5732,5732,5732,5483,5418,5418,5307,5307,5296,5207,5052,5052,4962,4839,4820,4734,4734,4648,4632,4506,4481,4444,4401,4396,4270,4270,4235,4142,4130,4096,4027,3973,3906,3835,3779,3671,3604,3506,3506,3457,3379,3251,3238,3100,3057,2935,2831,2678,2552,2432,2316,2316,1944,1944,1747,1747,1486,1438,1204,1053,809,809,809,693,385,300,300,214,173,145,145,145,121,121,121,119,119,117,117,117,117,116,112,110,109,109,106,104,104,103,102,101,100
2.14748e+09,2.14748e+09,2.14748e+09,2.14748e+09,2.14748e+09,2.14748e+09,2.14748e+09,2.14748e+09,2.14748e+09,2.14748e+09,2.14748e+09,2.14748e+09,2.14748e+09,2.14748e+09,2.14748e+09,2.14748e+09,2.14748e+09,2.14748e+09,2.14748e+09,2.14748e+09,2.14748e+09,2.14748e+09,2.14748e+09,2.14748e+09,2.14748e+09,2.14748e+09,2.14748e+09,2.14748e+09,2.14748e+09,2.14748e+09,2.14748e+09,2.14748e+09,2.14748e+09,1.65719e+09,1.65719e+09,1.5485e+09,6.81805e+08,6.81805e+08,4.07789e+08,4.07789e+08,3.10438e+08,3.09811e+08,2.45136e+08,1.25789e+08,1.18718e+08,8.46566e+07,6.11863e+07,5.5723e+07,3.02834e+07,2.09842e+07,2.09842e+07,1.92096e+07,7.83469e+06,7.82876e+06,7.82876e+06,7.82876e+06,4.52763e+06,4.52763e+06,4.10537e+06,3.11857e+06,2.97345e+06,2.07392e+06,1.6186e+06,1.37367e+06,1.30256e+06,672228,672228,584308,514073,341344,341344,334431,302381,233651,203636,166225,140498,126263,86320,76710,52018,39542,29079,14591,14591,10500,9339,6130,6130,3913,3905,3288,1955,1955,1518,1247,980,980,929,848,693,528,377,377,311,311,281,239,229,229,222,190,133,133,133,132,97,94,80,80,66,53,50,50,50,49,39,39,39,39,35,35,35,33,32,32,32,31,29,29,29,27,27,27,27,27,27,27,27,27,26,26,26,25,25,25,25,25,25,25,25,25,25,25,25,25,25,25,25,25,25,25,25,25,25,25,25,25,25,25,25,25,25,25,25,25,25,25,25,25,25,25,25,25,25,25,25,25,25,25
2.14748e+09,2.14748e+09,2.14748e+09,2.14748e+09,2.14748e+09,2.14748e+09,2.14748e+09,2.14748e+09,2.14748e+09,2.14748e+09,2.14748e+09,2.14748e+09,2.14748e+09,2.14748e+09,2.14748e+09,2.14748e+09,2.14748e+09,2.14748e+09,2.14748e+09,2.14748e+09,2.14748e+09,2.14748e+09,2.14748e+09,2.14748e+09,2.14748e+09,2.14748e+09,2.14748e+09,2.14748e+09,2.14748e+09,2.14748e+09,2.14748e+09,2.14748e+09,2.14748e+09,2.14748e+09,2.14748e+09,2.14748e+09,2.14748e+09,2.14748e+09,2.14748e+09,2.14748e+09,2.14748e+09,2.14748e+09,2.14748e+09,2.14748e+09,2.14748e+09,2.14748e+09,2.14748e+09,2.14748e+09,2.14748e+09,2.14748e+09,2.14748e+09,2.14748e+09,2.14748e+09,2.14748e+09,2.14748e+09,2.14748e+09,2.14748e+09,2.14748e+09,2.14748e+09,2.14748e+09,2.14748e+09,2.14748e+09,2.14748e+09,2.14748e+09,2.14748e+09,2.14748e+09,2.14748e+09,2.14748e+09,2.14748e+09,2.14748e+09,2.14748e+09,2.14748e+09,2.14748e+09,2.14748e+09,2.14748e+09,2.14748e+09,2.14748e+09,2.14748e+09,2.14748e+09,2.14748e+09,2.14748e+09,2.14748e+09,2.14748e+09,2.14748e+09,2.14748e+09,2.14748e+09,2.14748e+09,2.14748e+09,2.14748e+09,2.14748e+09,2.14748e+09,2.14748e+09,2.14748e+09,2.14748e+09,2.14748e+09,2.14748e+09,2.14748e+09,2.14748e+09,2.14748e+09,2.14748e+09,1.73869e+09,1.73869e+09,1.29034e+09,1.28488e+09,9.72728e+08,8.93829e+08,8.93829e+08,7.35621e+08,6.74286e+08,5.52591e+08,5.00979e+08,4.36941e+08,3.3858e+08,3.27194e+08,3.24027e+08,2.60502e+08,2.39989e+08,1.85524e+08,1.68337e+08,1.62646e+08,1.14588e+08,1.1084e+08,9.09823e+07,8.40027e+07,6.33723e+07,5.57689e+07,4.1535e+07,3.72084e+07,2.78729e+07,2.69921e+07,2.53175e+07,1.70246e+07,1.64663e+07,1.64663e+07,1.25063e+07,1.22515e+07,1.1126e+07,1.08085e+07,9.1669e+06,7.17778e+06,6.25197e+06,4.93668e+06,4.76086e+06,4.4876e+06,3.87761e+06,3.46363e+06,2.97494e+06,2.64842e+06,2.39289e+06,1.71498e+06,1.512e+06,1.38957e+06,1.06769e+06,1.00541e+06,831467,831467,732083,641799,641799,586788,544896,539832,535351,506802,447932,410664,403335,358000,306294,298970,276801,259327,241783,198575,181942,128586,82334,67768,60632,44101,44101,38834,33473,32015,26437,25103,19815,16316,15240,14576,11867,11734,9910,7234,6898,6187,6187,5981,5600,4654
2.14748e+09,2.14748e+09,2.14748e+09,2.14748e+09,2.14748e+09,2.14748e+09,2.14748e+09,2.14748e+09,2.14748e+09,2.14748e+09,2.14748e+09,2.14748e+09,2.14748e+09,2.14748e+09,2.14748e+09,2.14748e+09,2.14748e+09,2.14748e+09,2.14748e+09,2.14748e+09,2.14748e+09,2.14748e+09,2.14748e+09,2.14748e+09,2.14748e+09,2.14748e+09,2.14748e+09,2.14748e+09,2.14748e+09,2.14748e+09,2.14748e+09,2.14748e+09,2.14748e+09,2.14748e+09,2.14748e+09,2.14748e+09,2.14748e+09,2.14748e+09,2.14748e+09,2.14748e+09,2.14748e+09,2.14748e+09,2.14748e+09,2.14748e+09,2.14748e+09,2.14748e+09,2.14748e+09,2.14748e+09,2.14748e+09,2.14748e+09,2.14748e+09,2.14748e+09,2.14748e+09,2.14748e+09,2.14748e+09,2.14748e+09,2.14748e+09,2.14748e+09,2.14748e+09,2.14748e+09,2.14748e+09,2.14748e+09,2.14748e+09,2.14748e+09,2.14748e+09,2.14748e+09,2.14748e+09,2.14748e+09,2.14748e+09,2.14748e+09,2.14748e+09,2.14748e+09,2.14748e+09,2.14748e+09,2.14748e+09,2.14748e+09,2.14748e+09,2.14748e+09,2.14748e+09,2.14748e+09,1.41525e+09,1.41525e+09,1.27105e+09,1.16466e+09,9.97514e+08,8.70317e+08,7.93845e+08,7.50441e+08,5.38403e+08,5.00582e+08,4.73611e+08,3.69347e+08,3.21595e+08,2.98954e+08,2.79859e+08,1.68836e+08,1.51463e+08,1.22191e+08,1.17519e+08,8.62848e+07,7.76278e+07,6.32695e+07,6.32695e+07,5.52468e+07,3.45643e+07,3.02552e+07,2.89982e+07,2.6588e+07,2.05079e+07,1.85296e+07,1.59823e+07,1.16208e+07,1.16208e+07,1.00357e+07,1.00011e+07,8.83033e+06,5.7132e+06,5.1354e+06,3.49504e+06,3.49504e+06,2.87334e+06,2.87334e+06,2.87334e+06,2.05299e+06,1.93188e+06,1.69964e+06,1.53387e+06,1.24467e+06,1.11627e+06,818541,642253,642253,625977,602650,515499,467612,418699,367125,340276,298438,268867,247482,208352,174664,174664,133302,119040,106983,106983,89553,83557,72737,67644,67644,63121,54545,45531,43813,41396,39533,35287,29524,27380,22940,20030,20030,19082,17595,16007,15231,13632,12531,11203,10833,9614,9036,8143,7767,5914,5914,5779,5280,4797,4770,4495,4395,3937,3516,3377,3053,3053,2919,2411,2411,2113,2113,2011,1787,1712,1573
2.14748e+09,2.14748e+09,2.14748e+09,2.14748e+09,2.14748e+09,2.14748e+09,2.14748e+09,2.14748e+09,2.14748e+09,2.14748e+09,2.14748e+09,2.14748e+09,2.14748e+09,2.14748e+09,2.14748e+09,2.14748e+09,2.14748e+09,2.14748e+09,2.14748e+09,2.14748e+09,2.14748e+09,2.14748e+09,2.14748e+09,2.14748e+09,2.14748e+09,2.14748e+09,2.14748e+09,2.14748e+09,2.14748e+09,2.14748e+09,2.14748e+09,2.14748e+09,2.14748e+09,2.14748e+09,2.14748e+09,2.14748e+09,2.14748e+09,2.14748e+09,2.14748e+09,2.14748e+09,2.14748e+09,2.14748e+09,2.14748e+09,2.14748e+09,2.14748e+09,2.14748e+09,2.14748e+09,2.14748e+09,2.14748e+09,2.14748e+09,2.14748e+09,2.14748e+09,2.14748e+09,2.14748e+09,2.14748e+09,2.14748e+09,2.14748e+09,2.14748e+09,2.14748e+09,2.14748e+09,2.14748e+09,2.14748e+09,2.14748e+09,2.14748e+09,2.14748e+09,1.83921e+09,1.83921e+09,1.60248e+09,1.55329e+09,1.30313e+09,1.14217e+09,6.92889e+08,6.92889e+08,5.73776e+08,5.73776e+08,3.97556e+08,3.21401e+08,2.93803e+08,2.8265e+08,2.12285e+08,2.12285e+08,1.98004e+08,1.76534e+08,1.57963e+08,1.32631e+08,1.20927e+08,9.6769e+07,8.15127e+07,7.64994e+07,6.66107e+07,5.09264e+07,4.18924e+07,3.70929e+07,3.51142e+07,3.42502e+07,3.02454e+07,2.70394e+07,2.03694e+07,1.77311e+07,1.47059e+07,1.33296e+07,1.12804e+07,1.02649e+07,8.49506e+06,7.41428e+06,5.35548e+06,4.32004e+06,3.88413e+06,3.34039e+06,2.97173e+06,2.94479e+06,2.52121e+06,2.31383e+06,1.71133e+06,1.6331e+06,1.48677e+06,1.05631e+06,905372,862021,800184,800184,619232,474647,378331,377832,292107,266091,217120,200966,172306,130302,130302,111542,85186,61375,58768,58768,39777,30477,28813,28813,25674,17813,16730,16730,12955,11624,10275,9613,8951,6553,6510,5788,4082,3685,3463,2941,2688,2065,2047,1818,1818,1565,1565,1368,1228,1093,1093,1093,1032,1003,966,873,855,855,817,756,756,726,698,647,641,631,597,590,559,548,548,543,521,510,508,500,500,483,483,482,470,470,467
2.14748e+09,2.14748e+09,2.14748e+09,2.14748e+09,2.14748e+09,2.14748e+09,2.14748e+09,2.14748e+09,2.14748e+09,2.14748e+09,2.14748e+09,2.14748e+09,2.14748e+09,2.14748e+09,2.14748e+09,2.14748e+09,2.14748e+09,2.14748e+09,2.14748e+09,2.14748e+09,2.14748e+09,2.14748e+09,2.14748e+09,2.14748e+09,2.14748e+09,2.14748e+09,2.14748e+09,2.14748e+09,2.14748e+09,2.14748e+09,2.14748e+09,2.14748e+09,2.14748e+09,2.14748e+09,2.14748e+09,2.14748e+09,2.14748e+09,2.14748e+09,2.14748e+09,2.14748e+09,2.14748e+09,2.14748e+09,2.14748e+09,2.14748e+09,2.14748e+09,2.14748e+09,2.14748e+09,2.14748e+09,2.14748e+09,2.14748e+09,2.14748e+09,2.14748e+09,2.14748e+09,2.14748e+09,2.14748e+09,2.14748e+09,2.14748e+09,2.14748e+09,2.14748e+09,2.14748e+09,2.14748e+09,2.14748e+09,2.14748e+09,2.14748e+09,2.14748e+09,2.14748e+09,2.14748e+09,2.14748e+09,2.14748e+09,2.14748e+09,2.14748e+09,2.14748e+09,2.14748e+09,2.14748e+09,2.14748e+09,2.14748e+09,2.14748e+09,2.14748e+09,2.14748e+09,2.14748e+09,2.14748e+09,2.14748e+09,2.14748e+09,2.14748e+09,2.14748e+09,2.14748e+09,2.14748e+09,2.14748e+09,2.14748e+09,2.14748e+09,2.14748e+09,2.14748e+09,2.14748e+09,2.14748e+09,2.14748e+09,2.14748e+09,2.14748e+09,2.14748e+09,2.14748e+09,2.14748e+09,2.14748e+09,2.14748e+09,2.14748e+09,2.14748e+09,2.14748e+09,2.14748e+09,2.14748e+09,2.14748e+09,2.14748e+09,2.14748e+09,2.14748e+09,2.14748e+09,2.14748e+09,2.14748e+09,2.14748e+09,2.14748e+09,2.14748e+09,2.14748e+09,2.14748e+09,2.14748e+09,2.14748e+09,2.14748e+09,2.14748e+09,2.14748e+09,2.14748e+09,2.14748e+09,2.14748e+09,2.14748e+09,2.14748e+09,2.14748e+09,2.14748e+09,2.14748e+09,2.14748e+09,2.14748e+09,2.14748e+09,2.14748e+09,2.14748e+09,2.14748e+09,2.14748e+09,2.14748e+09,2.14748e+09,2.14748e+09,2.14748e+09,2.14748e+09,2.14748e+09,2.14748e+09,2.14748e+09,2.14748e+09,2.14748e+09,2.14748e+09,2.14748e+09,2.14748e+09,2.14748e+09,2.14748e+09,2.14748e+09,2.14748e+09,2.14748e+09,2.14748e+09,2.14748e+09,2.14748e+09,2.14748e+09,2.14748e+09,2.14748e+09,2.14748e+09,2.14748e+09,2.14748e+09,2.14748e+09,2.14748e+09,2.14748e+09,2.14748e+09,2.14748e+09,2.14748e+09,2.14748e+09,2.14748e+09,2.14748e+09,2.14748e+09,2.14748e+09,2.14748e+09,2.14748e+09,2.14748e+09,2.14748e+09,2.14748e+09,2.04763e+09,2.04763e+09,1.79896e+09,1.79896e+09,1.65176e+09,1.38763e+09,1.383e+09,1.37028e+09,1.29463e+09,1.21485e+09,1.16554e+09,1.09882e+09,1.05134e+09,9.78889e+08,9.62405e+08,8.35681e+08,8.29483e+08,7.58991e+08
2.14748e+09,2.14748e+09,2.14748e+09,2.14748e+09,2.14748e+09,2.14748e+09,2.14748e+09,2.14748e+09,2.14748e+09,2.14748e+09,2.14748e+09,2.14748e+09,2.14748e+09,2.14748e+09,2.14748e+09,2.14748e+09,2.14748e+09,2.14748e+09,2.14748e+09,2.14748e+09,2.14748e+09,2.14748e+09,2.14748e+09,2.14748e+09,2.14748e+09,2.14748e+09,2.14748e+09,2.14748e+09,2.14748e+09,2.14748e+09,2.14748e+09,2.14748e+09,2.14748e+09,2.14748e+09,2.14748e+09,2.14748e+09,2.14748e+09,2.14748e+09,2.14748e+09,2.14748e+09,2.14748e+09,2.14748e+09,2.14748e+09,2.14748e+09,2.14748e+09,2.14748e+09,2.14748e+09,2.14748e+09,2.14748e+09,2.14748e+09,2.14748e+09,2.14748e+09,2.14748e+09,2.14748e+09,2.14748e+09,2.14748e+09,2.14748e+09,2.14748e+09,2.14748e+09,2.14748e+09,2.14748e+09,2.14748e+09,2.14748e+09,2.14748e+09,2.14748e+09,2.14748e+09,2.14748e+09,2.14748e+09,2.12142e+09,2.11373e+09,1.8939e+09,1.56733e+09,1.44241e+09,8.24227e+08,7.52394e+08,6.64375e+08,5.30423e+08,4.43162e+08,4.43162e+08,4.43162e+08,2.84333e+08,2.43386e+08,2.26388e+08,2.13996e+08,1.77545e+08,1.56601e+08,1.43935e+08,1.38644e+08,1.07175e+08,8.59228e+07,6.17941e+07,6.17941e+07,5.79076e+07,4.8322e+07,4.59189e+07,3.01313e+07,2.94859e+07,2.91218e+07,2.42104e+07,1.81965e+07,1.68368e+07,1.60205e+07,1.51857e+07,1.25873e+07,1.25873e+07,1.10238e+07,7.92019e+06,7.39404e+06,6.90432e+06,6.29367e+06,5.83339e+06,4.88275e+06,3.46969e+06,3.46969e+06,3.16681e+06,2.95709e+06,2.52988e+06,2.22116e+06,1.99736e+06,1.82376e+06,1.60436e+06,1.39679e+06,1.26191e+06,946498,872112,845016,671842,637663,609271,534507,454065,392786,371583,358954,329783,304305,259168,218674,202430,165616,155399,128294,128294,120812,100187,89879,81022,69306,55449,50816,50816,46216,46216,41846,37973,33069,30550,28576,25122,23169,21905,19986,18710,16920,16138,13978,13128,12862,11554,10420,9982,8885,8722,8276,7766,7348,6824,6362,6357,5905,5415,5101,5032,4899,4712,4488,3882,3812,3680,3507,3441,3390,3305,3046,2907,2806,2625,2589,2558,2521
2.14748e+09,2.14748e+09,2.14748e+09,2.14748e+09,2.14748e+09,2.14748e+09,2.14748e+09,2.14748e+09,2.14748e+09,2.14748e+09,2.14748e+09,2.14748e+09,2.14748e+09,2.14748e+09,2.14748e+09,2.14748e+09,2.14748e+09,2.14748e+09,2.14748e+09,2.14748e+09,2.14748e+09,2.14748e+09,2.14748e+09,2.14748e+09,2.14748e+09,2.14748e+09,2.14748e+09,2.14748e+09,2.14748e+09,2.14748e+09,2.14748e+09,2.14748e+09,2.14748e+09,2.14748e+09,2.14748e+09,2.14748e+09,2.14748e+09,2.14748e+09,2.14748e+09,2.14748e+09,2.14748e+09,2.14748e+09,2.14748e+09,2.14748e+09,2.14748e+09,2.14748e+09,2.14748e+09,2.14748e+09,2.14748e+09,2.14748e+09,2.14748e+09,2.14748e+09,1.49777e+09,1.49777e+09,1.32943e+09,8.20639e+08,7.20607e+08,6.24986e+08,3.96815e+08,3.96815e+08,3.72982e+08,1.93073e+08,1.90379e+08,1.90379e+08,1.48995e+08,1.31408e+08,9.93852e+07,6.89762e+07,5.96522e+07,5.60777e+07,4.18547e+07,4.18547e+07,2.93407e+07,1.94154e+07,1.75158e+07,1.56975e+07,1.37476e+07,1.07521e+07,8.67691e+06,5.78474e+06,4.8854e+06,2.92146e+06,2.5734e+06,1.92803e+06,1.70051e+06,1.23812e+06,908135,706715,494469,411805,398879,263415,219825,200333,184577,133362,133362,77602,47489,47489,47489,27300,27300,26349,19695,16954,14535,11682,8568,7168,6257,3106,3106,3106,3035,2434,1640,1544,1162,1113,881,809,809,751,660,621,593,494,428,357,350,350,329,280,222,222,222,222,212,209,183,183,179,179,162,136,135,127,121,120,120,116,116,105,104,98,97,95,94,90,90,90,86,84,84,82,82,81,81,81,81,79,79,79,78,78,78,78,78,77,77,77,77,77,76,76,76,76,76,76,76,76,76,76,76,76,75,75,75,75
2.14748e+09,2.14748e+09,2.14748e+09,2.14748e+09,2.14748e+09,2.14748e+09,2.14748e+09,2.14748e+09,2.14748e+09,2.14748e+09,2.14748e+09,2.14748e+09,2.14748e+09,2.14748e+09,2.14748e+09,2.14748e+09,2.14748e+09,2.14748e+09,2.14748e+09,2.14748e+09,2.14748e+09,2.14748e+09,2.14748e+09,2.14748e+09,2.14748e+09,2.14748e+09,2.14748e+09,2.14748e+09,2.14748e+09,2.14748e+09,2.14748e+09,2.14748e+09,2.14748e+09,2.14748e+09,2.14748e+09,2.14748e+09,2.14748e+09,2.14748e+09,2.14748e+09,2.14748e+09,2.14748e+09,2.14748e+09,2.14748e+09,2.14748e+09,2.14748e+09,2.14748e+09,2.14748e+09,2.14748e+09,2.14748e+09,2.14748e+09,2.14748e+09,2.14748e+09,2.14748e+09,2.14748e+09,2.14748e+09,2.14748e+09,2.14748e+09,2.14748e+09,2.14748e+09,2.14748e+09,2.14748e+09,1.71293e+09,1.62415e+09,1.26829e+09,1.26829e+09,1.17804e+09,8.63331e+08,8.53806e+08,7.01972e+08,6.50172e+08,5.8861e+08,4.94552e+08,4.08678e+08,3.476e+08,3.34037e+08,2.89472e+08,2.57518e+08,2.0298e+08,1.95052e+08,1.66507e+08,1.66507e+08,1.4277e+08,1.15483e+08,1.11882e+08,9.2108e+07,8.45792e+07,7.46892e+07,5.02698e+07,5.02698e+07,4.78894e+07,3.57487e+07,3.50768e+07,3.10901e+07,2.80047e+07,2.59136e+07,1.93905e+07,1.93905e+07,1.57471e+07,1.45647e+07,1.07423e+07,1.07423e+07,9.06612e+06,8.83205e+06,6.99073e+06,5.44842e+06,5.44842e+06,4.29282e+06,4.29282e+06,3.75324e+06,3.33237e+06,3.33237e+06,3.06316e+06,2.65732e+06,2.02776e+06,1.96954e+06,1.71895e+06,1.68491e+06,1.53414e+06,1.40293e+06,1.28845e+06,999898,851738,795326,679495,587663,577498,501978,432765,390529,347537,329046,296530,249946,217041,210066,173852,148506,138259,121506,83807,74653,74653,68595,59710,49516,49385,46362,41179,37252,30255,26857,26314,23448,20793,19595,18372,14628,12965,12965,10127,10127,8533,8183,7958,7143,6219,5236,4979,4609,4146,3763,3271,3222,2887,2817,2724,2448,2273,2112,1948,1852,1694,1631,1569,1514,1426,1303,1299,1291,1264,1170,1170,1120,1092,1041,978,975,949,922,874
2.14748e+09,2.14748e+09,2.14748e+09,2.14748e+09,2.14748e+09,2.14748e+09,2.14748e+09,2.14748e+09,2.14748e+09,2.14748e+09,2.14748e+09,2.14748e+09,2.14748e+09,2.14748e+09,2.14748e+09,2.14748e+09,2.14748e+09,2.14748e+09,2.14748e+09,2.14748e+09,2.14748e+09,2.14748e+09,2.14748e+09,2.14748e+09,2.14748e+09,2.14748e+09,2.14748e+09,2.14748e+09,2.14748e+09,2.14748e+09,1.72653e+09,1.37004e+09,6.76919e+08,6.76919e+08,6.76919e+08,5.51766e+08,3.97642e+08,3.60654e+08,2.71396e+08,2.23592e+08,1.44861e+08,1.44861e+08,1.44861e+08,1.00317e+08,7.0593e+07,6.7084e+07,6.2977e+07,5.30394e+07,4.20615e+07,3.85518e+07,2.23870e+07,2.15418e+07,1.97766e+07,1.67098e+07,1.57957e+07,1.21005e+07,6.66147e+06,6.66147e+06,5.12859e+06,4.27995e+06,4.02682e+06,2.77091e+06,2.54673e+06,1.80681e+06,1.65966e+06,1.3486e+06,1.3486e+06,1.05444e+06,806648,534247,469877,438644,344673,263039,180501,170948,170560,152543,140446,98682,70529,56085,44901,35495,31328,27941,19524,15601,14284,13011,9173,9173,7557,5848,5848,5848,4327,3456,3378,2863,2863,2415,1887,1887,1719,1531,1531,1510,1379,1336,1141,1141,1133,1102,1038,923,923,870,865,858,835,817,790,775,767,736,730,719,678,676,661,657,642,623,606,593,574,570,559,530,501,481,450,434,410,397,370,323,312,309,282,245,226,222,201,198,191,185,179,179,179,176,175,171,171,171,168,168,165,164,164,163,160,158,158,157,154,151,151,150,147,147,147,145,143,142,140,139,137,137,136,134,134,133,132,132,132,131,130,130
2.14748e+09,2.14748e+09,2.14748e+09,2.14748e+09,2.14748e+09,2.14748e+09,2.14748e+09,2.14748e+09,2.14748e+09,2.14748e+09,2.14748e+09,2.14748e+09,2.14748e+09,2.14748e+09,2.14748e+09,2.14748e+09,2.14748e+09,2.14748e+09,2.14748e+09,2.14748e+09,2.14748e+09,2.14748e+09,2.14748e+09,2.14748e+09,2.14748e+09,2.14748e+09,2.14748e+09,2.14748e+09,2.14748e+09,2.14748e+09,2.14748e+09,2.14748e+09,2.14748e+09,2.14748e+09,2.14748e+09,2.14748e+09,2.14748e+09,2.14748e+09,2.14748e+09,2.14748e+09,2.14748e+09,2.14748e+09,2.14748e+09,2.14748e+09,2.14748e+09,2.14748e+09,2.14748e+09,2.14748e+09,2.14748e+09,2.14748e+09,2.14748e+09,2.14748e+09,2.14748e+09,2.14748e+09,2.14748e+09,2.14748e+09,2.14748e+09,2.14748e+09,2.14748e+09,2.14748e+09,2.14748e+09,2.14748e+09,2.14748e+09,2.14748e+09,2.14748e+09,2.14748e+09,2.14748e+09,2.14748e+09,2.14748e+09,2.14748e+09,2.14748e+09,2.14748e+09,2.14748e+09,2.14748e+09,2.14748e+09,2.14748e+09,2.14748e+09,2.14748e+09,2.14748e+09,1.68819e+09,1.3746e+09,1.29483e+09,1.20074e+09,9.3152e+08,6.40504e+08,6.15029e+08,3.67835e+08,3.67835e+08,3.44226e+08,2.76898e+08,2.56118e+08,2.30676e+08,1.91214e+08,1.46651e+08,1.23541e+08,1.23541e+08,1.01058e+08,8.65236e+07,6.15052e+07,5.21072e+07,4.97252e+07,4.04418e+07,3.50178e+07,3.18679e+07,2.57977e+07,2.11941e+07,1.90211e+07,1.39056e+07,1.33353e+07,1.18943e+07,9.90702e+06,9.09498e+06,8.16545e+06,5.78016e+06,4.67155e+06,3.97238e+06,3.45274e+06,2.71639e+06,2.21606e+06,2.21606e+06,1.65198e+06,1.57036e+06,1.33381e+06,955562,945744,849588,706106,652150,465136,353122,353122,286087,257031,213281,198682,173779,145061,122014,113582,83742,61718,61718,61218,46719,30629,25255,23121,23121,18394,18394,13593,13590,10850,9571,8273,6318,6318,5051,3852,3639,3084,2816,2276,2185,1730,1449,1347,1347,1154,1002,927,917,796,717,695,619,542,513,513,513,495,471,471,463,439,399,392,392,374,363,355,355,340,333,328,313,313,306,304,304
2.14748e+09,2.14748e+09,2.14748e+09,2.14748e+09,2.14748e+09,2.14748e+09,2.14748e+09,2.14748e+09,2.14748e+09,2.14748e+09,2.14748e+09,2.14748e+09,2.03246e+09,1.62867e+09,1.32955e+09,1.16412e+09,1.16412e+09,3.55498e+08,3.15634e+08,2.89962e+08,2.65946e+08,1.86426e+08,1.45059e+08,1.04505e+08,1.04267e+08,8.20947e+07,5.98724e+07,4.52039e+07,3.82198e+07,3.82198e+07,1.98322e+07,1.86859e+07,1.53095e+07,1.23939e+07,8.2458e+06,8.2458e+06,5.34967e+06,3.08431e+06,3.08431e+06,3.08431e+06,2.57585e+06,2.09185e+06,1.38535e+06,1.38535e+06,1.06507e+06,883271,882129,548111,548111,548111,399318,310313,299842,281363,102846,102846,67778,54980,38767,28982,14988,14988,14988,10029,8145,6101,6101,4863,4863,3995,2536,2442,2418,2020,536,536,536,536,536,536,536,536,459,343,314,300,246,246,233,207,172,157,145,145,138,132,111,103,88,85,82,82,74,65,55,54,49,48,48,44,44,42,40,37,35,35,35,34,33,33,33,33,32,31,31,31,31,31,30,30,30,30,30,30,30,30,30,30,30,30,30,30,30,30,30,30,30,30,30,30,30,30,30,30,30,30,30,30,30,30,30,30,30,30,30,30,30,30,30,30,30,29,29,29,29,29,29,29,29,29,29,29,29,29,29,29,29,29,29,29,29,29,29,29,29,29,29,29,29,29
2.14748e+09,2.14748e+09,2.14748e+09,2.14748e+09,2.14748e+09,2.14748e+09,2.14748e+09,2.14748e+09,2.14748e+09,2.14748e+09,2.14748e+09,2.14748e+09,2.14748e+09,2.14748e+09,2.14748e+09,2.14748e+09,2.14748e+09,2.14748e+09,2.14748e+09,2.14748e+09,2.14748e+09,2.14748e+09,2.14748e+09,2.14748e+09,2.14748e+09,2.14748e+09,2.14748e+09,2.14748e+09,2.14748e+09,2.14748e+09,2.14748e+09,2.14748e+09,2.14748e+09,2.14748e+09,2.14748e+09,2.14748e+09,2.14748e+09,2.14748e+09,2.14748e+09,2.14748e+09,2.14748e+09,2.14748e+09,2.14748e+09,2.14748e+09,2.14748e+09,2.14748e+09,2.14748e+09,2.14748e+09,2.14748e+09,2.14748e+09,2.14748e+09,2.14748e+09,2.14748e+09,2.14748e+09,2.14748e+09,2.14748e+09,2.14748e+09,2.14748e+09,2.14748e+09,2.14748e+09,2.14748e+09,2.14748e+09,2.14748e+09,2.14748e+09,2.14748e+09,2.14748e+09,2.14748e+09,2.14748e+09,2.14748e+09,2.14748e+09,2.14748e+09,2.14748e+09,2.14748e+09,2.14748e+09,2.14748e+09,2.14748e+09,2.14748e+09,2.14748e+09,2.14748e+09,2.12969e+09,2.12969e+09,1.92719e+09,1.54017e+09,1.23588e+09,1.00556e+09,7.74748e+08,7.74748e+08,7.3946e+08,5.94644e+08,4.68264e+08,4.03329e+08,3.86467e+08,2.37512e+08,2.37512e+08,1.98783e+08,1.72637e+08,1.39959e+08,1.33384e+08,1.01007e+08,8.56334e+07,7.60564e+07,6.56441e+07,4.43077e+07,4.02575e+07,4.02575e+07,2.71005e+07,2.61829e+07,2.31774e+07,2.28894e+07,2.12761e+07,1.5823e+07,1.18597e+07,1.00164e+07,9.30339e+06,8.1246e+06,7.92638e+06,6.74407e+06,5.39693e+06,5.10162e+06,4.82477e+06,3.82488e+06,3.43979e+06,2.72150e+06,2.48294e+06,2.18486e+06,1.73084e+06,1.72968e+06,1.4616e+06,1.44058e+06,1.4231e+06,1.13447e+06,940444,867107,792266,770977,591390,591390,521010,493695,437241,419007,354926,303595,266577,241790,240923,204233,175388,162570,149176,124537,115899,113727,97739,90277,81547,81547,74343,66250,58386,56895,53472,48481,46929,44919,42689,40153,40153,38726,35389,32484,31082,30576,26981,25707,23101,22146,19158,17634,13498,11976,11042,9709,8900,7133,7133,6808,6715,6007,5490,5332,4719,4719,4686,4265,3980,3783,3585,3318,3048
2.14748e+09,2.14748e+09,2.14748e+09,2.14748e+09,2.14748e+09,2.14748e+09,2.14748e+09,2.14748e+09,2.14748e+09,2.14748e+09,2.14748e+09,2.14748e+09,2.14748e+09,2.14748e+09,2.14748e+09,2.14748e+09,2.14748e+09,2.14748e+09,2.14748e+09,2.14748e+09,2.14748e+09,2.14748e+09,2.14748e+09,2.14748e+09,2.14748e+09,2.14748e+09,2.14748e+09,2.14748e+09,2.14748e+09,2.14748e+09,2.14748e+09,2.14748e+09,2.14748e+09,2.14748e+09,2.14748e+09,2.14748e+09,2.14748e+09,2.14748e+09,2.14748e+09,2.14748e+09,2.14748e+09,2.14748e+09,2.14748e+09,2.14748e+09,2.14748e+09,2.14748e+09,2.14748e+09,2.14748e+09,2.14748e+09,2.14748e+09,2.14748e+09,2.14748e+09,2.14748e+09,2.14748e+09,2.14748e+09,2.14748e+09,2.14748e+09,2.14748e+09,2.14748e+09,2.14748e+09,2.14748e+09,2.14748e+09,2.14748e+09,2.14748e+09,2.14748e+09,2.14748e+09,2.14748e+09,2.14748e+09,2.14748e+09,2.14748e+09,2.14748e+09,2.14748e+09,2.14748e+09,2.14748e+09,2.14748e+09,2.14748e+09,2.14748e+09,2.14748e+09,2.14748e+09,2.14748e+09,2.14748e+09,2.14748e+09,2.14748e+09,2.14748e+09,2.14748e+09,2.14748e+09,2.14748e+09,2.14748e+09,2.14748e+09,2.14748e+09,2.14748e+09,2.14748e+09,2.14748e+09,2.14748e+09,2.14748e+09,2.14748e+09,2.14748e+09,2.14748e+09,2.14748e+09,2.14748e+09,2.14748e+09,2.14748e+09,2.14748e+09,2.14748e+09,2.14748e+09,2.14748e+09,2.14748e+09,2.14748e+09,2.14748e+09,2.14748e+09,2.14748e+09,2.14748e+09,2.14748e+09,2.14748e+09,2.14748e+09,2.14748e+09,2.14748e+09,2.14748e+09,2.14748e+09,2.14748e+09,2.14748e+09,2.14748e+09,2.14748e+09,2.14748e+09,2.14748e+09,2.14748e+09,2.14748e+09,2.14748e+09,2.14748e+09,2.14748e+09,1.96985e+09,1.91375e+09,1.6669e+09,1.34889e+09,1.30739e+09,1.10085e+09,1.08608e+09,1.01915e+09,8.53202e+08,7.65981e+08,6.57943e+08,6.42239e+08,5.84583e+08,5.66666e+08,5.3505e+08,3.99478e+08,3.34936e+08,3.25214e+08,3.04471e+08,2.54752e+08,2.45729e+08,2.07761e+08,2.07761e+08,1.36781e+08,1.36781e+08,1.305e+08,1.2673e+08,1.16548e+08,1.04286e+08,9.30939e+07,7.61052e+07,7.28172e+07,5.96922e+07,4.48129e+07,4.48129e+07,4.38582e+07,4.14397e+07,3.45326e+07,2.8299e+07,2.66067e+07,2.39805e+07,1.81616e+07,1.5681e+07,1.53664e+07,1.46834e+07,1.25787e+07,1.01643e+07,9.44425e+06,8.93264e+06,7.42794e+06,7.20572e+06,6.50381e+06,5.96481e+06,5.37075e+06,4.86077e+06,4.67876e+06,3.74624e+06,3.50376e+06,3.29147e+06,2.89861e+06,2.65869e+06,2.23412e+06,2.23412e+06,2.17529e+06,1.84702e+06,1.65661e+06,1.5127e+06,1.40507e+06,1.27718e+06,1.18302e+06
2.14748e+09,2.14748e+09,2.14748e+09,2.14748e+09,2.14748e+09,2.14748e+09,2.14748e+09,2.14748e+09,2.14748e+09,2.14748e+09,2.14748e+09,2.14748e+09,2.14748e+09,2.14748e+09,2.14748e+09,2.14748e+09,2.14748e+09,2.14748e+09,2.14748e+09,2.14748e+09,2.14748e+09,2.14748e+09,2.14748e+09,2.14748e+09,2.14748e+09,2.14748e+09,2.14748e+09,2.14748e+09,2.14748e+09,2.14748e+09,2.14748e+09,2.14748e+09,2.14748e+09,2.14748e+09,2.14748e+09,2.14748e+09,2.14748e+09,2.14748e+09,2.14748e+09,2.14748e+09,2.14748e+09,2.14748e+09,2.14748e+09,2.14748e+09,2.14748e+09,2.14748e+09,2.14748e+09,2.14748e+09,2.14748e+09,2.14748e+09,2.14748e+09,2.14748e+09,2.14748e+09,2.14748e+09,2.14748e+09,2.14748e+09,2.14748e+09,2.14748e+09,2.14748e+09,2.14748e+09,2.14748e+09,2.14748e+09,2.14748e+09,2.14748e+09,2.14748e+09,2.14748e+09,2.14748e+09,2.14748e+09,2.14748e+09,2.14748e+09,2.14748e+09,2.14748e+09,2.14748e+09,2.14748e+09,2.14748e+09,2.14748e+09,2.14748e+09,2.14748e+09,2.14748e+09,2.14748e+09,2.14748e+09,2.14748e+09,2.14748e+09,2.14748e+09,2.14748e+09,2.14748e+09,2.14748e+09,2.14748e+09,2.14748e+09,2.14748e+09,2.14748e+09,2.14748e+09,2.14748e+09,2.10072e+09,1.95135e+09,1.66494e+09,1.57591e+09,1.38886e+09,1.25704e+09,1.16031e+09,9.84463e+08,8.67683e+08,7.58186e+08,6.77597e+08,5.55008e+08,5.55008e+08,4.37044e+08,4.37044e+08,4.25363e+08,3.53779e+08,3.23226e+08,2.95198e+08,2.69988e+08,2.10978e+08,2.10114e+08,2.00332e+08,1.80756e+08,1.44714e+08,1.34357e+08,1.34357e+08,1.21536e+08,1.0354e+08,9.99377e+07,9.38857e+07,8.41445e+07,8.04283e+07,6.8979e+07,5.83961e+07,5.53104e+07,5.15075e+07,4.51503e+07,4.11714e+07,3.74228e+07,3.36267e+07,3.08755e+07,2.73397e+07,2.51505e+07,2.34254e+07,2.07023e+07,2.03002e+07,1.78892e+07,1.78892e+07,1.64531e+07,1.18545e+07,1.12348e+07,1.0806e+07,9.63098e+06,9.0011e+06,8.65636e+06,8.22258e+06,7.55229e+06,6.5001e+06,6.0021e+06,5.50376e+06,5.50376e+06,5.07182e+06,4.35318e+06,4.35318e+06,3.8965e+06,3.8965e+06,3.68443e+06,3.45488e+06,3.24365e+06,3.02319e+06,2.43655e+06,2.43655e+06,2.32795e+06,2.30115e+06,2.02427e+06,1.8915e+06,1.66022e+06,1.55928e+06,1.51136e+06,1.38901e+06,1.29492e+06,1.28879e+06,1.28879e+06,1.17494e+06,1.06753e+06,1.03134e+06,952440,915125,890690,844352,773874,757987,695984,653209,640320,604557,568359,564132,549572,524554,490336,483910,460178,444204,418166,409618
2.14748e+09,2.14748e+09,2.14748e+09,2.14748e+09,2.14748e+09,2.14748e+09,2.14748e+09,2.14748e+09,2.14748e+09,2.14748e+09,2.14748e+09,2.14748e+09,2.14748e+09,2.14748e+09,2.14748e+09,2.14748e+09,2.14748e+09,2.14748e+09,2.14748e+09,2.14748e+09,2.14748e+09,2.14748e+09,2.14748e+09,2.14748e+09,2.14748e+09,2.14748e+09,2.14748e+09,2.14748e+09,2.14748e+09,2.14748e+09,2.14748e+09,2.14748e+09,2.14748e+09,2.14748e+09,2.14748e+09,2.14748e+09,2.14748e+09,2.14748e+09,2.14748e+09,2.14748e+09,2.14748e+09,2.14748e+09,2.14748e+09,2.14748e+09,2.14748e+09,2.14748e+09,2.14748e+09,2.14748e+09,2.14748e+09,2.14748e+09,2.14748e+09,2.14748e+09,2.14748e+09,2.14748e+09,2.14748e+09,2.14748e+09,2.14748e+09,2.14748e+09,2.14748e+09,2.14748e+09,2.14748e+09,2.14748e+09,2.04954e+09,1.38401e+09,1.38392e+09,1.05468e+09,7.12522e+08,6.02587e+08,4.20178e+08,4.20178e+08,3.40367e+08,2.80431e+08,2.67777e+08,2.05806e+08,1.55199e+08,1.15083e+08,1.15083e+08,1.15083e+08,7.81708e+07,7.4445e+07,4.81814e+07,4.14142e+07,4.11265e+07,3.07241e+07,2.86889e+07,2.32127e+07,1.69249e+07,1.67258e+07,1.55863e+07,1.54946e+07,9.9473e+06,9.9473e+06,8.20194e+06,6.15925e+06,4.16563e+06,4.16563e+06,3.54685e+06,3.11483e+06,3.11483e+06,2.23936e+06,1.70561e+06,1.62631e+06,1.19855e+06,1.01911e+06,1.01911e+06,855109,827534,668261,536527,527564,496914,439102,380463,342045,262572,229469,223335,188513,161010,137195,120765,101002,66426,66426,50265,43785,38621,26496,23051,19244,19043,15070,12542,11374,7596,7591,7340,4756,3766,3655,3639,2135,2135,2135,1952,1641,1466,978,978,978,867,753,732,676,591,591,479,469,436,410,363,338,338,307,291,276,265,263,240,231,198,188,187,180,161,154,143,128,128,123,114,110,110,105,105,102,101,99,95,95,94,93,91,90,89,87,85,85,84,84
2.14748e+09,2.14748e+09,2.14748e+09,2.14748e+09,2.14748e+09,2.14748e+09,2.14748e+09,2.14748e+09,2.14748e+09,2.14748e+09,2.14748e+09,2.14748e+09,2.14748e+09,2.14748e+09,2.14748e+09,2.14748e+09,2.14748e+09,2.14748e+09,2.14748e+09,2.14748e+09,2.14748e+09,2.14748e+09,2.14748e+09,2.14748e+09,2.14748e+09,2.14748e+09,2.14748e+09,2.14748e+09,2.14748e+09,2.14748e+09,2.14748e+09,2.14748e+09,2.14748e+09,2.14748e+09,2.14748e+09,2.14748e+09,2.14748e+09,2.14748e+09,2.14748e+09,2.14748e+09,2.14748e+09,2.14748e+09,2.14748e+09,2.14748e+09,2.14748e+09,2.14748e+09,2.14748e+09,2.14748e+09,2.14748e+09,2.14748e+09,2.14748e+09,2.14748e+09,2.14748e+09,2.14748e+09,2.14748e+09,2.14748e+09,2.14748e+09,2.14748e+09,2.14748e+09,2.14748e+09,2.14748e+09,2.14748e+09,2.14748e+09,2.14748e+09,2.14748e+09,2.14748e+09,2.14748e+09,2.14748e+09,2.14748e+09,2.14748e+09,2.14748e+09,2.14748e+09,2.14748e+09,2.14748e+09,2.14748e+09,2.14748e+09,2.14748e+09,2.14748e+09,2.14748e+09,2.14748e+09,2.14748e+09,2.14748e+09,2.14748e+09,2.14748e+09,2.14748e+09,2.14748e+09,2.14748e+09,2.14748e+09,2.14748e+09,2.14748e+09,2.14748e+09,2.14748e+09,2.14748e+09,2.14748e+09,2.14748e+09,2.09869e+09,1.60175e+09,1.53357e+09,1.06134e+09,1.03222e+09,1.03222e+09,8.45373e+08,6.72735e+08,6.72735e+08,5.23536e+08,4.82821e+08,4.55034e+08,3.77748e+08,3.15575e+08,3.15575e+08,2.72995e+08,1.99681e+08,1.82375e+08,1.67975e+08,1.48774e+08,1.23745e+08,1.00131e+08,9.02484e+07,9.02484e+07,7.82841e+07,7.19378e+07,6.71856e+07,5.23295e+07,4.53042e+07,3.50363e+07,3.26037e+07,3.03512e+07,2.42197e+07,2.20861e+07,2.20861e+07,2.00617e+07,1.8095e+07,1.50604e+07,1.50604e+07,1.26856e+07,1.13882e+07,1.00007e+07,9.24736e+06,7.51567e+06,7.39191e+06,5.35746e+06,5.33923e+06,4.06788e+06,3.77626e+06,3.06724e+06,2.52015e+06,2.29229e+06,2.02928e+06,1.64257e+06,1.46248e+06,1.40645e+06,992133,897500,818755,677897,627427,565766,509765,487450,396840,396840,380041,345660,321779,283754,273007,242983,232667,200171,181511,171338,161793,139884,126708,114907,100991,88246,85538,71806,68524,66317,63717,54340,52205,38817,38817,38817,35493,30689,28617,26204,23505,23315,20281,19867,19513,17067,16064,15927,14657
2.14748e+09,2.14748e+09,2.14748e+09,1.57514e+09,1.57514e+09,1.57514e+09,1.57514e+09,1.57514e+09,1.57514e+09,1.57514e+09,9.81459e+08,9.81459e+08,9.81459e+08,4.78892e+08,4.78892e+08,2.96757e+08,2.4813e+08,2.4813e+08,1.61136e+08,1.34721e+08,7.11742e+07,5.94216e+07,3.73732e+07,3.44029e+07,2.72119e+07,2.02191e+07,1.3978e+07,9.84823e+06,6.37898e+06,4.73295e+06,3.82058e+06,3.82058e+06,3.39329e+06,2.19124e+06,2.19124e+06,1.69334e+06,773381,773381,602372,352921,327407,315911,146525,146525,146525,98703,49952,31303,31303,19533,19533,15679,14958,13953,12224,8542,6469,4791,4791,4791,4791,3225,1745,1745,1662,1156,1129,874,829,783,669,516,446,405,297,297,297,262,241,217,152,152,143,107,107,93,91,88,75,75,72,63,63,59,50,45,44,40,40,39,39,37,35,35,35,33,33,32,32,31,31,30,30,30,30,30,30,30,29,29,29,29,29,29,29,29,29,29,29,29,29,29,29,29,29,29,29,29,29,29,28,28,28,28,28,28,28,28,28,28,28,28,28,28,28,28,28,28,28,28,28,28,28,28,28,28,28,28,28,28,28,28,28,28,28,28,28,28,28,28,28,28,28,28,28,28,28,28,28,28,28,28,28,28,28,28,28,28,28,28
2.14748e+09,2.14748e+09,2.14748e+09,2.14748e+09,2.14748e+09,2.14748e+09,2.14748e+09,2.14748e+09,2.14748e+09,2.14748e+09,2.14748e+09,2.14748e+09,2.14748e+09,2.14748e+09,2.14748e+09,2.14748e+09,2.14748e+09,2.14748e+09,2.14748e+09,2.14748e+09,2.14748e+09,2.14748e+09,2.14748e+09,2.14748e+09,2.14748e+09,2.14748e+09,2.14748e+09,2.14748e+09,2.14748e+09,2.14748e+09,2.14748e+09,2.14748e+09,2.14748e+09,2.14748e+09,2.14748e+09,2.14748e+09,2.14748e+09,2.14748e+09,2.14748e+09,2.14748e+09,2.14748e+09,2.14748e+09,2.14748e+09,2.14748e+09,2.14748e+09,2.14748e+09,2.14748e+09,2.14748e+09,2.14748e+09,2.14748e+09,2.14748e+09,2.14748e+09,2.14748e+09,2.14748e+09,2.14748e+09,2.14748e+09,2.14748e+09,2.14748e+09,2.14748e+09,2.14748e+09,2.03078e+09,1.40818e+09,9.26249e+08,9.23475e+08,8.29763e+08,8.13163e+08,5.56802e+08,4.75462e+08,3.75047e+08,3.49593e+08,3.25896e+08,2.72137e+08,2.63591e+08,2.29173e+08,1.76548e+08,1.43412e+08,1.25615e+08,1.14234e+08,8.8575e+07,8.68856e+07,8.00281e+07,7.15299e+07,6.69568e+07,5.50248e+07,4.5157e+07,3.81515e+07,3.1937e+07,2.5287e+07,2.5287e+07,2.31485e+07,2.06746e+07,1.80545e+07,1.47446e+07,1.46183e+07,1.02958e+07,8.78359e+06,8.32396e+06,6.7645e+06,5.87968e+06,4.71604e+06,4.38265e+06,3.82767e+06,3.41359e+06,2.89578e+06,2.66742e+06,2.0533e+06,1.73658e+06,1.52413e+06,1.41884e+06,1.06717e+06,971358,925625,665988,540108,404170,294358,289119,289119,266015,237481,220686,162321,145313,145313,134946,121000,91496,83301,82860,61734,50597,50597,39590,37870,34184,29697,23812,21589,20983,18183,17283,12343,9806,9806,8440,7001,7001,6478,5956,4491,4242,3908,3628,3478,3151,2717,2457,2152,2152,2119,2108,2031,1886,1851,1678,1606,1541,1496,1496,1460,1411,1411,1348,1332,1332,1309,1290,1251,1246,1230,1209,1196,1196,1168,1168,1161,1140,1139,1127,1126,1111,1104,1099,1089,1079,1076,1067,1065,1060,1059
2.14748e+09,2.14748e+09,2.14748e+09,2.14748e+09,2.14748e+09,2.14748e+09,2.14748e+09,2.14748e+09,2.14748e+09,2.14748e+09,2.14748e+09,2.14748e+09,2.14748e+09,2.14748e+09,2.14748e+09,2.14748e+09,2.14748e+09,2.14748e+09,2.14748e+09,2.14748e+09,2.14748e+09,2.14748e+09,2.14748e+09,2.14748e+09,2.14748e+09,2.14748e+09,2.14748e+09,2.14748e+09,2.14748e+09,2.14748e+09,2.14748e+09,2.14748e+09,2.14748e+09,2.14748e+09,2.14748e+09,2.14748e+09,2.14748e+09,2.14748e+09,2.14748e+09,2.14748e+09,2.14748e+09,2.14748e+09,2.14748e+09,2.14748e+09,2.14748e+09,2.14748e+09,2.14748e+09,2.14748e+09,2.14748e+09,2.14748e+09,2.14748e+09,2.14748e+09,2.14748e+09,2.14748e+09,2.14748e+09,2.14748e+09,2.14748e+09,2.14748e+09,2.14748e+09,2.14748e+09,2.14748e+09,2.14748e+09,2.14748e+09,2.14748e+09,2.14748e+09,2.14748e+09,2.14748e+09,2.14748e+09,2.14748e+09,2.14748e+09,2.14748e+09,2.14748e+09,2.14748e+09,2.14748e+09,2.14748e+09,2.14748e+09,2.14748e+09,2.14748e+09,2.14748e+09,2.14748e+09,2.14748e+09,2.14748e+09,2.14748e+09,2.14748e+09,2.14748e+09,2.14748e+09,2.14748e+09,2.14748e+09,2.14748e+09,2.14748e+09,2.14748e+09,2.14748e+09,2.14748e+09,2.14748e+09,2.14748e+09,2.14748e+09,2.14748e+09,2.14748e+09,2.14748e+09,2.14748e+09,2.14748e+09,2.14748e+09,2.14748e+09,2.14748e+09,2.14748e+09,2.14748e+09,1.65321e+09,1.65321e+09,1.44841e+09,1.35431e+09,1.32216e+09,1.07132e+09,1.03591e+09,8.12144e+08,7.5621e+08,6.96655e+08,6.45343e+08,5.69124e+08,5.24685e+08,5.06852e+08,4.76167e+08,4.43478e+08,3.98952e+08,3.51595e+08,3.03864e+08,2.85591e+08,2.72316e+08,2.43253e+08,2.16531e+08,1.86179e+08,1.72628e+08,1.60246e+08,1.53471e+08,1.19294e+08,1.1641e+08,1.15934e+08,9.38714e+07,7.79673e+07,7.79673e+07,6.92971e+07,6.42289e+07,6.26193e+07,5.65079e+07,5.35574e+07,4.11152e+07,4.11152e+07,3.68916e+07,3.6354e+07,3.47102e+07,3.18806e+07,2.73744e+07,2.59287e+07,2.37366e+07,2.14718e+07,2.11402e+07,1.89515e+07,1.81376e+07,1.6721e+07,1.6721e+07,1.54529e+07,1.50144e+07,1.32697e+07,1.21047e+07,1.13258e+07,1.08618e+07,9.72389e+06,8.40433e+06,8.36741e+06,7.34076e+06,6.99684e+06,6.57499e+06,5.86171e+06,5.51872e+06,5.51872e+06,4.91191e+06,4.75382e+06,4.43843e+06,4.04589e+06,3.70895e+06,3.18835e+06,3.18835e+06,3.07668e+06,2.95843e+06,2.85708e+06,2.7834e+06,2.54818e+06,2.53243e+06,2.44200e+06,2.27768e+06,2.22220e+06,2.17436e+06,2.03397e+06,1.93922e+06,1.93922e+06,1.79751e+06,1.71247e+06,1.67648e+06,1.65860e+06,1.64089e+06,1.59443e+06
2.14748e+09,2.14748e+09,2.14748e+09,2.14748e+09,2.14748e+09,2.14748e+09,2.14748e+09,2.14748e+09,2.14748e+09,2.14748e+09,2.14748e+09,2.14748e+09,2.14748e+09,2.14748e+09,2.14748e+09,2.14748e+09,2.14748e+09,2.14748e+09,2.14748e+09,2.14748e+09,2.14748e+09,2.14748e+09,2.14748e+09,2.14748e+09,2.14748e+09,2.14748e+09,2.14748e+09,2.14748e+09,2.14748e+09,2.14748e+09,2.14748e+09,2.14748e+09,2.14748e+09,2.14748e+09,2.14748e+09,2.14748e+09,2.14748e+09,2.14748e+09,2.14748e+09,2.14748e+09,2.14748e+09,2.14748e+09,2.14748e+09,2.14748e+09,2.14748e+09,2.14748e+09,2.14748e+09,2.14748e+09,2.14748e+09,2.14748e+09,2.14748e+09,2.14748e+09,2.14748e+09,2.14748e+09,2.14748e+09,2.14748e+09,2.14748e+09,2.14748e+09,2.14748e+09,2.14748e+09,2.14748e+09,2.14748e+09,2.14748e+09,2.14748e+09,2.14748e+09,2.14748e+09,2.14748e+09,2.14748e+09,2.14748e+09,2.14748e+09,2.14748e+09,2.14748e+09,2.14748e+09,2.14748e+09,2.14748e+09,2.14748e+09,2.14748e+09,2.14748e+09,2.14748e+09,2.14748e+09,2.14748e+09,2.14748e+09,2.14748e+09,2.14748e+09,2.14748e+09,2.14748e+09,2.14748e+09,2.14748e+09,2.14748e+09,2.14748e+09,2.14748e+09,2.14748e+09,2.14748e+09,2.14748e+09,2.14748e+09,2.14748e+09,2.14748e+09,2.14748e+09,2.14748e+09,2.14748e+09,2.14748e+09,2.14748e+09,2.14748e+09,2.14748e+09,2.14748e+09,2.14748e+09,2.14748e+09,2.14748e+09,2.14748e+09,2.14748e+09,2.14748e+09,2.14748e+09,2.14748e+09,2.14748e+09,2.14748e+09,2.14748e+09,2.14748e+09,2.14748e+09,2.14748e+09,2.14748e+09,2.14748e+09,2.14748e+09,2.14748e+09,2.12953e+09,2.00021e+09,1.71635e+09,1.5854e+09,1.45516e+09,1.3174e+09,1.27352e+09,1.10362e+09,9.94243e+08,9.26175e+08,8.06434e+08,8.06434e+08,7.74588e+08,6.79866e+08,6.36942e+08,6.10119e+08,6.07609e+08,5.87927e+08,5.07428e+08,4.86358e+08,4.67284e+08,4.43199e+08,4.20896e+08,4.20593e+08,3.87467e+08,3.52411e+08,3.15781e+08,2.95432e+08,2.85338e+08,2.67159e+08,2.51743e+08,2.3678e+08,2.3288e+08,2.17528e+08,2.11168e+08,1.927e+08,1.86164e+08,1.74335e+08,1.65179e+08,1.59108e+08,1.51686e+08,1.44685e+08,1.38578e+08,1.30869e+08,1.25835e+08,1.16957e+08,1.15262e+08,1.06931e+08,1.01424e+08,9.87373e+07,9.31301e+07,8.99439e+07,8.57956e+07,8.3492e+07,7.90997e+07,7.46685e+07,6.48562e+07,6.48562e+07,5.95835e+07,5.85912e+07,5.32683e+07,5.32683e+07,5.10298e+07,4.83803e+07,4.51322e+07,4.29694e+07,4.19532e+07,3.91543e+07,3.82749e+07,3.59856e+07,3.3926e+07,3.29574e+07,3.13639e+07,2.92927e+07,2.82042e+07,2.68028e+07,2.50008e+07
2.14748e+09,2.14748e+09,2.14748e+09,2.14748e+09,2.14748e+09,2.14748e+09,2.14748e+09,2.14748e+09,2.14748e+09,2.14748e+09,2.14748e+09,2.14748e+09,2.14748e+09,2.14748e+09,2.14748e+09,2.14748e+09,2.14748e+09,2.14748e+09,2.14748e+09,2.14748e+09,2.14748e+09,2.14748e+09,2.14748e+09,2.14748e+09,2.14748e+09,2.14748e+09,2.14748e+09,2.14748e+09,2.14748e+09,2.14748e+09,2.14748e+09,2.14748e+09,2.14748e+09,2.14748e+09,2.14748e+09,2.14748e+09,2.14748e+09,2.14748e+09,2.14748e+09,2.14748e+09,2.14748e+09,2.14748e+09,2.14748e+09,2.14748e+09,2.14748e+09,2.14748e+09,2.14748e+09,2.14748e+09,2.14748e+09,2.14748e+09,2.14748e+09,2.14748e+09,2.14748e+09,2.14748e+09,2.14748e+09,2.14748e+09,2.14748e+09,2.14748e+09,2.14748e+09,2.14748e+09,2.14748e+09,2.14748e+09,2.14748e+09,2.14748e+09,2.14748e+09,2.14748e+09,2.14748e+09,2.14748e+09,2.14748e+09,2.14748e+09,2.14748e+09,2.14748e+09,2.14748e+09,2.14748e+09,2.14748e+09,2.14748e+09,2.14748e+09,2.14748e+09,2.14748e+09,2.14748e+09,2.14748e+09,2.14748e+09,2.14748e+09,2.14748e+09,2.14748e+09,2.14748e+09,2.14748e+09,2.14748e+09,2.14748e+09,2.14748e+09,2.14748e+09,2.14748e+09,2.14748e+09,2.14748e+09,2.14748e+09,2.14748e+09,2.14748e+09,2.14748e+09,2.14748e+09,2.04348e+09,1.8484e+09,1.40144e+09,1.32015e+09,1.20729e+09,1.14155e+09,8.41778e+08,8.41778e+08,7.12454e+08,6.58973e+08,5.24851e+08,4.83812e+08,4.4233e+08,3.52927e+08,3.16755e+08,2.86906e+08,2.28884e+08,1.54367e+08,1.44445e+08,1.079e+08,1.079e+08,1.079e+08,9.57968e+07,7.70534e+07,6.30405e+07,6.21396e+07,5.64193e+07,4.0516e+07,3.77987e+07,3.77987e+07,3.15792e+07,2.73249e+07,2.38157e+07,2.03256e+07,1.72717e+07,1.68912e+07,1.52431e+07,1.08428e+07,1.03357e+07,9.89051e+06,7.43093e+06,7.09674e+06,4.98102e+06,4.36503e+06,4.07951e+06,3.76602e+06,2.97686e+06,2.46826e+06,2.33575e+06,1.89094e+06,1.89094e+06,1.41762e+06,1.3683e+06,1.34024e+06,1.19572e+06,1.10231e+06,929404,841374,779378,689432,618595,607231,462573,462573,422433,418837,405543,370037,321692,313148,301919,270234,253045,222251,211172,182008,135251,111528,99867,72509,46487,46487,43005,31148,31148,27379,25777,20617,20617,18687,18540,15674,15251,14454,13168,12920,11558,9052,8846,7868,6584
2.14748e+09,2.14748e+09,2.14748e+09,2.14748e+09,2.14748e+09,2.14748e+09,2.14748e+09,2.14748e+09,2.14748e+09,2.14748e+09,2.14748e+09,2.14748e+09,2.14748e+09,2.14748e+09,2.14748e+09,2.14748e+09,2.14748e+09,2.14748e+09,2.14748e+09,2.14748e+09,2.14748e+09,2.14748e+09,2.14748e+09,2.14748e+09,2.14748e+09,2.14748e+09,2.14748e+09,2.14748e+09,2.14748e+09,2.14748e+09,2.14748e+09,2.14748e+09,2.14748e+09,2.14748e+09,2.14748e+09,2.14748e+09,2.14748e+09,2.14748e+09,2.14748e+09,2.14748e+09,2.14748e+09,2.14748e+09,2.14748e+09,2.14748e+09,2.14748e+09,2.14748e+09,2.14748e+09,2.14748e+09,2.14748e+09,2.14748e+09,2.14748e+09,2.14748e+09,2.14748e+09,2.14748e+09,2.14748e+09,2.14748e+09,2.14748e+09,2.14748e+09,2.14748e+09,2.14748e+09,2.14748e+09,2.14748e+09,2.14748e+09,2.14748e+09,2.14748e+09,2.14748e+09,2.14748e+09,2.14748e+09,2.14748e+09,2.14748e+09,2.14748e+09,2.14748e+09,2.14748e+09,2.14748e+09,2.14748e+09,2.14748e+09,2.14748e+09,2.14748e+09,2.14748e+09,2.14748e+09,2.14748e+09,2.14748e+09,2.14748e+09,2.14748e+09,2.14748e+09,2.14748e+09,2.14748e+09,2.14748e+09,2.14748e+09,2.14748e+09,2.14748e+09,2.14748e+09,2.14748e+09,2.14748e+09,2.14748e+09,2.14748e+09,2.14748e+09,2.14748e+09,2.14748e+09,2.14748e+09,2.14748e+09,2.14748e+09,2.14748e+09,2.14748e+09,2.14748e+09,2.14748e+09,2.14748e+09,2.14748e+09,2.14748e+09,2.14748e+09,2.14748e+09,2.14748e+09,2.14748e+09,2.14748e+09,2.14748e+09,2.14748e+09,2.14748e+09,2.14748e+09,2.14748e+09,2.14748e+09,2.14748e+09,2.14748e+09,2.14748e+09,2.14748e+09,2.14748e+09,2.14748e+09,2.14748e+09,2.14748e+09,2.14748e+09,2.14748e+09,2.14748e+09,2.14748e+09,2.14748e+09,2.14748e+09,2.14748e+09,2.14748e+09,2.14748e+09,2.14748e+09,2.14748e+09,2.14748e+09,2.14748e+09,2.14748e+09,2.14748e+09,2.14748e+09,2.14748e+09,2.14748e+09,2.14748e+09,2.14748e+09,2.14748e+09,2.14748e+09,2.14748e+09,2.14748e+09,2.14748e+09,2.14748e+09,2.14748e+09,2.14748e+09,2.14748e+09,2.14748e+09,2.14748e+09,2.14748e+09,2.14748e+09,1.9715e+09,1.57949e+09,1.57949e+09,1.56675e+09,1.48156e+09,1.40314e+09,1.22531e+09,1.1987e+09,1.06855e+09,1.06855e+09,1.03167e+09,8.59749e+08,8.44713e+08,8.30534e+08,7.83669e+08,7.05182e+08,6.78265e+08,6.05812e+08,5.64571e+08,5.25758e+08,5.05329e+08,4.4886e+08,4.23676e+08,4.00949e+08,3.87796e+08,3.5094e+08,3.3427e+08,3.16514e+08,2.9821e+08,2.69939e+08,2.56812e+08,2.42565e+08,2.27272e+08,2.08946e+08,2.07448e+08,1.84864e+08,1.78981e+08,1.67914e+08,1.53322e+08
2.14748e+09,2.14748e+09,2.14748e+09,2.14748e+09,2.14748e+09,2.14748e+09,2.14748e+09,2.14748e+09,2.14748e+09,2.14748e+09,2.14748e+09,2.14748e+09,2.14748e+09,2.14748e+09,2.14748e+09,2.14748e+09,2.14748e+09,2.14748e+09,2.14748e+09,2.14748e+09,2.14748e+09,2.14748e+09,2.14748e+09,2.14748e+09,2.14748e+09,2.14748e+09,2.14748e+09,2.14748e+09,2.14748e+09,2.14748e+09,2.14748e+09,2.14748e+09,2.14748e+09,2.14748e+09,2.14748e+09,2.14748e+09,2.14748e+09,2.14748e+09,2.14748e+09,2.14748e+09,2.14748e+09,2.14748e+09,2.14748e+09,2.14748e+09,2.14748e+09,2.14748e+09,2.14748e+09,2.14748e+09,2.14748e+09,2.14748e+09,2.14748e+09,2.14748e+09,2.14748e+09,2.14748e+09,2.14748e+09,2.14748e+09,2.14748e+09,2.14748e+09,2.14748e+09,2.14748e+09,2.14748e+09,2.14748e+09,2.14748e+09,2.14748e+09,2.14748e+09,2.14748e+09,1.94987e+09,1.21455e+09,1.21455e+09,1.11189e+09,8.5775e+08,8.05807e+08,6.76421e+08,5.35909e+08,3.94895e+08,3.45346e+08,3.21904e+08,2.60586e+08,2.07164e+08,1.46971e+08,1.46971e+08,1.16927e+08,1.07997e+08,8.28051e+07,8.26994e+07,7.30706e+07,6.58906e+07,4.60976e+07,4.23407e+07,3.88644e+07,3.36539e+07,3.36539e+07,2.48981e+07,2.46104e+07,2.15637e+07,2.09072e+07,1.58593e+07,1.25906e+07,1.08174e+07,1.05106e+07,9.34476e+06,8.95692e+06,6.26054e+06,6.16761e+06,5.17742e+06,4.39942e+06,3.47147e+06,3.16916e+06,2.47471e+06,2.2726e+06,1.99329e+06,1.90199e+06,1.42779e+06,1.35713e+06,1.23593e+06,1.04712e+06,828093,780294,663798,628137,577971,484612,425194,414564,346460,344257,223177,210072,210072,173331,159230,152726,97958,97958,87718,86589,67948,67948,62206,57030,53194,43182,40385,36498,34613,33886,27905,27031,24270,21903,18003,15708,15003,14314,12677,10841,10841,9747,8429,7333,7307,6811,6448,5968,5697,5109,4559,4019,4002,3682,3393,3195,3116,2694,2600,2364,2124,2022,1796,1758,1703,1625,1523,1379,1379,1299,1171,1106,1053,1031,1013,956,927,887,789,759,748,673,649,630
2.14748e+09,2.14748e+09,2.14748e+09,2.14748e+09,2.14748e+09,2.14748e+09,2.14748e+09,2.14748e+09,2.14748e+09,2.14748e+09,2.14748e+09,2.14748e+09,2.14748e+09,2.14748e+09,2.14748e+09,2.14748e+09,2.14748e+09,2.14748e+09,2.14748e+09,2.14748e+09,2.14748e+09,2.14748e+09,2.14748e+09,2.14748e+09,2.14748e+09,2.14748e+09,2.14748e+09,2.14748e+09,2.14748e+09,2.14748e+09,2.14748e+09,1.93742e+09,1.81529e+09,1.24316e+09,9.96518e+08,9.36791e+08,8.03458e+08,5.48565e+08,5.1432e+08,3.99526e+08,3.39059e+08,2.79462e+08,2.69999e+08,1.8572e+08,1.79121e+08,1.69728e+08,1.10078e+08,8.63e+07,8.00726e+07,7.44316e+07,5.90485e+07,4.43629e+07,3.20032e+07,3.01808e+07,2.27221e+07,1.18533e+07,1.18533e+07,1.13091e+07,5.78243e+06,5.78243e+06,5.68812e+06,4.2897e+06,4.2897e+06,2.45704e+06,2.27046e+06,1.84994e+06,1.77196e+06,1.18502e+06,1.16072e+06,1.16072e+06,622410,616791,394888,288275,204069,193247,130885,127848,65794,60187,60187,52647,51359,30205,30205,30205,28535,25348,22777,15582,15087,13882,10481,8302,8103,6460,5254,5071,4408,3282,2524,2524,2109,2056,1672,1605,1397,1140,940,940,739,684,662,607,543,504,457,428,428,409,393,349,309,298,285,268,259,230,215,205,190,173,173,171,171,169,167,156,156,149,149,141,139,136,131,130,122,121,121,117,114,111,108,108,107,106,103,103,100,100,99,97,96,95,95,94,93,92,92,91,90,90,90,89,89,89,88,88,88,88,88,88,88,88,88,88,88,88,88,88,87,87,87,87,87,87,87,87,87,87
2.14748e+09,2.14748e+09,2.14748e+09,2.14748e+09,2.14748e+09,2.14748e+09,2.14748e+09,2.14748e+09,2.14748e+09,2.14748e+09,2.14748e+09,2.14748e+09,2.14748e+09,2.14748e+09,2.14748e+09,2.14748e+09,2.14748e+09,2.14748e+09,2.14748e+09,2.14748e+09,2.14748e+09,2.14748e+09,2.14748e+09,2.14748e+09,2.14748e+09,2.14748e+09,2.14748e+09,2.14748e+09,2.14748e+09,2.14748e+09,2.14748e+09,2.14748e+09,2.14748e+09,2.14748e+09,2.14748e+09,2.14748e+09,2.14748e+09,2.14748e+09,2.14748e+09,2.14748e+09,2.14748e+09,2.14748e+09,2.14748e+09,2.14748e+09,2.14748e+09,2.14748e+09,2.14748e+09,2.14748e+09,2.14748e+09,2.14748e+09,2.14748e+09,2.14748e+09,2.14748e+09,2.14748e+09,2.14748e+09,2.14748e+09,2.14748e+09,2.14748e+09,2.14748e+09,2.14748e+09,2.14748e+09,2.14748e+09,2.14748e+09,2.14748e+09,2.14748e+09,2.14748e+09,2.14748e+09,2.14748e+09,2.14748e+09,2.14748e+09,2.14748e+09,2.14748e+09,2.14748e+09,2.14748e+09,2.14748e+09,2.14748e+09,2.14748e+09,2.14748e+09,2.14748e+09,2.14748e+09,2.14748e+09,2.14748e+09,2.14748e+09,2.14748e+09,2.14748e+09,2.14748e+09,2.14748e+09,2.14748e+09,2.14748e+09,2.14748e+09,2.14748e+09,2.14748e+09,2.14748e+09,2.14748e+09,2.14748e+09,2.14748e+09,2.14748e+09,2.11557e+09,1.59832e+09,1.32651e+09,1.13585e+09,1.08474e+09,9.32352e+08,7.69156e+08,6.07887e+08,5.72949e+08,5.05037e+08,4.72614e+08,4.14355e+08,3.88157e+08,3.48561e+08,2.94735e+08,2.6197e+08,2.11335e+08,1.93352e+08,1.68233e+08,1.61618e+08,1.48208e+08,1.11704e+08,1.02612e+08,9.97387e+07,9.56595e+07,8.13748e+07,7.61826e+07,6.59044e+07,5.93734e+07,4.92817e+07,4.89394e+07,3.90956e+07,3.34597e+07,3.33378e+07,3.06418e+07,2.78594e+07,2.35449e+07,2.10093e+07,1.93066e+07,1.76332e+07,1.53558e+07,1.41133e+07,1.33548e+07,1.06635e+07,1.04161e+07,9.08079e+06,8.85590e+06,7.50486e+06,6.63197e+06,6.63197e+06,5.46107e+06,4.90823e+06,4.6098e+06,4.00448e+06,3.56461e+06,2.77178e+06,2.61264e+06,2.09164e+06,2.03e+06,1.78022e+06,1.73827e+06,1.47368e+06,1.12472e+06,1.08394e+06,797077,746119,698833,667246,532691,494231,439283,390383,339288,313765,305817,305081,298659,236934,210853,199226,166667,149347,146617,132025,122295,115166,102349,71786,68421,59518,56293,53058,43360,41385,38230,31581,29710,27811,27550,26524,21320,21124,20511
2.14748e+09,2.14748e+09,2.14748e+09,2.14748e+09,2.14748e+09,2.14748e+09,2.14748e+09,2.14748e+09,2.14748e+09,2.14748e+09,2.14748e+09,2.14748e+09,2.14748e+09,2.14748e+09,2.14748e+09,2.14748e+09,2.14748e+09,2.14748e+09,2.14748e+09,2.14748e+09,2.14748e+09,2.14748e+09,2.14748e+09,2.14748e+09,2.14748e+09,2.14748e+09,2.14748e+09,2.14748e+09,2.14748e+09,2.14748e+09,2.14748e+09,2.14748e+09,2.14748e+09,2.14748e+09,2.14748e+09,2.14748e+09,2.14748e+09,2.14748e+09,2.14748e+09,2.14748e+09,2.14748e+09,2.14748e+09,2.14748e+09,2.14748e+09,2.14748e+09,2.14748e+09,2.14748e+09,2.14748e+09,2.14748e+09,2.14748e+09,2.14748e+09,2.14748e+09,2.14748e+09,2.14748e+09,2.14748e+09,2.14748e+09,2.14748e+09,2.14748e+09,2.14748e+09,2.14748e+09,2.14748e+09,2.14748e+09,2.14748e+09,2.14748e+09,2.14748e+09,2.14748e+09,2.14748e+09,2.14748e+09,2.14748e+09,2.14748e+09,2.14748e+09,2.14748e+09,2.14748e+09,2.14748e+09,2.14748e+09,2.14748e+09,2.14748e+09,2.14748e+09,2.14748e+09,2.14748e+09,2.14748e+09,2.14748e+09,2.14748e+09,2.14748e+09,2.14748e+09,2.14748e+09,2.14748e+09,2.14748e+09,2.14748e+09,2.14748e+09,2.14748e+09,2.14748e+09,2.14748e+09,2.14748e+09,2.14748e+09,2.14748e+09,2.14748e+09,2.14748e+09,2.14748e+09,2.14748e+09,2.14748e+09,2.14748e+09,2.14748e+09,2.14748e+09,2.14748e+09,2.14748e+09,2.14748e+09,2.14748e+09,2.14748e+09,2.14748e+09,2.14748e+09,2.14748e+09,2.14748e+09,2.14748e+09,2.14748e+09,2.14748e+09,2.14748e+09,2.14748e+09,2.14748e+09,2.14748e+09,2.14748e+09,2.14748e+09,2.14748e+09,2.14748e+09,2.14748e+09,2.14748e+09,2.14748e+09,2.14748e+09,2.14748e+09,2.14748e+09,2.14748e+09,2.14748e+09,1.96096e+09,1.88323e+09,1.64642e+09,1.56836e+09,1.30831e+09,1.15892e+09,1.14845e+09,1.02634e+09,9.79626e+08,9.264e+08,7.80329e+08,7.5111e+08,6.68184e+08,6.02871e+08,5.48262e+08,5.42329e+08,4.58053e+08,3.94764e+08,3.73156e+08,3.63593e+08,3.09491e+08,3.09491e+08,2.81196e+08,2.47961e+08,2.34554e+08,2.06161e+08,1.76267e+08,1.52962e+08,1.35439e+08,1.32808e+08,1.20324e+08,1.13575e+08,1.04229e+08,9.76102e+07,9.24453e+07,8.8191e+07,7.2334e+07,7.2334e+07,6.58135e+07,5.6237e+07,5.44968e+07,5.20624e+07,4.94301e+07,4.30423e+07,4.30423e+07,3.96145e+07,3.33125e+07,2.90669e+07,2.90669e+07,2.53704e+07,2.53704e+07,2.42015e+07,2.35246e+07,2.12073e+07,1.89148e+07,1.62682e+07,1.51476e+07,1.45427e+07,1.38652e+07,1.18651e+07,1.18651e+07,1.11288e+07,1.0305e+07,1.00803e+07,9.6032e+06,8.99132e+06,8.59759e+06,7.74034e+06
2.14748e+09,2.14748e+09,2.14748e+09,2.14748e+09,2.14748e+09,2.14748e+09,2.14748e+09,2.14748e+09,2.14748e+09,2.14748e+09,2.14748e+09,2.14748e+09,2.14748e+09,2.14748e+09,2.14748e+09,2.14748e+09,2.14748e+09,2.14748e+09,2.14748e+09,2.14748e+09,2.14748e+09,2.14748e+09,2.14748e+09,2.14748e+09,2.14748e+09,2.14748e+09,2.14748e+09,2.14748e+09,2.14748e+09,2.14748e+09,2.14748e+09,2.14748e+09,2.14748e+09,2.14748e+09,2.14748e+09,2.14748e+09,2.14748e+09,2.14748e+09,2.14748e+09,2.14748e+09,2.14748e+09,2.14748e+09,2.14748e+09,2.14748e+09,2.14748e+09,2.14748e+09,2.14748e+09,2.14748e+09,2.14748e+09,2.14748e+09,2.14748e+09,2.14748e+09,2.14748e+09,2.14748e+09,2.14748e+09,2.14748e+09,2.14748e+09,2.14748e+09,2.14748e+09,2.14748e+09,2.14748e+09,2.14748e+09,2.14748e+09,2.14748e+09,2.14748e+09,2.14748e+09,2.14748e+09,2.14748e+09,2.14748e+09,2.14748e+09,2.14748e+09,2.14748e+09,2.14748e+09,2.14748e+09,2.14748e+09,2.14748e+09,2.14748e+09,2.14748e+09,2.14748e+09,2.14748e+09,2.14748e+09,2.14748e+09,2.14748e+09,2.14748e+09,2.14748e+09,2.14748e+09,2.14748e+09,2.14748e+09,2.14748e+09,2.14748e+09,2.14748e+09,2.14748e+09,2.14748e+09,2.14748e+09,2.14748e+09,2.10768e+09,1.94186e+09,1.61702e+09,1.49753e+09,1.35011e+09,1.3044e+09,9.74777e+08,7.8514e+08,6.89016e+08,6.89016e+08,3.35732e+08,3.35732e+08,3.35732e+08,2.58561e+08,2.58561e+08,2.58561e+08,1.99954e+08,1.99954e+08,1.80234e+08,1.47633e+08,1.19183e+08,1.00091e+08,9.54237e+07,7.81466e+07,5.48602e+07,4.51744e+07,4.51744e+07,3.45423e+07,3.28297e+07,2.80781e+07,1.99764e+07,1.95926e+07,1.57295e+07,1.40665e+07,1.13181e+07,1.0795e+07,9.61916e+06,6.99236e+06,6.99236e+06,6.92614e+06,6.18312e+06,4.32164e+06,4.32025e+06,3.30435e+06,3.27724e+06,3.27724e+06,2.69668e+06,2.30184e+06,2.08597e+06,1.80229e+06,1.78076e+06,1.52511e+06,1.17135e+06,1.07572e+06,1.07407e+06,891186,809995,786006,727803,616954,592593,545017,508413,423100,408547,350288,306279,275305,258137,227132,186491,160059,136246,121453,121453,108644,108624,86542,86542,79151,71641,66881,60408,59508,49257,47586,47329,38468,35296,34471,30949,28850,25413,22879,19840,19439,19439,17972,15260,14372,12521,11694,11580,10577,9769
2.14748e+09,2.14748e+09,2.14748e+09,2.14748e+09,2.14748e+09,2.14748e+09,2.14748e+09,2.14748e+09,2.14748e+09,2.14748e+09,2.14748e+09,2.14748e+09,2.14748e+09,2.14748e+09,2.14748e+09,2.14748e+09,2.14748e+09,2.14748e+09,2.14748e+09,2.14748e+09,2.14748e+09,2.14748e+09,2.14748e+09,2.14748e+09,2.14748e+09,2.14748e+09,2.14748e+09,2.14748e+09,2.14748e+09,2.14748e+09,2.14748e+09,2.14748e+09,2.14748e+09,2.14748e+09,2.14748e+09,2.14748e+09,2.14748e+09,2.14748e+09,2.14748e+09,2.14748e+09,2.14748e+09,2.14748e+09,2.14748e+09,2.14748e+09,2.14748e+09,2.14748e+09,2.14748e+09,2.14748e+09,2.14748e+09,2.14748e+09,2.14748e+09,2.14748e+09,2.14748e+09,2.14748e+09,2.14748e+09,2.14748e+09,2.14748e+09,2.14748e+09,2.14748e+09,2.14748e+09,2.14748e+09,2.14748e+09,2.14748e+09,2.14748e+09,2.14748e+09,2.14748e+09,2.14748e+09,2.14748e+09,2.14748e+09,2.14748e+09,2.14748e+09,2.14748e+09,2.08954e+09,1.65473e+09,1.55139e+09,1.3538e+09,1.20167e+09,1.19451e+09,9.60041e+08,6.94877e+08,6.94877e+08,5.66996e+08,4.52219e+08,3.96881e+08,3.69403e+08,3.20507e+08,3.02838e+08,2.35922e+08,1.99738e+08,1.86381e+08,1.46205e+08,1.41367e+08,9.44838e+07,9.13062e+07,8.2728e+07,8.22035e+07,6.17134e+07,5.00856e+07,4.66021e+07,4.30789e+07,3.46776e+07,3.03227e+07,2.71997e+07,2.67742e+07,1.92178e+07,1.92178e+07,1.57304e+07,1.34246e+07,1.31733e+07,1.13852e+07,1.02381e+07,9.69607e+06,7.67493e+06,5.53879e+06,5.31933e+06,3.81434e+06,3.81434e+06,3.37309e+06,3.37309e+06,2.62468e+06,2.32141e+06,2.32141e+06,1.82848e+06,1.58466e+06,1.57325e+06,1.48014e+06,1.16173e+06,1.12492e+06,1.02577e+06,957437,831028,774950,630178,630178,590016,543957,465921,448966,389297,347537,291980,284320,228217,211455,195495,177098,171366,148847,142511,138780,121333,115049,101193,92987,90746,85669,84420,74866,70496,64920,60236,59635,57753,51985,47477,46017,42050,42050,40512,38759,36957,34224,32779,31235,28287,26138,25358,23149,22686,22353,22166,21343,20233,19533,18495,17522,17053,16511,16210,15835,15708,15422,14330,14330,13996,13996,13542,13190,13190,12820
2.14748e+09,2.14748e+09,2.14748e+09,2.14748e+09,2.14748e+09,2.14748e+09,2.14748e+09,2.14748e+09,2.14748e+09,2.14748e+09,2.14748e+09,2.14748e+09,2.14748e+09,2.14748e+09,2.14748e+09,2.14748e+09,2.14748e+09,2.14748e+09,2.14748e+09,2.14748e+09,2.14748e+09,2.14748e+09,2.14748e+09,2.14748e+09,2.14748e+09,2.14748e+09,2.14748e+09,2.14748e+09,2.14748e+09,2.14748e+09,2.14748e+09,2.14748e+09,2.14748e+09,2.14748e+09,2.14748e+09,2.14748e+09,2.14748e+09,2.14748e+09,2.14748e+09,2.14748e+09,2.14748e+09,2.14748e+09,2.14748e+09,2.14748e+09,2.14748e+09,2.14748e+09,2.14748e+09,2.14748e+09,2.14748e+09,1.62385e+09,1.34379e+09,8.89969e+08,8.89969e+08,6.92228e+08,5.34398e+08,4.26008e+08,3.37546e+08,3.37546e+08,3.37546e+08,2.0995e+08,1.79551e+08,1.33465e+08,1.02377e+08,8.57741e+07,8.23928e+07,5.79016e+07,5.79016e+07,4.49071e+07,3.03839e+07,2.50322e+07,1.89277e+07,1.87176e+07,1.42586e+07,9.40443e+06,8.64877e+06,8.39053e+06,5.64633e+06,4.53057e+06,3.05085e+06,1.92808e+06,1.92808e+06,1.89072e+06,1.32503e+06,741882,741882,705242,499998,347723,204349,204349,204349,146894,134595,96716,81125,56060,46426,37297,35945,24485,19770,14692,14025,10286,5987,5987,4613,4091,4091,3667,1961,1961,1654,1182,1182,1102,830,820,602,488,333,333,293,293,292,249,249,249,249,199,138,138,133,117,101,96,85,85,75,66,62,62,54,54,54,52,49,45,42,40,40,39,35,34,34,34,33,32,32,32,31,31,30,30,30,30,30,30,30,30,30,30,29,29,29,29,29,29,29,29,29,29,29,29,29,29,29,29,29,29,29,29,29,29,29,29,29,29,29,29
2.14748e+09,2.14748e+09,2.14748e+09,2.14748e+09,2.14748e+09,2.14748e+09,2.14748e+09,2.14748e+09,2.14748e+09,2.14748e+09,2.14748e+09,2.14748e+09,2.14748e+09,2.14748e+09,2.14748e+09,2.14748e+09,2.14748e+09,2.14748e+09,2.14748e+09,2.14748e+09,2.14748e+09,2.14748e+09,2.14748e+09,2.14748e+09,2.14748e+09,2.14748e+09,2.14748e+09,2.14748e+09,2.14748e+09,2.14748e+09,2.14748e+09,2.14748e+09,2.14748e+09,2.14748e+09,2.14748e+09,2.14748e+09,2.14748e+09,2.14748e+09,2.14748e+09,2.14748e+09,2.14748e+09,2.14748e+09,2.14748e+09,2.14748e+09,2.14748e+09,2.14748e+09,2.14748e+09,2.14748e+09,2.14748e+09,2.14748e+09,2.14748e+09,2.14748e+09,1.7702e+09,1.7702e+09,1.17467e+09,9.90406e+08,9.85129e+08,9.20763e+08,7.24829e+08,4.45228e+08,3.74008e+08,2.38602e+08,2.38602e+08,2.0725e+08,2.0725e+08,1.56974e+08,1.16057e+08,1.126e+08,1.01641e+08,7.93138e+07,7.2148e+07,6.07079e+07,2.72131e+07,2.72131e+07,2.40079e+07,2.00783e+07,1.99883e+07,1.85904e+07,1.23216e+07,9.09683e+06,9.09683e+06,7.99998e+06,6.18812e+06,4.41095e+06,3.5877e+06,2.65038e+06,1.71806e+06,1.71806e+06,1.26613e+06,1.26613e+06,1.15439e+06,858084,516487,516487,516487,426853,398470,354626,281966,260160,183442,142814,142726,120585,74491,71838,45219,43445,23086,20561,14181,10262,9488,6945,4788,4788,3301,3301,2744,1675,1675,1259,1259,1196,1161,1161,1161,731,726,709,522,522,459,432,419,367,367,286,221,221,216,216,216,210,191,182,182,180,162,162,158,144,142,139,130,118,118,118,113,113,108,108,103,103,94,94,93,93,88,88,88,85,83,83,81,80,80,78,77,76,76,76,75,75,75,75,75,74,74,74,74,74,74,74,74,74,74,74,74,74
2.14748e+09,2.14748e+09,2.14748e+09,2.14748e+09,2.14748e+09,2.14748e+09,2.14748e+09,2.14748e+09,2.14748e+09,2.14748e+09,2.14748e+09,2.14748e+09,2.14748e+09,2.14748e+09,2.14748e+09,2.14748e+09,2.14748e+09,2.14748e+09,2.14748e+09,2.14748e+09,2.14748e+09,2.14748e+09,2.14748e+09,2.14748e+09,2.14748e+09,2.14748e+09,2.14748e+09,2.14748e+09,2.14748e+09,2.14748e+09,2.14748e+09,2.14748e+09,1.94483e+09,1.68915e+09,1.25968e+09,1.2126e+09,8.79153e+08,7.58358e+08,5.37836e+08,4.36823e+08,3.77283e+08,2.61957e+08,2.61957e+08,1.26782e+08,1.26782e+08,8.75324e+07,8.75324e+07,8.17593e+07,6.71084e+07,6.71084e+07,4.69806e+07,4.35306e+07,3.63118e+07,2.95318e+07,2.75776e+07,1.93776e+07,1.8482e+07,1.57542e+07,1.28536e+07,1.04562e+07,8.00939e+06,6.61457e+06,5.14711e+06,5.14711e+06,2.98632e+06,2.98632e+06,2.07758e+06,1.9294e+06,1.38892e+06,1.38892e+06,1.11429e+06,854735,809370,689118,493855,456412,362398,362398,362398,304114,284572,215291,189933,159385,124506,95608,70318,60941,55488,42628,36336,19532,17750,17750,11999,11847,10011,9591,8974,8222,5594,5527,5073,4289,3420,3153,3153,2435,2435,1782,1405,1395,1395,1216,1098,912,907,843,712,627,612,556,506,493,445,445,401,373,351,348,337,326,300,283,281,269,258,258,258,258,245,234,234,227,219,219,219,218,215,215,214,213,212,211,209,209,207,206,205,205,203,202,201,201,201,200,200,199,198,198,198,197,196,196,195,194,194,194,194,194,194,194,194,193,192,192,192,192,192,192,192,192,192,192,192,192,191,191,191,191
2.14748e+09,2.14748e+09,2.14748e+09,2.14748e+09,2.14748e+09,2.14748e+09,2.14748e+09,2.14748e+09,2.14748e+09,2.14748e+09,2.14748e+09,1.82215e+09,1.82215e+09,1.81556e+09,1.77336e+09,1.57212e+09,7.49351e+08,2.82205e+08,2.82205e+08,2.82205e+08,2.82205e+08,1.66323e+08,9.20803e+07,8.54202e+07,8.54202e+07,4.10887e+07,4.10887e+07,4.10887e+07,2.44662e+07,1.48999e+07,1.38919e+07,1.061e+07,1.061e+07,1.01842e+07,6.63386e+06,4.70562e+06,2.74087e+06,2.04775e+06,2.04775e+06,2.04775e+06,1.79153e+06,933262,933262,933262,536109,377666,377666,315316,314218,257489,122700,121382,103553,79427,79427,60930,48794,45338,33849,21773,21773,19327,15801,15801,14629,12182,11321,11321,10429,9567,9257,8675,8442,8045,7896,7800,7483,7421,7281,7129,7076,6944,6713,6713,6613,6599,6535,6386,6327,6286,6268,6175,6148,6085,6067,5870,5870,5783,5637,5592,5532,5444,5249,5249,5165,4991,4778,4676,4676,3903,3903,3709,3038,3033,2959,2824,2689,2387,1509,1253,641,628,628,627,627,627,209,209,156,156,155,155,155,155,155,155,145,145,142,142,142,98,98,95,95,95,94,94,91,91,90,85,84,81,81,77,77,74,71,70,64,64,64,58,58,58,55,54,52,51,48,48,48,44,44,42,40,40,40,38,37,36,36,34,34,33,33,32,32,32,32,31,31,30,30,30,30,29,29,29
2.14748e+09,2.14748e+09,2.14748e+09,2.14748e+09,2.14748e+09,2.14748e+09,2.14748e+09,2.14748e+09,2.14748e+09,2.14748e+09,2.14748e+09,2.14748e+09,2.14748e+09,2.14748e+09,2.14748e+09,2.14748e+09,2.14748e+09,2.14748e+09,2.14748e+09,2.14748e+09,2.14748e+09,2.14748e+09,2.14748e+09,2.14748e+09,2.14748e+09,2.14748e+09,2.14748e+09,2.14748e+09,2.14748e+09,2.14748e+09,2.14748e+09,2.14748e+09,2.14748e+09,2.14748e+09,2.14748e+09,2.14748e+09,2.14748e+09,2.14748e+09,2.14748e+09,2.14748e+09,2.14748e+09,2.14748e+09,2.14748e+09,2.14748e+09,2.14748e+09,2.14748e+09,2.14748e+09,2.14748e+09,2.14748e+09,2.14748e+09,2.14748e+09,2.14748e+09,2.14748e+09,2.14748e+09,2.14748e+09,2.14748e+09,2.14748e+09,2.14748e+09,2.14748e+09,2.14748e+09,2.14748e+09,2.14748e+09,2.14748e+09,2.14748e+09,2.14748e+09,2.14748e+09,2.14748e+09,2.14748e+09,2.14748e+09,2.14748e+09,2.14748e+09,1.85113e+09,1.7651e+09,1.53922e+09,1.24719e+09,1.24719e+09,8.76908e+08,8.76908e+08,5.67019e+08,5.16621e+08,3.80394e+08,3.19695e+08,2.5365e+08,2.5365e+08,2.18573e+08,1.93875e+08,1.44789e+08,1.14341e+08,8.7265e+07,7.22241e+07,7.22241e+07,5.40663e+07,5.13234e+07,4.68601e+07,3.39519e+07,2.78395e+07,2.16254e+07,1.87544e+07,1.59854e+07,1.11749e+07,9.80413e+06,9.43324e+06,6.75185e+06,6.51935e+06,5.40537e+06,4.66583e+06,3.05457e+06,2.83884e+06,2.24535e+06,2.01026e+06,1.79074e+06,1.54038e+06,1.34526e+06,1.10392e+06,894580,827244,589452,579500,522679,374200,288911,257308,195043,107179,107179,95086,85601,81338,61662,48385,44228,40424,37719,23891,20199,15655,13743,13743,11634,8893,8629,7577,6744,4503,4503,4503,3067,3067,2927,1965,1965,1524,1524,1337,1206,1035,1035,693,693,691,651,651,639,453,432,432,432,407,376,350,339,315,299,269,269,247,228,226,217,198,195,187,185,173,173,173,168,165,163,162,161,160,157,154,154,152,152,149,149,148
2.14748e+09,2.14748e+09,2.14748e+09,2.14748e+09,2.14748e+09,2.14748e+09,2.14748e+09,2.14748e+09,2.14748e+09,2.14748e+09,2.14748e+09,2.14748e+09,2.14748e+09,2.14748e+09,2.14748e+09,2.14748e+09,2.14748e+09,2.14748e+09,2.14748e+09,2.14748e+09,2.14748e+09,2.14748e+09,2.14748e+09,2.14748e+09,2.14748e+09,2.14748e+09,2.14748e+09,2.14748e+09,2.14748e+09,2.14748e+09,2.14748e+09,2.14748e+09,2.14748e+09,2.14748e+09,2.14748e+09,2.14748e+09,2.14748e+09,2.14748e+09,2.14748e+09,2.14748e+09,2.14748e+09,2.14748e+09,2.14748e+09,2.14748e+09,2.14748e+09,2.14748e+09,2.14748e+09,2.14748e+09,2.14748e+09,2.14748e+09,2.14748e+09,2.14748e+09,2.14748e+09,2.14748e+09,2.14748e+09,2.14748e+09,2.14748e+09,2.14748e+09,2.14748e+09,2.14748e+09,2.14748e+09,2.14748e+09,2.14748e+09,2.14748e+09,2.14748e+09,2.14748e+09,2.08688e+09,1.97724e+09,1.62807e+09,1.47621e+09,1.07534e+09,8.82368e+08,8.01883e+08,6.3165e+08,6.23717e+08,5.78766e+08,5.58417e+08,3.88403e+08,3.81683e+08,2.71823e+08,2.54097e+08,2.4737e+08,2.14496e+08,1.71291e+08,1.34465e+08,1.34403e+08,1.34403e+08,1.18666e+08,1.04001e+08,8.96711e+07,8.34624e+07,7.69162e+07,7.14751e+07,6.02459e+07,5.11067e+07,5.11067e+07,4.19625e+07,4.05776e+07,3.47647e+07,2.89213e+07,2.33925e+07,2.19844e+07,1.89653e+07,1.533e+07,1.40275e+07,1.33433e+07,1.29519e+07,1.29519e+07,1.10854e+07,9.02094e+06,7.99648e+06,7.08326e+06,6.94417e+06,6.71211e+06,6.14674e+06,5.31172e+06,4.96259e+06,4.32457e+06,4.27158e+06,3.61872e+06,3.61872e+06,2.91204e+06,2.91204e+06,2.71756e+06,2.3258e+06,2.04592e+06,1.99404e+06,1.95968e+06,1.72626e+06,1.61981e+06,1.42033e+06,1.30394e+06,1.18516e+06,1.07006e+06,1.01734e+06,923358,871537,841887,742663,682308,645770,608793,596337,455794,455794,439191,386654,351780,351780,325147,285176,266831,261599,221514,216755,207615,189509,179946,170985,157479,147983,143827,139794,125853,121222,120395,116424,105455,103185,99069,94250,92338,83596,80706,75518,71957,71896,68731,65970,65207,62368,58311,57876,54170,52668,50378,47412,47412,46123,44330,41716,40841,40108,37756,36378,36378,35086,34168,33540,32709
2.14748e+09,2.14748e+09,2.14748e+09,2.14748e+09,2.14748e+09,2.14748e+09,2.14748e+09,2.14748e+09,2.14748e+09,2.14748e+09,2.14748e+09,2.14748e+09,2.14748e+09,2.14748e+09,2.14748e+09,2.14748e+09,2.14748e+09,2.14748e+09,2.14748e+09,2.14748e+09,2.14748e+09,2.14748e+09,2.14748e+09,2.14748e+09,2.14748e+09,2.14748e+09,2.14748e+09,2.14748e+09,2.14748e+09,2.14748e+09,2.14748e+09,2.14748e+09,2.14748e+09,2.14748e+09,2.14748e+09,2.14748e+09,2.14748e+09,2.14748e+09,2.14748e+09,2.14748e+09,2.14748e+09,2.14748e+09,2.14748e+09,2.14748e+09,2.14748e+09,2.14748e+09,2.14748e+09,2.14748e+09,2.14748e+09,2.14748e+09,2.14748e+09,2.14748e+09,2.14748e+09,2.14748e+09,2.14748e+09,2.14748e+09,2.14748e+09,2.14748e+09,2.14748e+09,2.14748e+09,2.14748e+09,2.14748e+09,2.14748e+09,2.14748e+09,2.14748e+09,2.14748e+09,2.14748e+09,2.14748e+09,2.14748e+09,2.14748e+09,2.14748e+09,2.14748e+09,2.14748e+09,2.14748e+09,2.14748e+09,2.14748e+09,2.14748e+09,2.14748e+09,2.14748e+09,2.14748e+09,2.14748e+09,2.14748e+09,2.14748e+09,2.14748e+09,2.14748e+09,2.14748e+09,2.14748e+09,2.14748e+09,1.91018e+09,1.6566e+09,1.3871e+09,1.25368e+09,1.0733e+09,8.44588e+08,8.02851e+08,7.83243e+08,6.88632e+08,6.30224e+08,5.70747e+08,5.70747e+08,4.67789e+08,4.67789e+08,4.15829e+08,3.5807e+08,3.34428e+08,2.89268e+08,2.63017e+08,2.23905e+08,2.07479e+08,1.90016e+08,1.88222e+08,1.59739e+08,1.48805e+08,1.23671e+08,1.01025e+08,9.61148e+07,9.18166e+07,7.77446e+07,7.02622e+07,6.05178e+07,5.4566e+07,4.8682e+07,4.16197e+07,4.15865e+07,3.96848e+07,3.1395e+07,3.01788e+07,2.55517e+07,2.2527e+07,2.21389e+07,1.76946e+07,1.58967e+07,1.4255e+07,1.14061e+07,1.07964e+07,1.05185e+07,8.56178e+06,8.12851e+06,7.8203e+06,6.76929e+06,5.24366e+06,5.24366e+06,4.92673e+06,4.13399e+06,3.88665e+06,3.86286e+06,3.66225e+06,3.27707e+06,2.79526e+06,2.29912e+06,2.2449e+06,2.19411e+06,2.03935e+06,1.69541e+06,1.54404e+06,1.36697e+06,1.28766e+06,1.23282e+06,1.08425e+06,1.06865e+06,956373,928609,875058,869100,729897,652892,556847,545697,440018,440018,412503,393531,372607,350113,295591,273068,266170,244428,232091,218396,194114,169816,168870,152698,143946,141550,124260,123087,112644,108662,108522,97468,92996,89611,83322,79740,75911,69247,66640,66640
2.14748e+09,2.14748e+09,2.14748e+09,2.14748e+09,2.14748e+09,2.14748e+09,2.14748e+09,2.14748e+09,2.14748e+09,2.14748e+09,2.14748e+09,2.14748e+09,2.14748e+09,2.14748e+09,2.14748e+09,2.14748e+09,2.14748e+09,2.14748e+09,2.14748e+09,2.14748e+09,2.14748e+09,2.14748e+09,2.14748e+09,2.14748e+09,2.14748e+09,2.14748e+09,2.14748e+09,2.14748e+09,2.14748e+09,2.14748e+09,2.14748e+09,2.14748e+09,2.14748e+09,2.14748e+09,2.14748e+09,2.14748e+09,2.14748e+09,2.14748e+09,2.14748e+09,2.14748e+09,2.14748e+09,2.14748e+09,2.14748e+09,2.14748e+09,2.00615e+09,1.78284e+09,1.41118e+09,1.2109e+09,9.35569e+08,7.96094e+08,7.96094e+08,6.21805e+08,4.55444e+08,4.55444e+08,2.97446e+08,2.95637e+08,2.71376e+08,2.24175e+08,2.2219e+08,1.38266e+08,1.26343e+08,9.37153e+07,9.37153e+07,8.84042e+07,6.07937e+07,5.74296e+07,3.44996e+07,3.44996e+07,2.48492e+07,2.35648e+07,1.75747e+07,1.54576e+07,1.46806e+07,1.2769e+07,1.18822e+07,6.99751e+06,6.83919e+06,5.53128e+06,4.41804e+06,3.826e+06,2.74768e+06,2.58962e+06,2.24159e+06,1.5625e+06,1.5625e+06,1.27495e+06,928988,835861,776673,508679,508679,376729,304193,288991,253545,169022,149952,149952,86347,68818,66552,50661,49567,49567,39411,26697,26697,23034,17198,14538,13044,13044,10067,7313,7313,6183,4537,4153,2861,2524,2314,1859,1721,1432,1203,1203,1110,1039,863,752,704,701,605,572,507,433,431,364,364,364,347,332,332,305,305,298,273,273,264,253,241,241,235,226,226,225,222,221,218,216,211,210,210,208,206,205,204,202,199,198,197,196,195,195,193,193,192,192,190,190,189,188,188,188,187,187,187,187,186,186,185,185,185,185,185,184,184,184,183,183
2.14748e+09,2.14748e+09,2.14748e+09,2.14748e+09,2.14748e+09,2.14748e+09,2.14748e+09,2.14748e+09,2.14748e+09,2.14748e+09,2.14748e+09,2.14748e+09,2.14748e+09,2.14748e+09,2.14748e+09,2.14748e+09,2.14748e+09,2.14748e+09,2.14748e+09,2.14748e+09,2.14748e+09,2.14748e+09,2.14748e+09,2.14748e+09,2.14748e+09,2.14748e+09,2.14748e+09,2.14748e+09,2.14748e+09,2.14748e+09,2.14748e+09,2.14748e+09,2.14748e+09,2.14748e+09,2.14748e+09,2.14748e+09,2.14748e+09,2.14748e+09,2.14748e+09,2.14748e+09,2.14748e+09,2.14748e+09,2.14748e+09,2.14748e+09,2.14748e+09,2.14748e+09,2.14748e+09,2.14748e+09,2.14748e+09,2.14748e+09,2.14748e+09,2.14748e+09,2.14748e+09,2.14748e+09,2.14748e+09,2.14748e+09,2.14748e+09,2.14748e+09,2.14748e+09,2.14748e+09,2.14748e+09,2.14748e+09,2.14748e+09,2.14748e+09,2.14748e+09,2.14748e+09,2.14748e+09,2.14748e+09,2.14748e+09,2.14748e+09,2.14748e+09,2.14748e+09,2.14748e+09,2.14748e+09,2.14748e+09,2.14748e+09,2.14748e+09,2.14748e+09,2.14748e+09,2.14748e+09,2.14748e+09,2.14748e+09,2.14748e+09,2.14748e+09,2.14748e+09,2.14748e+09,2.14748e+09,2.14748e+09,2.14748e+09,2.14748e+09,2.14748e+09,2.14748e+09,2.14748e+09,2.14748e+09,2.14748e+09,2.14748e+09,2.14748e+09,2.14748e+09,2.14748e+09,1.73007e+09,1.43953e+09,1.32868e+09,1.19929e+09,9.57756e+08,8.19883e+08,8.19883e+08,6.87308e+08,5.31575e+08,4.92062e+08,4.92062e+08,4.19702e+08,3.87889e+08,3.71535e+08,3.07213e+08,2.16763e+08,2.04976e+08,2.00143e+08,1.64003e+08,1.42425e+08,1.26487e+08,1.11269e+08,1.09007e+08,9.51231e+07,8.54533e+07,7.55093e+07,6.60394e+07,6.08383e+07,5.63684e+07,4.72625e+07,4.61868e+07,3.43816e+07,3.02852e+07,2.68848e+07,2.24106e+07,1.51522e+07,1.23934e+07,1.23934e+07,1.23934e+07,8.54301e+06,6.83113e+06,6.83113e+06,6.75345e+06,5.92871e+06,5.41059e+06,4.55176e+06,4.3126e+06,3.72459e+06,3.2475e+06,2.68525e+06,2.52023e+06,2.27759e+06,1.8145e+06,1.63069e+06,1.45086e+06,1.45086e+06,1.14112e+06,896508,896508,858060,726606,672290,608189,515808,478903,399377,354505,340195,298645,269267,252231,213943,174984,162501,136014,136014,133578,107644,75218,70402,66238,59007,52311,47705,35266,35266,35266,35266,30733,28606,28450,27133,23783,19868,18562,18017,15536,15449,13769,13769,12712
2.14748e+09,2.14748e+09,2.14748e+09,2.14748e+09,2.14748e+09,2.14748e+09,2.14748e+09,2.14748e+09,2.14748e+09,2.14748e+09,2.14748e+09,2.14748e+09,2.14748e+09,2.14748e+09,2.14748e+09,2.14748e+09,2.14748e+09,2.14748e+09,2.14748e+09,2.14748e+09,2.14748e+09,2.14748e+09,2.14748e+09,2.14748e+09,2.14748e+09,2.14748e+09,2.14748e+09,2.14748e+09,2.14748e+09,2.14748e+09,2.14748e+09,2.14748e+09,2.14748e+09,2.14748e+09,2.14748e+09,2.14748e+09,2.14748e+09,2.14748e+09,2.14748e+09,2.14748e+09,2.14748e+09,2.14748e+09,2.14748e+09,2.14748e+09,2.14748e+09,2.14748e+09,2.14748e+09,2.14748e+09,2.14748e+09,2.14748e+09,2.14748e+09,2.14748e+09,2.14748e+09,2.14748e+09,2.14748e+09,2.14748e+09,2.14748e+09,2.14748e+09,2.14748e+09,2.14748e+09,2.14748e+09,2.14748e+09,2.14748e+09,2.14748e+09,2.14748e+09,2.14748e+09,2.14748e+09,2.14748e+09,2.14748e+09,2.14748e+09,2.14748e+09,2.14748e+09,2.14748e+09,2.14748e+09,2.14748e+09,2.14748e+09,2.14748e+09,2.14748e+09,2.14748e+09,2.14748e+09,2.14748e+09,2.14748e+09,2.14748e+09,2.14748e+09,2.14748e+09,2.14748e+09,2.14748e+09,2.14748e+09,2.14748e+09,2.14748e+09,2.14748e+09,2.14748e+09,2.14748e+09,2.14748e+09,2.14748e+09,2.14748e+09,2.14748e+09,2.14748e+09,2.14748e+09,2.14748e+09,2.14748e+09,2.14748e+09,2.14748e+09,2.14748e+09,2.14748e+09,2.14748e+09,2.14748e+09,2.14748e+09,2.14748e+09,2.14748e+09,2.14748e+09,2.14748e+09,2.14748e+09,2.14748e+09,2.14748e+09,2.14748e+09,2.14748e+09,2.14748e+09,2.14748e+09,2.14748e+09,2.14748e+09,2.14748e+09,2.14748e+09,2.14748e+09,2.14748e+09,2.14748e+09,2.14748e+09,2.14748e+09,2.14748e+09,2.14748e+09,2.14748e+09,2.14748e+09,2.14748e+09,2.14748e+09,2.14748e+09,2.14748e+09,2.14748e+09,2.14748e+09,2.14748e+09,2.14748e+09,2.14748e+09,1.95355e+09,1.77393e+09,1.61321e+09,1.54581e+09,1.46612e+09,1.32846e+09,1.16188e+09,1.12322e+09,1.0099e+09,9.26259e+08,8.27145e+08,7.55993e+08,6.85889e+08,6.83702e+08,6.42633e+08,6.04319e+08,5.72862e+08,5.43191e+08,4.90575e+08,4.90575e+08,4.44919e+08,4.18589e+08,3.8843e+08,3.77887e+08,3.67082e+08,3.29445e+08,3.21358e+08,2.85356e+08,2.81987e+08,2.61214e+08,2.53847e+08,2.33312e+08,2.23924e+08,2.06922e+08,1.96905e+08,1.8644e+08,1.73253e+08,1.64507e+08,1.56302e+08,1.45327e+08,1.36878e+08,1.22595e+08,1.22595e+08,1.12594e+08,1.06636e+08,9.49888e+07,9.28351e+07,8.81727e+07,8.5077e+07,7.70258e+07,7.37507e+07,6.66443e+07,6.35406e+07,6.08586e+07,5.62332e+07,5.45615e+07,5.08856e+07,4.5753e+07,4.43556e+07
2.14748e+09,2.14748e+09,2.14748e+09,2.14748e+09,2.14748e+09,2.14748e+09,2.14748e+09,2.14748e+09,2.14748e+09,2.14748e+09,2.14748e+09,2.14748e+09,2.14748e+09,2.14748e+09,2.14748e+09,2.14748e+09,2.14748e+09,2.14748e+09,2.14748e+09,2.14748e+09,2.14748e+09,2.14748e+09,2.14748e+09,2.14748e+09,2.14748e+09,2.14748e+09,2.10752e+09,2.10752e+09,2.10752e+09,9.97019e+08,7.71829e+08,7.71059e+08,7.49206e+08,6.50403e+08,5.55404e+08,4.39652e+08,3.88097e+08,2.77658e+08,1.90466e+08,1.2842e+08,1.04083e+08,1.04083e+08,7.27328e+07,6.46112e+07,5.28487e+07,3.49348e+07,3.49348e+07,2.62345e+07,2.26614e+07,1.66182e+07,1.20324e+07,1.08627e+07,1.01791e+07,7.23286e+06,4.06205e+06,3.68725e+06,3.6478e+06,2.96472e+06,1.56379e+06,1.46722e+06,1.08566e+06,787523,770413,402943,396386,340879,340879,288395,179644,143498,92745,92745,72992,72992,65999,38668,35389,23386,16281,16281,13512,9748,9748,8560,5424,5340,3950,3950,3402,2497,2497,2384,2323,1562,1562,1439,1129,1129,941,731,707,594,594,594,435,434,434,434,377,355,354,346,304,304,273,263,245,225,220,211,204,201,189,181,159,159,159,145,138,132,132,124,122,121,117,110,98,98,98,92,92,89,86,86,84,84,84,82,82,81,81,81,81,80,80,80,79,79,79,78,78,78,78,78,78,78,78,78,78,78,78,78,78,78,78,78,78,78,77,77,77,77,77,77,77,77,77,77,77,77,77,77,77,77,77,77,77,77,77,77
2.14748e+09,2.14748e+09,2.14748e+09,2.14748e+09,2.14748e+09,2.14748e+09,2.14748e+09,2.14748e+09,2.14748e+09,2.14748e+09,2.14748e+09,2.14748e+09,2.14748e+09,2.14748e+09,2.14748e+09,2.14748e+09,2.14748e+09,2.14748e+09,2.14748e+09,2.14748e+09,2.14748e+09,2.14748e+09,2.14748e+09,2.14748e+09,2.14748e+09,2.14748e+09,2.14748e+09,2.14748e+09,2.14748e+09,2.14748e+09,2.14748e+09,2.14748e+09,2.14748e+09,2.14748e+09,2.14748e+09,2.14748e+09,2.14748e+09,2.14748e+09,2.14748e+09,2.14748e+09,2.14748e+09,2.14748e+09,2.14748e+09,2.14748e+09,2.14748e+09,2.14748e+09,2.14748e+09,2.14748e+09,2.14748e+09,2.07653e+09,2.07653e+09,1.76233e+09,1.34742e+09,9.75581e+08,7.84328e+08,6.58103e+08,5.24034e+08,5.24034e+08,3.34584e+08,2.84875e+08,2.56044e+08,2.56044e+08,1.52272e+08,1.50444e+08,1.20041e+08,1.20041e+08,7.87291e+07,7.67006e+07,7.67006e+07,5.073e+07,3.86192e+07,3.6593e+07,2.91373e+07,1.91189e+07,1.77837e+07,1.63171e+07,1.23699e+07,1.04245e+07,6.48886e+06,4.56196e+06,3.94097e+06,3.94097e+06,3.68598e+06,2.8816e+06,2.57144e+06,1.75056e+06,1.56698e+06,1.38102e+06,1.23364e+06,1.00208e+06,845798,819247,751033,609826,577465,559880,488669,428997,318151,259138,220939,181524,143262,73043,67690,37138,30868,26411,13372,13372,13372,11915,11169,8471,6846,5984,5984,5984,2794,2794,2794,2393,1220,1220,1220,1220,1220,1028,842,841,759,692,606,570,522,485,469,378,365,365,299,293,265,265,265,240,224,216,202,191,185,184,176,166,162,155,151,147,144,136,132,132,131,128,124,124,122,122,120,117,117,115,115,114,111,111,110,107,107,106,106,105,104,102,101,100,99,97,96,95,93,91,91,90,89,88,88,87,87,86
