2.14748e+09,1.33801e+09,1.33801e+09,6.94368e+08,6.94368e+08,6.86447e+08,2.8077e+08,2.03933e+08,1.86011e+08,1.65909e+08,1.29399e+08,5.40141e+07,3.73014e+07,3.52745e+07,3.40751e+07,3.12923e+07,1.82782e+07,7.94334e+06,6.86209e+06,5.64417e+06,4.85573e+06,4.50383e+06,3.71172e+06,2.40067e+06,1.29381e+06,1.29381e+06,1.088e+06,918732,918732,625301,625301,515197,428831,301504,248876,150929,134579,90544,88829,80386,59400,18573,17656,17656,13114,9410,4243,2854,2549,1855,1323,1323,941,734,440,389,353,353,353,224,199,135,79,56,56,51,26,26,25,19,15,11,9,5,5,4,3,2,2,2,1,1,1,1,0,0,0,0,0,0,0,0,0,0,0,0,0,0,0,0
2.14748e+09,2.14748e+09,2.14748e+09,2.14748e+09,2.14748e+09,2.14748e+09,1.02576e+09,6.36873e+08,2.6948e+08,2.6948e+08,2.48903e+08,2.16177e+08,1.82918e+08,1.12289e+08,9.09928e+07,6.09029e+07,6.09029e+07,3.72593e+07,3.05248e+07,1.61172e+07,1.61172e+07,1.61172e+07,1.26057e+07,9.98389e+06,6.7898e+06,5.91001e+06,5.10771e+06,3.50006e+06,2.23848e+06,2.09633e+06,2.09633e+06,1.38647e+06,376439,376439,241300,241300,222118,199062,180305,144739,67534,67534,67534,35841,35841,33521,25682,25682,13644,11520,10710,5975,5019,1940,1822,1801,1801,1726,1316,617,617,336,336,336,261,247,182,181,102,82,59,59,38,32,26,24,13,12,9,9,8,2,2,2,2,2,1,1,1,0,0,0,0,0,0,0,0,0,0,0
2.14748e+09,2.14748e+09,2.14748e+09,2.14748e+09,2.14748e+09,2.14748e+09,2.14748e+09,2.14748e+09,2.14748e+09,2.14748e+09,2.14748e+09,2.14748e+09,2.14748e+09,9.92212e+08,4.80136e+08,4.70515e+08,2.04968e+08,1.90523e+08,1.39967e+08,1.39967e+08,1.15504e+08,9.75757e+07,7.83008e+07,4.28812e+07,4.28812e+07,2.97403e+07,2.36573e+07,1.79178e+07,1.34159e+07,7.37392e+06,7.37392e+06,5.73569e+06,4.80922e+06,2.72313e+06,1.84379e+06,1.82868e+06,1.49684e+06,1.42927e+06,806809,468830,403967,299877,241310,234170,149570,102100,59549,59549,49346,35988,35988,23271,17788,13000,9836,8015,6160,5572,4781,2548,1288,1288,1288,1288,520,309,220,215,103,103,73,67,63,36,33,20,19,15,9,6,6,5,3,3,2,2,1,1,1,1,1,1,1,1,1,1,1,1,1,1
2.14748e+09,2.14748e+09,2.14748e+09,2.14748e+09,1.89986e+09,8.60099e+08,8.60099e+08,7.34727e+08,5.94266e+08,2.53298e+08,2.53298e+08,2.41068e+08,9.81322e+07,6.23191e+07,5.713e+07,5.713e+07,4.53004e+07,2.42442e+07,1.35139e+07,1.33741e+07,1.305e+07,1.15038e+07,8.38455e+06,8.38455e+06,5.64219e+06,4.62152e+06,4.62152e+06,3.48393e+06,1.96901e+06,1.42695e+06,1.25541e+06,1.1662e+06,630961,616986,605437,162751,162751,142029,142029,131337,95321,53301,25014,25014,14498,14498,8381,5727,4116,2344,2118,1475,1285,1270,1057,921,840,645,645,453,372,189,189,103,84,84,82,71,33,29,20,20,14,14,14,8,8,7,5,3,3,1,1,1,1,1,1,0,0,0,0,0,0,0,0,0,0,0,0,0
2.14748e+09,1.34296e+09,1.05163e+09,5.73393e+08,5.73393e+08,5.26955e+08,4.42242e+08,4.42242e+08,2.05386e+08,1.10335e+08,9.77846e+07,9.77846e+07,8.73424e+07,8.66106e+07,5.80314e+07,5.45936e+07,3.93357e+07,2.68408e+07,1.3208e+07,1.13922e+07,1.03835e+07,9.46662e+06,6.17146e+06,5.94769e+06,4.62943e+06,4.62943e+06,4.20947e+06,805390,805390,805390,805390,805390,457914,247726,247726,162112,101947,94333,71730,60216,36824,32153,32153,32153,21394,11799,9093,9093,5086,5086,2836,2592,2060,1224,942,942,894,619,569,333,190,190,105,105,105,78,48,36,32,32,17,6,6,5,4,4,2,2,1,1,0,0,0,0,0,0,0,0,0,0,0,0,0,0,0,0,0,0,0,0
2.14748e+09,2.14748e+09,2.14748e+09,2.14748e+09,2.14748e+09,2.14748e+09,1.14234e+09,8.00509e+08,5.22797e+08,5.22797e+08,4.63067e+08,4.37518e+08,3.41661e+08,1.56981e+08,9.98968e+07,9.79962e+07,5.25223e+07,2.68817e+07,2.68817e+07,2.68817e+07,2.68817e+07,1.77072e+07,1.39266e+07,1.29022e+07,8.48347e+06,3.2331e+06,3.2331e+06,3.03705e+06,3.03705e+06,2.38567e+06,1.86923e+06,1.86923e+06,1.48933e+06,1.03285e+06,841284,625418,625418,625418,421089,289740,289740,255471,159187,139046,139046,89097,75681,48700,48700,37653,32730,29337,13180,11450,9250,6398,3751,3213,3213,2034,967,967,954,594,280,244,243,154,146,70,70,69,43,24,20,19,18,7,6,5,5,4,2,2,2,1,1,1,1,1,1,0,0,0,0,0,0,0,0,0
2.14748e+09,2.14748e+09,2.14748e+09,2.14748e+09,1.64195e+09,1.50514e+09,7.49351e+08,3.02756e+08,1.4209e+08,1.4209e+08,6.19481e+07,6.19481e+07,6.0775e+07,6.0775e+07,3.87006e+07,3.32454e+07,2.4966e+07,1.3975e+07,1.3975e+07,1.25169e+07,1.11171e+07,1.11171e+07,4.97388e+06,4.2765e+06,3.82704e+06,2.92085e+06,1.65249e+06,1.47071e+06,1.40601e+06,1.39901e+06,206446,206446,201202,201202,139425,139425,72993,36369,36369,22219,20897,15602,13574,10935,9648,6605,3738,3388,3388,2302,1276,1243,760,542,542,432,348,348,199,161,161,106,71,64,57,50,30,28,28,17,15,9,7,6,2,1,1,1,0,0,0,0,0,0,0,0,0,0,0,0,0,0,0,0,0,0,0,0,0,0
2.14748e+09,2.14748e+09,2.14748e+09,2.14748e+09,2.14748e+09,2.14748e+09,2.14748e+09,2.14748e+09,8.73081e+08,7.31752e+08,5.72277e+08,3.40725e+08,3.19471e+08,3.19471e+08,2.24626e+08,2.01908e+08,1.83587e+08,1.17422e+08,6.77139e+07,5.82987e+07,5.61409e+07,2.87742e+07,2.87742e+07,2.72149e+07,2.72149e+07,2.08272e+07,1.71223e+07,1.17765e+07,9.25924e+06,7.72951e+06,5.08843e+06,3.22778e+06,2.22345e+06,1.77255e+06,1.02616e+06,1.0072e+06,1.0072e+06,1.0072e+06,723200,449863,258548,258548,121986,89114,89114,64323,58548,28260,28260,28260,15636,9619,9619,7342,5134,5134,4452,2332,1744,1744,1701,1104,502,352,309,185,141,141,60,60,60,47,28,26,15,15,8,4,2,1,1,1,0,0,0,0,0,0,0,0,0,0,0,0,0,0,0,0,0,0
2.14748e+09,2.14748e+09,2.14748e+09,2.14748e+09,1.8466e+09,1.21189e+09,6.36305e+08,3.1558e+08,2.49711e+08,2.10771e+08,2.10771e+08,2.03086e+08,1.19189e+08,7.70315e+07,7.70315e+07,7.05145e+07,6.63621e+07,5.5941e+07,4.497e+07,3.68601e+07,1.21912e+07,1.21912e+07,5.41609e+06,4.17877e+06,2.54807e+06,1.84868e+06,1.84868e+06,1.84868e+06,1.46771e+06,1.25554e+06,671585,585449,380750,380750,270892,270892,229541,187428,131420,106172,105847,73814,68292,37264,37264,16156,10980,10980,10980,8589,5093,4241,3332,2433,1881,819,819,721,336,244,226,226,200,76,40,38,38,21,21,19,12,10,8,6,3,3,3,2,2,1,1,1,1,0,0,0,0,0,0,0,0,0,0,0,0,0,0,0,0,0
2.14748e+09,1.81272e+09,9.58874e+08,8.04853e+08,5.08079e+08,4.90029e+08,4.90029e+08,3.61068e+08,3.61068e+08,1.31814e+08,1.03541e+08,1.03541e+08,6.16475e+07,5.68944e+07,5.68944e+07,2.55689e+07,2.55689e+07,2.51776e+07,1.20805e+07,9.57961e+06,6.2091e+06,4.63069e+06,3.37781e+06,3.27507e+06,2.59657e+06,2.59657e+06,2.25363e+06,1.9809e+06,1.15186e+06,1.03207e+06,809720,613825,438687,438687,286992,256676,237448,172670,151097,95999,82880,30894,30894,30894,27136,27136,14028,12861,12861,8249,5326,4625,3127,2665,1481,1076,882,868,769,455,455,332,297,249,249,121,67,40,40,37,13,13,13,11,8,4,3,2,2,1,1,1,1,1,1,0,0,0,0,0,0,0,0,0,0,0,0,0,0,0
2.14748e+09,2.14748e+09,1.82752e+09,1.57508e+09,1.18171e+09,7.44044e+08,7.44044e+08,4.99305e+08,4.99305e+08,3.78415e+08,2.89907e+08,2.07466e+08,1.8868e+08,9.01986e+07,8.5673e+07,6.1249e+07,6.1249e+07,5.02273e+07,4.27893e+07,2.94208e+07,1.99435e+07,1.53828e+07,1.47988e+07,1.03017e+07,7.96084e+06,4.14144e+06,4.14144e+06,3.44274e+06,2.61274e+06,2.59468e+06,1.86383e+06,1.35828e+06,778255,267988,216222,216222,172145,101042,87587,87151,64834,58735,38343,31153,18884,14283,12008,12008,8454,6225,5335,5160,3762,2462,1933,1264,941,583,479,378,240,240,240,125,96,96,64,60,33,20,13,8,6,4,2,2,2,2,2,2,1,1,1,1,1,1,0,0,0,0,0,0,0,0,0,0,0,0,0,0
2.14748e+09,1.96522e+09,1.05905e+09,1.05905e+09,1.05905e+09,3.81223e+08,3.81223e+08,2.90933e+08,2.90933e+08,2.67055e+08,1.30736e+08,1.27717e+08,1.05292e+08,3.27506e+07,3.27506e+07,2.76942e+07,1.8467e+07,1.3822e+07,1.3822e+07,9.30791e+06,7.47471e+06,3.99588e+06,2.7092e+06,2.00224e+06,878868,878868,732070,642068,515183,472124,413021,179181,161531,88342,88342,65602,63772,33048,33048,25011,25011,9630,9630,7914,5674,2974,2974,2143,1568,1280,594,594,587,315,315,178,139,134,129,99,49,30,30,16,16,16,10,10,5,3,2,0,0,0,0,0,0,0,0,0,0,0,0,0,0,0,0,0,0,0,0,0,0,0,0,0,0,0,0,0
2.14748e+09,2.14748e+09,1.53848e+09,1.03778e+09,1.03778e+09,1.03778e+09,5.12304e+08,5.12304e+08,4.94851e+08,4.40023e+08,3.41694e+08,2.43102e+08,1.71547e+08,1.36608e+08,8.91744e+07,7.1121e+07,3.43464e+07,3.43464e+07,2.11703e+07,2.11703e+07,1.02402e+07,6.44365e+06,6.44365e+06,4.17818e+06,4.17818e+06,4.17818e+06,3.88405e+06,2.62739e+06,1.858e+06,1.40687e+06,882523,882523,689928,689928,322541,247328,247328,199933,147800,81049,81049,74772,48070,31702,18913,16763,16363,16319,4163,4163,2666,2324,2324,2278,2161,1787,1069,815,681,456,434,409,167,167,145,109,95,59,36,33,27,24,19,12,6,6,6,4,3,2,2,2,1,0,0,0,0,0,0,0,0,0,0,0,0,0,0,0,0,0
1.9738e+09,1.80144e+09,1.48447e+09,9.86554e+08,9.52679e+08,7.69111e+08,3.94599e+08,2.15936e+08,1.96395e+08,1.85149e+08,1.09687e+08,8.83141e+07,6.31999e+07,4.35041e+07,3.13569e+07,2.99922e+07,2.50325e+07,1.68949e+07,1.4813e+07,1.16474e+07,9.19255e+06,6.45837e+06,6.45837e+06,6.45837e+06,5.8209e+06,2.40581e+06,2.18985e+06,2.18985e+06,1.47157e+06,1.47157e+06,465166,465166,365979,319911,247123,166006,125748,106375,90467,69355,69355,58007,34011,19505,19505,18083,11754,11754,9717,7745,4655,4135,3202,2090,2090,1728,1728,1539,853,672,553,360,243,243,235,170,156,111,108,95,85,43,43,41,32,15,11,9,7,7,7,6,3,3,2,1,1,1,1,1,0,0,0,0,0,0,0,0,0,0
2.14748e+09,2.14748e+09,2.14748e+09,2.14748e+09,1.08729e+09,9.06354e+08,8.5715e+08,8.5715e+08,5.92344e+08,3.99903e+08,3.68088e+08,3.05216e+08,2.0809e+08,2.07059e+08,1.71984e+08,9.88152e+07,9.88152e+07,8.70426e+07,5.37957e+07,3.90687e+07,3.90687e+07,2.72285e+07,2.58818e+07,1.20827e+07,8.96509e+06,6.79487e+06,5.37158e+06,5.37158e+06,3.04161e+06,1.52236e+06,1.52236e+06,1.52236e+06,1.04436e+06,959243,420445,420445,420445,380875,297088,225018,170994,90444,74330,74330,45848,26387,17829,15281,12086,7759,4753,4753,4151,3839,1851,1491,1491,1419,766,764,493,423,391,293,230,127,105,91,68,24,23,23,22,17,17,15,9,5,5,4,2,2,2,2,1,1,1,1,1,1,0,0,0,0,0,0,0,0,0,0
2.14748e+09,2.14748e+09,2.14748e+09,2.14748e+09,2.14748e+09,1.64755e+09,1.02699e+09,8.80661e+08,8.04207e+08,2.6783e+08,2.27926e+08,2.27926e+08,1.87031e+08,9.63747e+07,9.63747e+07,9.63747e+07,8.47515e+07,7.93439e+07,5.76543e+07,4.1627e+07,3.11814e+07,2.45171e+07,2.29931e+07,1.51777e+07,1.51777e+07,1.17621e+07,1.17621e+07,6.68948e+06,5.58092e+06,4.02612e+06,2.18719e+06,2.01635e+06,1.33898e+06,1.08105e+06,1.08105e+06,1.0668e+06,579709,314224,306995,163592,163592,144532,105861,88197,56184,52758,36486,33103,15772,15772,8133,8133,6664,5336,3113,3113,2235,1620,1580,792,792,792,626,626,371,265,170,170,149,112,72,56,25,25,24,10,10,6,4,4,4,2,2,1,1,1,0,0,0,0,0,0,0,0,0,0,0,0,0,0
2.14748e+09,2.14748e+09,1.95981e+09,1.11115e+09,9.10402e+08,4.89034e+08,3.41148e+08,1.13767e+08,1.13767e+08,1.00678e+08,1.00678e+08,4.60145e+07,3.70846e+07,3.70846e+07,3.06617e+07,3.06617e+07,2.01706e+07,2.01706e+07,1.64526e+07,9.31415e+06,6.64132e+06,5.00518e+06,4.35222e+06,3.77572e+06,3.12992e+06,3.12992e+06,2.4409e+06,2.13144e+06,1.55174e+06,900107,900107,725372,725372,686666,556243,447529,292547,156121,156121,143898,110564,58094,49045,31110,22720,20210,16872,15291,13895,10362,6297,5381,3705,3568,3180,3127,2354,2354,1449,1113,897,564,463,295,218,144,107,76,74,63,62,39,39,26,20,15,13,7,7,4,4,4,2,1,1,1,1,1,0,0,0,0,0,0,0,0,0,0,0,0
2.14748e+09,7.51102e+08,5.71931e+08,5.71931e+08,3.37946e+08,3.2412e+08,2.79416e+08,1.6029e+08,1.23904e+08,1.23904e+08,1.23904e+08,1.20732e+08,9.55713e+07,7.13612e+07,6.13759e+07,4.8501e+07,2.74172e+07,1.85965e+07,1.85965e+07,1.3393e+07,1.0665e+07,7.98998e+06,4.02882e+06,2.74514e+06,2.74514e+06,2.25468e+06,2.25468e+06,1.66688e+06,676400,588765,466523,342726,151515,114608,114608,88629,60806,60806,43328,30243,22621,18064,15699,15699,13402,12296,6688,5478,4901,2056,1973,1442,1382,670,448,436,329,165,146,128,112,92,57,49,24,24,24,11,11,8,8,3,3,3,3,2,2,1,1,0,0,0,0,0,0,0,0,0,0,0,0,0,0,0,0,0,0,0,0,0
2.14748e+09,2.14748e+09,2.14748e+09,8.88904e+08,4.79666e+08,3.3905e+08,2.26232e+08,2.26232e+08,1.68585e+08,1.68585e+08,8.62148e+07,7.31869e+07,3.91936e+07,2.86648e+07,1.87662e+07,1.44483e+07,1.44483e+07,1.44483e+07,1.3859e+07,9.92211e+06,1.75102e+06,1.75102e+06,1.75102e+06,1.60235e+06,1.30185e+06,1.30185e+06,1.17209e+06,937857,451754,402277,277744,154142,93650,93104,61562,56789,52464,25262,25262,8423,8423,8423,8423,8423,6891,4590,2312,1705,1648,1219,1057,925,898,510,330,330,330,211,194,68,68,65,41,40,32,32,30,16,9,9,7,3,1,1,1,1,1,1,1,0,0,0,0,0,0,0,0,0,0,0,0,0,0,0,0,0,0,0,0,0
2.14748e+09,2.14748e+09,2.14748e+09,1.03532e+09,9.73588e+08,9.49019e+08,3.81524e+08,3.81524e+08,3.63624e+08,3.63624e+08,2.08247e+08,1.00929e+08,1.00929e+08,1.00929e+08,8.87923e+07,4.0426e+07,3.86212e+07,3.57776e+07,3.57776e+07,2.78897e+07,2.63976e+07,1.98231e+07,1.51292e+07,8.92461e+06,6.66926e+06,6.23026e+06,4.40412e+06,2.69201e+06,2.69201e+06,2.58361e+06,1.65995e+06,587369,587369,333447,309185,238867,194168,116659,95112,49086,49086,38951,29581,23834,23834,13887,10580,10023,10023,6895,4448,3016,2388,2166,1575,1575,1375,1091,873,539,411,407,380,291,123,116,70,70,59,44,34,29,13,11,10,10,5,3,3,3,3,1,1,1,1,0,0,0,0,0,0,0,0,0,0,0,0,0,0,0
2.14748e+09,2.14748e+09,2.14748e+09,2.14748e+09,2.14748e+09,2.14748e+09,2.14748e+09,1.58036e+09,8.50435e+08,6.09857e+08,4.57318e+08,1.82374e+08,1.49589e+08,1.46685e+08,1.01472e+08,7.03439e+07,5.93809e+07,5.93809e+07,2.66681e+07,2.66681e+07,2.03253e+07,2.03253e+07,1.5859e+07,1.18711e+07,9.44954e+06,8.36792e+06,6.24065e+06,6.09364e+06,3.97364e+06,2.63193e+06,2.61576e+06,1.32513e+06,1.32513e+06,909763,583766,319991,298318,298318,177851,106106,106106,69010,52708,42954,27141,25111,13042,10332,10332,10111,7079,4919,3374,3374,2089,1131,990,990,522,522,403,330,330,298,255,182,106,106,101,39,39,29,26,11,11,11,11,8,7,3,3,3,2,2,1,1,1,1,1,1,1,1,1,1,1,1,1,1,1,1
2.14748e+09,1.40841e+09,1.30103e+09,1.10926e+09,8.04032e+08,8.04032e+08,4.90427e+08,4.90427e+08,4.90427e+08,1.57094e+08,1.4287e+08,1.30191e+08,1.30191e+08,6.08246e+07,4.63385e+07,4.40422e+07,4.26493e+07,1.97146e+07,1.97146e+07,1.75925e+07,8.69469e+06,8.47741e+06,6.1969e+06,4.27134e+06,2.84388e+06,2.84388e+06,2.24802e+06,1.52956e+06,1.19112e+06,969622,729745,263723,263723,263723,207976,131713,103784,90982,61283,40612,40612,39036,24219,14461,14461,3064,3064,3064,3064,2410,2146,1343,1249,1103,687,496,432,305,219,195,116,78,78,60,43,43,27,25,22,22,11,11,5,3,2,2,2,2,2,0,0,0,0,0,0,0,0,0,0,0,0,0,0,0,0,0,0,0,0,0
2.14748e+09,2.14748e+09,1.0489e+09,8.49433e+08,5.55016e+08,4.7631e+08,3.90845e+08,3.43528e+08,3.43528e+08,2.21022e+08,1.44305e+08,1.20613e+08,8.50193e+07,7.56039e+07,3.22505e+07,3.22505e+07,3.22505e+07,2.49397e+07,1.21137e+07,1.15101e+07,9.13091e+06,5.7797e+06,5.7797e+06,5.7797e+06,4.51879e+06,4.36932e+06,1.88268e+06,1.791e+06,1.791e+06,1.46741e+06,1.08857e+06,405958,253596,180703,174108,129286,69900,55796,47398,40498,20825,19617,17520,15402,11512,9948,6152,5036,3662,2583,2540,995,995,995,730,272,272,234,133,115,92,67,50,44,44,28,23,16,8,8,8,4,3,2,2,1,1,1,1,1,1,1,1,1,1,1,1,0,0,0,0,0,0,0,0,0,0,0,0,0
1.89591e+09,1.31834e+09,1.17628e+09,1.17628e+09,4.10423e+08,4.10423e+08,3.24657e+08,2.81575e+08,2.47775e+08,1.63977e+08,1.60025e+08,1.33516e+08,8.55725e+07,7.74162e+07,3.42993e+07,3.42993e+07,3.18514e+07,2.10265e+07,1.4475e+07,1.40808e+07,1.37013e+07,1.25141e+07,8.51698e+06,7.85517e+06,4.4948e+06,2.27765e+06,2.27765e+06,990252,990252,616552,580677,454557,454557,359970,251863,184550,109550,108818,80664,65482,50698,45352,30658,20335,19355,13596,4887,4366,2711,2711,2711,2711,1950,1586,1586,730,624,490,463,385,307,178,178,102,65,31,31,30,30,23,21,16,10,9,7,6,5,4,2,1,1,1,1,1,1,0,0,0,0,0,0,0,0,0,0,0,0,0,0,0
2.14748e+09,2.14748e+09,2.14748e+09,2.14748e+09,6.62698e+08,3.14396e+08,3.14396e+08,3.14396e+08,3.08639e+08,2.90526e+08,1.73152e+08,1.33468e+08,1.31819e+08,1.09108e+08,9.32424e+07,3.27233e+07,3.27233e+07,3.27233e+07,3.27233e+07,1.73417e+07,1.60917e+07,1.28438e+07,1.28438e+07,8.49181e+06,4.18357e+06,2.72319e+06,1.42868e+06,1.42868e+06,1.42868e+06,801634,718529,636136,386419,324932,171084,125958,123138,93054,65942,64709,57399,47329,43993,25915,25915,19985,12868,7291,7291,3768,3768,3146,2870,2582,1792,1683,1030,834,481,456,346,316,158,142,142,142,118,99,61,27,22,13,12,12,9,9,7,7,7,4,3,2,2,1,1,1,1,1,1,1,0,0,0,0,0,0,0,0,0,0
2.14748e+09,2.14748e+09,2.14748e+09,2.14748e+09,2.14748e+09,2.14748e+09,1.61645e+09,6.67459e+08,6.454e+08,4.34127e+08,2.50543e+08,2.50421e+08,2.2833e+08,1.13478e+08,6.68157e+07,6.68157e+07,4.84209e+07,4.50241e+07,3.30051e+07,2.97251e+07,2.56727e+07,2.19419e+07,1.8216e+07,9.95527e+06,7.3065e+06,5.75515e+06,4.64971e+06,3.58285e+06,2.30977e+06,2.30977e+06,1.40831e+06,1.40831e+06,1.15742e+06,940335,661934,622606,425677,425677,321511,250119,173458,173458,161253,115252,76886,66529,66529,54324,22780,22780,22021,10916,10916,9406,9289,8154,5039,4334,3916,3136,3093,2257,1564,1213,1053,823,823,707,707,494,330,330,171,126,126,125,102,102,60,59,45,45,38,28,26,21,13,12,10,9,4,1,1,1,1,1,1,1,1,1
2.14748e+09,1.79528e+09,9.20615e+08,3.94681e+08,3.76732e+08,2.79274e+08,1.65248e+08,1.65248e+08,1.17247e+08,6.83045e+07,6.83045e+07,6.67137e+07,4.4839e+07,3.82135e+07,3.47192e+07,2.69207e+07,2.58032e+07,2.03579e+07,7.71182e+06,7.71182e+06,5.89824e+06,5.7537e+06,2.99615e+06,1.89075e+06,1.89075e+06,1.71264e+06,1.2623e+06,1.04345e+06,975576,681240,431840,251086,212606,212606,155772,66963,64796,52412,33971,30868,22669,22669,13506,13506,11308,6708,5030,5006,4342,4227,3479,2020,623,600,411,394,272,200,121,121,121,96,96,83,68,34,29,29,19,19,13,11,10,7,7,5,4,3,1,1,1,1,1,1,1,1,0,0,0,0,0,0,0,0,0,0,0,0,0,0
1.76849e+09,1.39119e+09,1.39119e+09,9.86819e+08,6.72569e+08,6.02207e+08,5.20769e+08,3.67215e+08,2.21224e+08,2.21224e+08,2.21224e+08,1.97094e+08,1.39109e+08,1.03694e+08,9.28436e+07,8.03336e+07,6.27703e+07,4.44822e+07,2.68218e+07,2.20154e+07,8.34975e+06,8.34975e+06,7.51794e+06,3.80518e+06,2.5218e+06,2.5218e+06,2.5218e+06,1.9356e+06,1.46717e+06,1.06058e+06,1.06058e+06,779017,468284,443047,220978,216431,216431,216431,167017,137283,55405,44616,31434,21794,16028,9695,6853,3445,3398,3057,2560,2305,1713,1219,1139,699,489,448,448,351,187,89,61,61,58,33,26,26,22,22,18,17,8,8,8,4,3,3,2,1,1,1,1,0,0,0,0,0,0,0,0,0,0,0,0,0,0,0,0,0
2.14748e+09,2.14748e+09,2.14748e+09,2.14748e+09,2.14748e+09,2.14748e+09,1.88612e+09,9.19528e+08,6.99806e+08,5.15036e+08,5.15036e+08,4.29991e+08,2.44879e+08,1.94995e+08,1.40702e+08,7.75744e+07,6.15127e+07,6.15127e+07,6.15127e+07,6.01554e+07,5.4271e+07,4.00231e+07,3.29405e+07,1.94803e+07,1.69210e+07,1.34097e+07,1.26999e+07,1.14252e+07,7.60228e+06,6.90079e+06,2.70219e+06,2.62529e+06,1.93329e+06,1.93092e+06,1.64025e+06,531356,531356,451116,451116,275069,275069,156279,156279,73488,73488,54863,37714,29023,29023,28186,24849,21480,15022,5817,5817,5817,4236,1836,1620,1406,1066,728,389,220,200,150,87,65,54,52,42,31,23,19,19,13,12,7,5,5,3,2,2,1,0,0,0,0,0,0,0,0,0,0,0,0,0,0,0,0
1.92913e+09,8.55646e+08,8.55646e+08,5.35932e+08,5.35932e+08,5.35354e+08,3.3354e+08,1.47526e+08,1.22458e+08,1.18402e+08,1.18402e+08,6.6829e+07,5.93762e+07,5.93762e+07,4.40055e+07,4.08375e+07,2.05714e+07,1.38835e+07,9.43211e+06,9.1219e+06,9.1219e+06,7.407e+06,5.6323e+06,4.57622e+06,3.89896e+06,2.33303e+06,2.33303e+06,1.61019e+06,995303,995303,995303,570063,549790,253993,253993,253993,141643,76382,72078,72078,62531,31158,21868,21868,11683,6087,6087,5915,2139,2062,1443,997,890,710,514,234,234,210,199,135,114,102,61,61,50,50,40,19,18,18,17,7,3,3,3,3,2,1,1,1,0,0,0,0,0,0,0,0,0,0,0,0,0,0,0,0,0,0,0,0
2.14748e+09,2.14748e+09,1.37726e+09,1.37726e+09,1.13999e+09,1.04793e+09,7.79853e+08,7.79853e+08,7.79853e+08,5.87424e+08,3.64459e+08,2.46169e+08,1.59301e+08,1.59301e+08,1.43087e+08,8.737e+07,8.737e+07,5.99525e+07,5.99525e+07,4.05941e+07,2.681e+07,2.681e+07,1.70398e+07,1.15656e+07,1.15376e+07,8.87016e+06,6.73256e+06,6.17304e+06,3.93344e+06,3.49294e+06,2.0958e+06,1.98619e+06,1.34497e+06,1.34497e+06,875565,529042,511465,214319,214319,214319,199505,173504,132869,114073,109613,69395,62655,33290,25706,24289,22196,15150,12113,7353,6033,4663,2294,2294,1526,1226,888,834,821,351,183,183,110,110,83,48,48,29,14,14,10,10,10,9,5,3,3,3,2,2,1,1,0,0,0,0,0,0,0,0,0,0,0,0,0,0
2.14748e+09,2.14748e+09,2.14748e+09,2.14748e+09,2.14748e+09,1.02613e+09,5.88283e+08,4.0082e+08,3.76924e+08,1.79911e+08,1.79911e+08,1.2214e+08,1.0212e+08,8.66129e+07,6.62764e+07,4.53805e+07,4.53805e+07,2.77709e+07,2.77709e+07,2.39283e+07,1.60835e+07,1.09272e+07,1.05752e+07,7.38572e+06,4.90026e+06,4.90026e+06,3.16147e+06,2.50463e+06,788099,788099,745455,648176,263139,173824,173824,129674,106393,95951,73436,48916,13920,13920,11567,8386,7393,7376,6352,4035,2129,2129,1577,1417,1135,607,517,517,394,374,349,240,170,126,111,101,91,64,35,19,19,11,11,7,6,4,1,0,0,0,0,0,0,0,0,0,0,0,0,0,0,0,0,0,0,0,0,0,0,0,0,0
2.14748e+09,2.14748e+09,2.14748e+09,2.14748e+09,2.14748e+09,8.98443e+08,5.28976e+08,3.30507e+08,2.43169e+08,2.43169e+08,1.66758e+08,1.36185e+08,1.36185e+08,8.49078e+07,3.92717e+07,3.712e+07,2.4531e+07,1.84139e+07,1.84139e+07,1.62401e+07,1.18187e+07,8.19278e+06,5.68284e+06,2.60986e+06,2.43040e+06,1.75283e+06,1.57094e+06,1.27392e+06,1.01688e+06,1.01688e+06,701854,489545,461375,283162,257723,190391,177305,118821,84971,73457,59665,53059,22809,18142,18142,15320,9537,6764,4393,4280,1661,314,314,314,235,117,101,84,64,53,39,39,12,11,11,11,8,5,4,4,4,3,1,1,1,0,0,0,0,0,0,0,0,0,0,0,0,0,0,0,0,0,0,0,0,0,0,0,0,0
2.14748e+09,2.14748e+09,2.14748e+09,2.14748e+09,2.14748e+09,2.14748e+09,2.14748e+09,2.14748e+09,2.14748e+09,2.14748e+09,2.14748e+09,2.14748e+09,2.14748e+09,2.14748e+09,2.14748e+09,2.04659e+09,7.2066e+08,7.2066e+08,6.20996e+08,5.39485e+08,4.89935e+08,2.34112e+08,1.69756e+08,1.27174e+08,8.80251e+07,8.21846e+07,6.76048e+07,4.95591e+07,4.86388e+07,2.68293e+07,2.68293e+07,2.68293e+07,2.0038e+07,1.12179e+07,4.98077e+06,4.98077e+06,4.98077e+06,3.04064e+06,3.04064e+06,2.46538e+06,1.66691e+06,1.42422e+06,985107,605291,594156,392970,233175,224312,207792,207220,149038,101674,93793,79861,55059,38498,26533,20590,20590,16859,16859,9154,6733,4133,3348,1609,1172,1055,1055,801,349,263,263,179,139,133,133,125,65,38,17,17,17,15,10,10,4,4,2,1,0,0,0,0,0,0,0,0,0,0
2.14748e+09,2.14748e+09,2.14748e+09,2.14748e+09,1.90892e+09,1.23701e+09,9.25048e+08,7.32881e+08,5.81764e+08,5.18547e+08,3.79601e+08,2.40032e+08,2.25426e+08,1.95523e+08,1.59889e+08,1.38021e+08,8.86893e+07,7.16348e+07,6.84781e+07,5.25709e+07,3.94845e+07,3.94845e+07,2.26889e+07,2.26889e+07,1.01586e+07,8.56887e+06,8.51144e+06,8.48634e+06,4.21966e+06,2.89214e+06,1.91372e+06,1.52953e+06,1.02267e+06,1.02267e+06,856609,780233,490376,476415,406275,406275,406275,276444,248595,211750,136863,98633,30435,30435,30435,24002,22651,20932,12202,11175,8762,3969,3969,3290,3290,1951,1530,1530,1530,978,734,495,495,390,387,325,257,134,134,134,71,54,45,44,33,33,21,13,11,9,7,4,3,2,1,1,1,1,0,0,0,0,0,0,0,0
2.14748e+09,1.00683e+09,4.38621e+08,4.38621e+08,4.08999e+08,4.08999e+08,3.51683e+08,2.74332e+08,2.28619e+08,2.09565e+08,1.18815e+08,1.18815e+08,7.39715e+07,7.39715e+07,7.39715e+07,6.20868e+07,3.78276e+07,3.72903e+07,2.55622e+07,1.92838e+07,6.99598e+06,6.31662e+06,6.31662e+06,6.18562e+06,6.18562e+06,3.3912e+06,2.08166e+06,2.08166e+06,2.08166e+06,1.48949e+06,969168,560128,560128,149961,149961,138565,105384,56810,50639,50639,26279,22809,21123,19714,15327,10076,9114,6418,6418,4623,4318,4028,4028,2749,2039,1650,1230,657,549,524,330,276,175,152,138,87,67,67,47,31,24,13,6,3,2,2,2,2,2,2,2,1,1,1,1,0,0,0,0,0,0,0,0,0,0,0,0,0,0,0
2.14748e+09,2.14748e+09,1.29339e+09,1.14394e+09,7.42523e+08,5.57236e+08,3.72602e+08,2.89612e+08,2.87869e+08,1.71148e+08,9.85059e+07,9.85059e+07,7.39033e+07,6.07571e+07,6.07571e+07,3.14126e+07,1.84727e+07,1.76568e+07,1.54751e+07,1.302e+07,8.7661e+06,8.7661e+06,4.67115e+06,4.45838e+06,2.87235e+06,1.61908e+06,1.43969e+06,1.01677e+06,582150,328818,325664,310595,294289,181321,115845,110697,87170,87170,87170,46926,26138,26138,24716,13341,9271,6651,6651,6072,2446,1893,1893,1464,683,683,683,512,431,244,152,122,122,80,53,53,45,27,22,22,15,6,5,2,2,1,1,1,1,1,0,0,0,0,0,0,0,0,0,0,0,0,0,0,0,0,0,0,0,0,0,0
2.14748e+09,1.61173e+09,1.39497e+09,1.14153e+09,1.14153e+09,5.8526e+08,1.37108e+08,1.37108e+08,1.36853e+08,1.33752e+08,1.28492e+08,1.16598e+08,4.30756e+07,4.30756e+07,3.90706e+07,3.44454e+07,2.26819e+07,1.44084e+07,1.38301e+07,7.93954e+06,7.93929e+06,7.81833e+06,5.16794e+06,5.15959e+06,4.77293e+06,4.77293e+06,4.77293e+06,2.31679e+06,547822,547822,547822,546888,357725,309602,246453,244154,193624,140347,50382,37285,33206,32315,20843,15534,9205,6532,5471,5280,4817,3101,2553,2553,672,672,672,672,350,206,141,141,78,78,67,67,47,19,17,15,11,10,4,4,2,2,1,1,1,1,0,0,0,0,0,0,0,0,0,0,0,0,0,0,0,0,0,0,0,0,0,0
2.14748e+09,1.73928e+09,1.27978e+09,1.23748e+09,7.76716e+08,7.56408e+08,5.02984e+08,4.54832e+08,2.01793e+08,2.01793e+08,2.01793e+08,1.98828e+08,1.56583e+08,1.49682e+08,1.08535e+08,8.96064e+07,4.84674e+07,4.84674e+07,3.63221e+07,2.36017e+07,2.31258e+07,1.5302e+07,8.79982e+06,7.90377e+06,4.4274e+06,3.5665e+06,1.24487e+06,1.24487e+06,1.24487e+06,1.24487e+06,1.02561e+06,648847,619678,480446,430956,405775,378001,378001,239971,216027,111248,111248,80794,55205,42133,28246,17949,17949,15629,9916,9068,7984,4868,3401,1929,1929,1929,1465,1085,917,524,389,376,192,192,192,109,71,51,51,32,32,24,24,17,15,11,11,8,4,3,2,2,2,1,1,1,0,0,0,0,0,0,0,0,0,0,0,0,0
2.14748e+09,2.14748e+09,1.81367e+09,8.17838e+08,7.78534e+08,7.05462e+08,5.68217e+08,4.46223e+08,2.32451e+08,2.02569e+08,1.80015e+08,1.7367e+08,1.19489e+08,4.33719e+07,4.33719e+07,4.33719e+07,3.85549e+07,3.34959e+07,7.67816e+06,7.67816e+06,7.67816e+06,7.67816e+06,2.78092e+06,2.78092e+06,2.78092e+06,2.18437e+06,1.74971e+06,1.74971e+06,1.21928e+06,775016,775016,585641,351924,351924,161884,122979,71953,70525,41658,32200,11021,10590,8668,7917,5877,3523,2694,2348,1697,1314,1314,1202,935,755,643,280,280,204,204,175,92,81,81,57,45,32,22,22,22,11,11,11,8,8,6,5,3,2,2,1,0,0,0,0,0,0,0,0,0,0,0,0,0,0,0,0,0,0,0,0
2.14748e+09,2.14748e+09,2.14748e+09,2.14748e+09,1.11726e+09,9.52932e+08,7.21728e+08,5.70048e+08,2.30271e+08,2.30271e+08,1.49812e+08,1.49812e+08,1.01226e+08,7.04915e+07,6.15425e+07,4.95805e+07,4.95805e+07,3.72864e+07,3.50314e+07,1.92029e+07,1.92029e+07,1.92029e+07,1.68028e+07,1.18122e+07,7.16102e+06,7.16102e+06,3.01449e+06,2.89887e+06,2.89887e+06,2.89887e+06,1.76012e+06,1.76012e+06,1.30033e+06,849609,650362,505963,505963,486409,409336,169072,169072,155060,144927,105914,94919,29041,16096,16096,11964,11378,9301,7407,5729,5182,2319,2319,1587,1587,942,758,487,401,304,266,200,169,127,127,90,87,87,58,58,40,24,15,14,11,11,7,7,4,3,2,2,1,1,1,0,0,0,0,0,0,0,0,0,0,0,0
2.14748e+09,2.14748e+09,2.14748e+09,2.14748e+09,2.14748e+09,2.14748e+09,2.14748e+09,9.88344e+08,5.81521e+08,5.81484e+08,3.50738e+08,3.11928e+08,3.11148e+08,2.31101e+08,1.39822e+08,1.39822e+08,7.88457e+07,5.05723e+07,5.05723e+07,1.79668e+07,1.79668e+07,3.40371e+06,3.40371e+06,3.30221e+06,2.60066e+06,2.02458e+06,875145,839099,839099,629306,629306,553496,368483,368483,201128,173277,148866,119531,119531,66254,66254,40186,40186,40186,20938,19004,14760,13341,11115,6398,5086,3223,3223,2645,2645,1279,1079,1079,724,535,378,252,250,163,120,120,98,98,59,56,34,32,16,16,14,13,8,8,8,8,4,3,1,1,1,1,0,0,0,0,0,0,0,0,0,0,0,0,0,0
2.02436e+09,1.62691e+09,6.19171e+08,6.15059e+08,6.15059e+08,4.50293e+08,4.29553e+08,3.04524e+08,2.57357e+08,2.40771e+08,1.09455e+08,9.72601e+07,9.72601e+07,5.65548e+07,5.65548e+07,3.15092e+07,3.15092e+07,2.73804e+07,9.58566e+06,6.5091e+06,5.26068e+06,4.10522e+06,4.10522e+06,2.52815e+06,2.4856e+06,1.42451e+06,1.17549e+06,1.17549e+06,1.0045e+06,365391,365391,342274,155344,141339,119133,106876,93060,66887,57312,56680,36290,31344,21766,15215,5987,5987,4881,3034,1788,1788,1188,1188,484,365,324,164,112,111,111,96,51,38,38,37,21,16,15,15,11,11,8,8,3,3,3,1,1,1,1,1,1,1,1,1,0,0,0,0,0,0,0,0,0,0,0,0,0,0,0,0
2.14748e+09,2.14748e+09,2.14748e+09,2.14748e+09,2.14748e+09,1.1105e+09,1.1105e+09,8.69335e+08,5.79618e+08,3.2196e+08,2.27035e+08,1.89951e+08,1.83329e+08,1.22323e+08,9.36194e+07,7.52761e+07,5.26797e+07,5.26797e+07,5.25974e+07,5.05688e+07,4.0775e+07,2.71025e+07,2.46813e+07,1.4967e+07,1.30252e+07,7.60998e+06,6.30435e+06,4.18296e+06,3.85122e+06,2.16586e+06,2.16586e+06,1.56561e+06,966414,754036,754036,754036,461873,394417,204746,101097,98962,98563,80446,52262,52262,42483,39897,31691,17629,17629,13528,11810,7557,5750,3093,2701,2613,2529,2218,1691,1072,726,630,630,314,314,302,145,145,129,105,48,40,12,12,11,9,9,6,6,6,4,2,2,1,1,1,1,1,1,1,1,0,0,0,0,0,0,0,0
2.14748e+09,1.81066e+09,4.68612e+08,4.68612e+08,4.68612e+08,4.68612e+08,2.60639e+08,2.60639e+08,1.93648e+08,1.41702e+08,1.11735e+08,7.59013e+07,5.50445e+07,4.72453e+07,3.28123e+07,1.73479e+07,1.73479e+07,1.37737e+07,1.19921e+07,1.19921e+07,5.35934e+06,4.78712e+06,4.78712e+06,4.78712e+06,3.27232e+06,3.16186e+06,2.37318e+06,1.37636e+06,1.09189e+06,790166,502019,247481,247481,158393,142386,129924,111518,111518,106195,82553,82394,64904,31641,9464,9464,9464,7979,6115,3788,3288,2169,1183,1183,568,568,538,535,280,246,204,153,113,62,60,42,35,25,16,14,13,10,7,4,3,3,3,2,1,1,0,0,0,0,0,0,0,0,0,0,0,0,0,0,0,0,0,0,0,0,0
2.14748e+09,2.14748e+09,2.14748e+09,2.14748e+09,2.14748e+09,1.45358e+09,6.84728e+08,6.84728e+08,5.84904e+08,4.82386e+08,3.5234e+08,3.22777e+08,2.0381e+08,2.0381e+08,1.89173e+08,1.54287e+08,1.13502e+08,1.02389e+08,6.84002e+07,3.82342e+07,2.90178e+07,1.99213e+07,1.58897e+07,1.48104e+07,1.00279e+07,1.00111e+07,9.39834e+06,7.65072e+06,6.42788e+06,4.91766e+06,4.21639e+06,4.21639e+06,3.02926e+06,1.38444e+06,1.25161e+06,1.06426e+06,883308,717018,324601,307549,256630,143095,143095,130040,69738,69738,46405,43435,43435,29842,25116,14169,9222,8406,7824,3758,3758,3044,2516,2298,1807,1292,1292,1136,848,535,365,365,365,279,262,155,122,84,72,53,33,33,29,15,15,9,9,7,2,2,2,1,1,1,1,1,1,1,0,0,0,0,0,0
2.14748e+09,2.14748e+09,2.14748e+09,2.14748e+09,2.14748e+09,2.14748e+09,2.14748e+09,8.59254e+08,5.15656e+08,4.66719e+08,4.26827e+08,3.85019e+08,1.97976e+08,1.7511e+08,1.29924e+08,1.25393e+08,9.304e+07,7.36132e+07,7.36132e+07,7.36132e+07,1.61966e+07,1.61966e+07,9.07008e+06,9.07008e+06,6.8298e+06,6.06161e+06,3.43934e+06,3.38764e+06,3.38764e+06,3.38764e+06,3.38764e+06,2.37704e+06,1.52021e+06,1.10765e+06,1.0592e+06,612876,381321,207376,155784,155784,128010,126377,79921,49421,41538,41530,26878,24072,23150,18221,14960,12843,10094,10094,9274,4033,3925,2604,2593,2521,1071,801,672,624,624,329,102,102,102,78,59,42,28,28,24,23,15,10,5,5,5,5,3,2,2,2,1,1,1,0,0,0,0,0,0,0,0,0,0,0
2.14748e+09,2.14748e+09,1.35491e+09,1.07535e+09,9.90394e+08,7.73343e+08,3.77679e+08,3.77679e+08,3.77679e+08,1.84544e+08,1.69987e+08,1.57992e+08,1.35875e+08,1.35875e+08,1.06734e+08,6.0146e+07,5.24784e+07,3.34301e+07,2.63581e+07,2.4529e+07,9.85162e+06,9.85162e+06,7.25660e+06,5.19058e+06,2.73952e+06,1.45299e+06,1.45299e+06,1.45299e+06,1.01437e+06,743232,520751,520751,367269,296497,243359,243359,175929,99548,99548,79112,79112,67846,35489,27790,19886,15035,14023,11694,6496,6496,4611,4611,2013,1933,1672,1411,1103,1103,865,784,623,496,486,336,231,160,160,110,86,86,72,56,37,36,28,15,13,13,7,6,4,4,2,0,0,0,0,0,0,0,0,0,0,0,0,0,0,0,0,0
1.70586e+09,1.39239e+09,1.24989e+09,1.18249e+09,7.20263e+08,2.65969e+08,2.15397e+08,2.12496e+08,1.16327e+08,1.16327e+08,1.11528e+08,1.04174e+08,7.42204e+07,3.23183e+07,3.23183e+07,2.11024e+07,2.00709e+07,2.00709e+07,1.06079e+07,1.06079e+07,6.65425e+06,5.32578e+06,1.44340e+06,1.44340e+06,1.44340e+06,1.36256e+06,1.1575e+06,1.1575e+06,465211,428993,428993,272301,230830,223335,196366,125959,111237,76329,71246,26940,26940,15695,15695,15148,11890,8025,3195,2788,1903,1818,1818,1095,756,692,588,440,440,256,256,182,182,147,125,63,35,35,32,19,13,8,8,8,6,3,2,1,1,1,1,1,1,0,0,0,0,0,0,0,0,0,0,0,0,0,0,0,0,0,0,0
1.66614e+09,1.66614e+09,1.34944e+09,1.03074e+09,1.01885e+09,4.06544e+08,4.06544e+08,1.72566e+08,1.72566e+08,1.03903e+08,8.75101e+07,8.75101e+07,8.75101e+07,5.39781e+07,4.27537e+07,3.50615e+07,2.51265e+07,1.58846e+07,1.58846e+07,9.02188e+06,7.99647e+06,7.25566e+06,6.03850e+06,5.25448e+06,2.99583e+06,1.82919e+06,1.82919e+06,1.47628e+06,1.17061e+06,1.12885e+06,1.03388e+06,584698,531411,486646,322427,322427,259600,215194,117039,76902,67811,43008,22724,22724,22724,22455,18693,15380,12281,7476,7476,4265,4265,4224,2370,2027,1890,1890,1438,1010,671,653,442,431,412,343,315,314,226,128,75,50,41,34,19,19,18,13,12,10,9,3,2,2,2,1,1,1,1,1,1,0,0,0,0,0,0,0,0,0
