8406.848406.848406.848406.848130.748130.748130.747509.377372.696958.896698.286606.546083.16000.285533.645366.775154.435004.644630.974630.9744804219.184163.043983.163983.163852.473417.253208.093208.093073.573073.572791.682744.162663.362639.092344.342136.682136.682056.922001.922001.922001.921921.181856.51794.751619.921583.11551.41551.41534.521511.081364.551272.921272.921217.921217.921217.921124.231123.241123.241096.671009.891009.89975.002957.282957.282930.474930.474918.437839.862828.058828.058819.6819.6798.106793.552793.552786.054783.531774.081762.95762.95753.917741.438741.438740.38733.7730.929730.929723.908723.908723.908723.908718.451718.451714.458714.458709.967709.783709.783,
10379.69800.299800.299557.068836.238808.468660.317733.377733.377733.377345.357016.096737.736284.055620.65592.865227.355015.874984.644907.864562.434562.434067.714067.714067.713956.083838.993678.073671.863625.443301.373301.373246.583218.623215.553215.42947.682947.682947.682947.682896.22863.782802.542796.432692.42692.42692.42692.42692.42659.842634.372634.372634.372611.242577.982577.982510.152505.792505.792505.792453.412398.272397.132390.012390.012375.22345.42334.382322.822316.82316.82303.572303.572303.572288.932259.452256.652194.122194.122194.122192.662184.542178.012161.582161.582161.582161.462161.462153.462153.462153.462150.452150.452145.552145.552138.72138.72138.72138.72138.7,
10021.410021.49127.249127.248480.888399.897750.347560.297014.356755.746600.496600.495986.385986.385901.315540.225332.935103.754635.694460.894460.894267.374104.463793.853706.283602.633436.793399.493033.633033.632601.262601.262601.262601.262474.642319.352317.722317.722317.722188.732188.732053.352053.352053.352027.971988.981988.981988.981970.91915.031913.641843.071843.071662.131662.131662.131594.841594.841594.841594.841566.011507.781507.781490.181487.021487.021487.021487.021487.021468.551468.551468.551468.551468.551449.751446.971446.971445.391430.511430.511419.631418.161391.921391.921391.511391.511391.341381.71377.891357.721353.921353.921353.921353.921353.921351.411337.851334.461328.381327.11,
9740.79358.499358.498853.438754.918353.477721.017521.697277.486852.426852.426710.876528.796314.426190.345855.325688.165321.254824.844824.844824.844108.054108.054108.054006.073976.573677.993501.263287.783287.783287.783203.723028.793028.793028.792912.382912.382562.652521.872521.872521.872451.092380.612380.612380.612318.322246.992195.742195.742195.742176.522151.342062.972062.972002.652002.652002.651993.261993.261993.261964.611934.431914.991914.991901.011901.011901.011895.421863.591837.531814.251804.411763.261763.261725.221725.221725.221671.921671.921671.921671.921639.961606.921606.921606.921562.121562.121562.121562.121529.791522.081522.081522.081518.571506.81496.051496.051496.051496.051496.05,
9431.249431.248937.658937.658787.628373.558246.047504.087260.927260.927145.146641.56590.696071.826023.265723.045378.935125.695125.694877.64877.64711.964578.814407.094360.994119.074119.073991.53724.713724.713580.813481.563475.673359.723214.863008.392995.012976.242936.482729.012729.012729.012729.012718.82718.82718.82593.32593.32593.32567.382567.382537.582537.582537.582493.52493.322493.322493.322428.412428.412414.72394.992255.512255.512255.512255.512255.512255.512255.512255.512162.122162.122162.122162.122162.122162.122162.122162.122077.662063.11981.461976.111976.111976.111953.581953.581953.581953.581953.581953.581953.581953.581950.391949.911947.321947.321942.411942.411942.411942.41,
9737.149710.549350.359087.698799.238037.838037.837561.447561.447561.447155.887011.686796.736169.366169.365851.655739.815660.755438.75395.634868.634482.094482.094482.094482.094172.284172.284172.283960.523833.283639.323639.323602.473478.433753074.533074.533074.532993.352964.462923.252852.642843.892758.042654.762652.182650.822650.8225622514.572470.222386.682315.242315.242315.242315.242315.242315.242260.282255.532197.222122.472122.472093.592093.592067.732011.532011.532011.531967.031967.031967.031941.251941.251921.761916.281894.121882.641874.81844.941844.941844.941815.681815.681815.681812.581802.871802.231802.231780.51741.381740.751740.751740.751740.751740.751678.731678.221678.221627.4,
10324.610139.79807.099299.829026.18982.158634.718233.757748.56575.116575.116575.116453.335736.455736.455736.455630.095449.765176.125176.124593.364259.534259.534076.94076.93845.683845.683845.683764.613489.283478.233329.953329.953221.23221.23118.883060.922956.632906.922877.992729.352729.352719.982695.192649.442572.5825652537.522441.072441.072441.072441.072432.232363.082363.082314.312279.252279.252242.622236.592236.592183.562183.562183.562182.352182.352168.32160.272155.812131.282131.282131.282061.72061.72061.72061.72061.72061.72042.342033.52021.782000.582000.581992.771911.091901.341893.281885.551872.411872.411872.211866.631866.631783.221783.221783.221783.221783.221783.221783.22,
9430.818410.958410.958410.958410.957922.237332.337175.396960.646960.646445.336109.455568.135568.135564.964926.84926.84926.84612.694612.694596.24531.674413.964222.644028.23925.953792.953612.783496.393356.193356.193312.413204.863082.363082.362813.62813.62700.182633.622523.52523.52366.062366.062366.062128.362128.362128.362121.572121.572121.572088.582088.582028.772025.121969.491951.31913.321913.321913.321913.321846.181839.41839.41839.41839.41829.451829.451829.451825.21825.21825.21825.21822.481811.221772.561760.291760.291750.491750.491750.491750.491750.491739.171739.171739.171739.171730.741730.621720.941718.481718.481718.481708.671708.671708.671707.391707.041707.041689.721689.72,
9628.369628.369613.339240.789112.278493.327836.187836.187341.847002.76916.066568.26422.685773.195482.124936.424819.954819.954553.84182.473987.283956.093956.093771.183293.023293.023211.23185.482886.522785.622620.652620.652501.272298.582298.582214.292214.292214.292024.32001.562001.561924.21859.221859.221859.221711.121711.121614.981603.421603.421500.521478.31471.061470.251287.811287.811287.811235.551234.021234.021234.021234.021178.0411591137.931134.481068.31060.251060.251031.861023.811023.811023.811023.811012.36999.99991.937991.937977.997977.997977.997977.997977.948977.948977.948977.948974.53974.53972.814972.814971.258971.258970.766967.356966.666965.441965.441965.441959.492959.492,
9473.029473.029007.419007.418806.858330.028069.587705.596948.596948.596893.236347.786035.356035.355834.165646.365445.535129.525129.525129.524941.314622.384500.874500.874469.614366.854163.394000.43806.213708.653649.593564.073521.643464.343360.943246.813159.463084.992911.722911.722895.832859.062800.062799.282691.732557.832557.832490.652490.652490.652423.42388.762335.212258.92258.92258.92258.92234.572234.572199.042131.142125.282125.282125.282105.842058.032053.582043.852024.642024.641999.191999.191999.191997.821997.671994.461994.461972.531972.531967.81967.81965.921965.921963.691900.061900.061789.291789.291789.291767.131766.631766.631755.511739.451738.451738.451735.361735.361735.361735.36,
8801.48801.48801.48748.318533.688253.517852.057115.637079.516855.666855.666431.156431.156370.365687.75585.955204.635057.634904.644576.424489.894233.313978.53834.483834.483791.093178.783178.783178.783097.93097.92937.742914.512736.272621.912621.912534.392403.132304.382191.562191.562113.042090.431985.61985.61947.141760.11760.11760.116191602.911584.571558.021558.021500.321492.771492.771472.951472.951472.951439.561439.561437.571420.111419.091379.061332.81332.81332.81302.031302.031241.311225.711225.711188.361135.971119.541119.541093.181052.56981.327981.327981.327981.327960.378959.431959.431955.127947.897916.573916.573916.573901.722901.722891.618890.784890.784890.599890.275870.166,
9541.969541.969541.969518.939266.479167.418610.878610.878315.578308.847704.797574.57455.816869.736869.736653.466431.655745.325690.285494.544952.834841.984841.984753.114418.564019.924019.924019.923959.563521.773521.773483.013341.293341.293284.043235.323127.273127.273093.052902.392808.512808.512808.512687.792681.572624.622582.822582.822468.052468.052466.72466.72410.432370.092370.092289.452257.332257.332193.332193.332193.332128.632128.632128.632102.762055.872043.311970.951970.951878.951870.071870.071859.981779.891779.891779.891616.61616.61616.61616.61616.61615.371549.071545.981542.461482148214821474.561474.561474.561451.271451.271451.271451.271451.271447.491432.081432.081432.08,
9294.959294.959041.049041.048943.078158.448158.448119.668119.667383.017337.657223.066677.416408.195807.95807.95325.425325.425188.494940.514809.14733.783890.113890.113700.183700.183700.183485.213373.263289.583040.143006.462897.82897.82897.82856.562846.292698.332674.972643.122362.222362.222362.222362.222362.222362.222322.242234.82234.82234.82230.012169.282169.282161.692161.692136.282105.292105.292088.972053.782026.392026.391972.251962.91928.381928.381919.021919.021917.291917.291917.291917.291917.271896.561896.561896.561878.551878.551873.031873.031868.741866.091865.261855.991851.571851.151812.561812.561812.561812.561812.561812.561808.011799.891785.151783.931775.771775.771733.931733.93,
8210.58210.58210.58102.658000.87972.347577.087013.387013.386767.766739.466481.355833.785706.44859.664859.664859.664693.914621.914593.444287.234287.234287.233939.643939.643939.643620.853601.413601.413601.413360.53269.693162.473162.473013.183013.182891.072891.072781.242760.372716.42693.272562.162559.992536.682536.682466.232404.972404.9723842370.192370.192312.292301.512301.512243.612243.612243.612243.612243.612226.182223.982159.92159.92127.472127.472098.252098.252082.872014.542014.542014.542014.542012.371983.151983.151983.061983.061980.491980.491980.491980.491977.461977.461956.381956.381956.381953.721953.721950.691950.691947.351941.611941.611941.611930.441930.441930.441930.441819.27,
9671.519671.519671.519272.259272.258925.198635.918464.698246.67623.27607.366697.56697.56697.56603.825866.265866.265614.785173.844968.64829.134773.954216.744216.744216.744072.393995.443583.113583.113583.113380.73234.553041.073041.072706.942706.942706.942706.942620.812436.192436.072436.072426.392235.882235.882136.952017.421985.691985.691985.691985.691909.881870.21870.21870.21866.921758.591758.591728.061728.061708.171704.341690.351652.971652.971652.971652.971629.251604.311604.311604.311580.421580.421580.421574.341572.171571.491566.231562.271558.071549.231549.231537.481532.971529.431529.431529.431529.431526.891525.861525.861524.721522.271522.271519.791519.791519.791509.161508.071508.07,
9150.479150.479150.478924.818924.818691.148459.98122.27949.047701.147597.37041.597021.856904.66635.456298.96053.346053.345785.475768.145235.675235.674856.614856.614534453445344427.974094.854003.083978.933760.123760.123672.673373.83348.913348.913348.913098.23069.663028.833028.832850.752850.752850.752827.772754.522687.752687.752623.52544.322516.52516.52502.142449.632415.732325.342245.642238.992238.992190.22190.22137.012082.922082.922082.922082.922030.042030.042030.042030.042030.042002.392002.391988.411988.411988.411988.411988.411958.781958.781958.781958.781958.781958.781958.781951.211951.211951.211951.211951.211920.781920.781920.781920.781920.781917.431917.431916.441741.31,
10017.210017.29524.149524.148692.548692.548294.737911.817774.917657.997018.96874.656612.326539.76334.356244.416164.135542.685506.935421.215421.215028.835028.224870.044636.464321.294261.314159.394159.393787.083787.083709.843608.3534303262.323079.83079.82903.142746.732746.732746.732675.822442.682442.682442.682431.162370.052367.612367.612187.542154.412154.412116.612115.972083.492083.492083.492018.021997.021977.181977.181959.461951.361932.31931.021909.651899.181899.181898.391898.391881.461864.51864.51864.51827.581827.581827.581812.241806.661795.31795.31772.561751.971751.971751.971751.971741.61734.361734.361734.361725.531725.531722.591708.821708.821707.61683.151679.751679.751679.75,
9511.629450.019450.018882.228586.548086.497567.937203.76998.236737.246272.235838.665838.665723.695659.425519.435239.015239.014779.184644.564644.564364.394326.874255.43994.173962.253864.963743.413729.263600.13483.563326.393325.963162.853162.853162.853078.023066.082908.912887.32887.32841.292762.892707.522618.882618.882615.732615.732615.732551.82551.372551.372481.162480.722436.352436.352365.72365.262365.262365.262365.262323.172323.172319.362277.432277.432277.432275.862275.862273.622273.452273.192270.92266.192266.192266.192266.192123.222123.222123.222112.742112.742106.922106.922000.221992.551983.611981.481981.481835.351835.351825.011811.381673.291673.291673.291673.291662.221658.71658.7,
10186.69912.319461.218827.584218161.358029.857728.237266.577266.577031.366541.56101.025668.345668.345668.345522.795173.864841.714794.724794.724473.254430.84226.873578.683578.683578.683500.23343.643244.523067.033060.712800.122800.122800.122695.262695.262609.472517.322517.322475.182370.62316.42278.832278.832232.432176.232113.412035.411970.231964.751907.831872.021820.611765.711733.861733.861733.861683.161650.881620.851590.861582.741582.741582.741574.441549.991521.981521.981498.71498.71443.11443.11443.11443.11407.361407.361386.811386.811381.681350.891345.941345.941327.671321.051321.051297.71297.71276.271261.681261.681226.071226.071226.071226.071226.071220.451207.441195.281195.28,
9295.749295.749295.749112.098736.798736.798736.798484.577920.097790.076916.366916.366916.366914.16718.075838.345838.345838.345448.45448.45329.225329.225298.425017.834667.64197.374103.314103.314086.883782.393782.393617.023617.023350.383348.673164.63164.63082.63032.122966.832782.052782.052761.812717.942717.942590.832560.732541.692448.82448.82371.442342.112322.882134.432134.432134.432130.222070.522069.052064.72064.72023.562023.562018.032004.671940.461940.461940.461940.461938.261938.261938.261874.051874.051872.271872.271852.031846.51846.51845.721845.721842.051841.271841.271841.271835.891835.891835.891835.891835.891818.581818.581818.581818.581818.581818.581818.581801.491800.711794.14,
9353.889353.889353.888684.368684.368211.327917.977917.977886.497362.367333.396875.576875.576650.456348.15834.345834.345769.25591.035591.035373.425198.885198.884999.034876.064800.464494.324494.324451.154438.424164.074130.593942.683942.683832.943832.943691.633559.173559.173464.333307.663307.663265.53162.573162.573098.533098.533034.133034.132927.812927.812926.792764.712764.712764.712686.082664.832587.312587.312536.622527.482458.772424.12353.392353.392304.152245.292109.462109.462010.92010.92010.92010.92007.872007.871926.771926.771862.641862.641862.641862.641859.681852.631844.441701.791701.791701.791633.821628.661628.661621.591621.591608.661608.661608.661608.661608.661608.661591.271591.27,
10015.99597.039597.039155.099155.098635.118635.118616.738330.577675.417675.417154.547154.546646.326466.816256.525897.845897.845880.265351.815351.815351.815047.525026.254347.534347.534347.534253.54190.24133.224078.633825.423825.423691.0236243605.23605.23541.933354.383354.383232.943232.943214.233214.233028.683017.073017.072911.882911.882901.322834.522775.12697.312697.312671.892651.962577.42577.42577.42577.42475.262475.262475.262425.192381.92328.592224.722201.492178.512090.182090.182090.182066.472066.472015.752015.752003.761981.161946.71946.71946.71946.71946.71946.71921.481917.111906.051892.111875.431875.431869.821868.11851.421851.421846.671829.991827.031827.031822.781808.05,
9607.319607.319046.98938.868151.257543.887543.887040.627040.626055.666055.665808.625808.625792.925465.315348.875348.875139.74830.284797.564200.734200.734032.73945.283818.613728.923611.63449.313449.313057.042952.252952.252952.252843.012832.762783.772321.422321.422321.422321.422321.422274.042148.421920.641920.641920.641863.41863.41752.81752.81752.81752.81752.81700.51682.861579.21579.21565.511565.511526.581520.321520.321520.321499.561384.641381.621372.831346.721346.721345.811313.661293.51293.51293.51293.51264.381264.381244.291244.291244.291208.631202.221191.271191.271191.271191.271191.271162.551156.141140.51140.51140.51140.51140.51140.51140.51140.51140.51140.51130.68,
9670.299670.299283.749283.748386.68386.68135.147747.637420.527314.276891.826619.365904.995904.995575.645575.645449.375223.415223.414968.754867.484618.074387.214156.044156.043754.13691.813605.023315.793236.343236.343074.553035.362912.882901.912816.742763.452636.392636.392636.392422.32400.282399.82322.082250.362250.362206.832206.832142.252076.862008.162008.161978.471833.951833.951833.951823.781823.781804.621779.581779.581769.371763.861723.711723.711723.711723.711723.711723.711723.711719.151708.031681.361651.941628.351628.351628.351622.141622.141622.141622.141607.41606.211606.211595.391593.371593.371592.381589.051567.731567.731567.731567.731567.731567.731567.731567.251567.251561.231363.15,
9794.479656.189513.049224.978915.028656.918349.778341.477878.257292.317292.317288.26682.776521.966327.595961.165961.165957.695633.355633.355542.244982.364754.124712.354546.424468.424362.94175.693952.73753.753753.753589.463378.13293.083243.483126.633126.633126.633052.393001.122960.512767.512767.512767.512686.532408.672408.672408.672408.672344.542338.762270.062204.542204.542141.912125.512091.472087.972025.112025.112022.142022.142022.142001.731964.191955.791939.111918.251918.251886.081886.081886.081869.371851.491851.091848.951837.031828.681828.681808.511808.511808.511794.191794.191794.191757.071757.071757.071756.841743.861743.861732.891732.891732.891732.891732.891727.941727.941703.361703.36,
10070.510070.59883.839504.349203.848996.598761.48184.257909.457340.767145.567128.86619.066366.126044.865837.345559.675559.675143.695143.694983.214383.224247.53726.33726.33641.33539.723281.323270.013027.962926.362926.362829.032716.762647.172572.442474.622267.682162.392136.12065.652065.652065.651995.581941.771889.891820.751749.011749.011749.011709.371709.371647.091647.091647.091634.51623.691619.251576.641569.181559.561516.481509.021506.871463.841463.841456.381438.291438.291438.2914351429.611423.211423.211423.211415.831409.521403.081403.081396.431396.431396.431391.41391.41389.381389.381258.641258.641258.641258.641258.641258.641258.641258.641258.641258.641258.641258.641258.641258.64,
9496.839496.839496.839496.838599.578599.578599.578599.577428.86858.366858.366858.366858.366430.026268.685523.625523.625268.274873.754873.754873.754741.244405.444192.734081.844015.7338883765.753736.323736.323579.863399.563399.563266.693266.693266.693128.993128.993128.993012.933012.932964.592943.012887.222887.222887.222887.222843.652828.452758.082683.222683.222683.222683.222629.182629.182629.182614.52612.622612.622572.812567.182567.182548.822536.012500.842500.842499.332494.332494.332494.332494.332477.42473.982473.982473.982473.982471.612471.612458.742458.742458.742458.742446.432446.432446.432446.432446.432446.432444.892444.892444.892444.32444.32444.32443.312443.312443.312443.312443.31,
9709.239709.239408.459159.058276.238102.538102.538049.287529.477380.377071.346754.126754.126712.186282.795413.075413.075268.955130.214772.844559.314559.314559.314442.144360.494236.154036.623627.463627.463527.013452.423375.253375.253172.53172.53074.513070.822780.492780.492780.492695.692695.692646.912568.532534.822373.452373.452334.992334.992334.992318.192312.422267.842262.072203.522184.972174.322154.262116.92111.482086.272086.272042.872041.342022.841935.091927.521927.521927.521927.521926.531926.531838.481838.481838.481838.211838.211821.871821.871811.681811.681766.611766.611751.811751.811751.811735.541685.821685.821685.821683.021615.751585.411585.411585.411575.751566.891558.481556.231556.23,
10172.110172.19798.129423.888792.758792.758416.058232.847827.627827.627312.916986.116974.876223.696136.575760.965760.965302.155100.614815.044444.494294.744294.744172.594028.233976.433812.853646.553553.213373.133291.872952.542801.342801.342687.962423.392423.392403.32310.322310.322310.322078.082014.752014.752014.752013.861996.211963.421963.421963.421939.891939.891939.891922.731898.531898.531880.891851.611845.771779.371776.031776.031738.991724.061724.061715.951637.51637.51637.51637.51637.51637.51637.51607.761607.761605.041592.661577.771577.771577.771577.771577.771577.771576.841576.841576.841567.111566.351566.351565.541562.871555.821555.821554.571546.831545.611545.611534.641534.641534.64,
9509.329509.329509.328477.428477.427618.817618.817618.817206.546811.836579.276222.216196.136102.155596.025596.025310.215063.264899.694408.014408.014408.014007.373973.463914.863616.823616.823594.473331.253331.253109.862963.892963.892894.362803.682722.42722.42648.632550.192515.272483.852483.852483.852483.852372.112369.242369.242321.952284.612284.612190.15219021902176.622176.622126.392076.222025.182025.182025.181967.821945.071936.571929.981886.41870.321841.011815.21815.21815.21769.811769.811769.811759.551759.551759.551758.531758.531713.911698.221698.221698.221698.221698.221698.221698.221696.681694.051694.051694.051693.41693.41691.091685.811685.811685.811685.811685.811685.811685.81,
9994.349909.789846.039753.188848.258555.278553.158501.397313.487313.487313.487313.487313.487025.547025.546727.896456.56205.645886.545779.435779.435377.645282.475174.374840.34792.054614.734592.284495.974257.064076.14076.14076.13849.23806.393649.633649.633533.433338.693338.693225.733225.733194.732871.622871.622713.562713.562563.412563.412449.842323.912323.912320.572267.292267.292259.62243.72224.472171.622143.952119.082027.042027.042027.042027.042027.041991.671963.311959.121934.051925.871896.471866.841844.761834.931805.921805.921805.921767.841709.741694.941680.731679.871679.871663.761663.761581.961581.961581.961581.961581.961571.221566.7415581553.191551.791551.791383.451383.451383.45,
9283.499283.498810.647916.557916.557753.537753.537753.537749.867214.056864.776473.36211.976211.865901.725563.075321.775152.035093.424743.14708.14635.924319.194319.194033.044033.043826.463826.463595.363491.763471.583380.543322.743284.43060.972952.472667.292667.292521.22521.22325.332054.71801.51801.51801.51801.51801.51801.51763.41763.41763.41763.41710.271706.041706.041637.471637.471637.471637.471637.471592.591592.591590.241587.41527.451527.451506.771506.771506.771506.771504.591493.611491.571453.751449.711449.711441.881432.781419.291419.291398.981398.981398.981398.981398.981386.111382.671382.671382.671380.561369.81363.921363.921351.71351.71351.71351.71351.71350.721350.72,
9821.749821.749143.949143.948739.538739.538739.538606.767996.447814.467467.387248.17201.546860.746457.026405.125988.985881.135716.675505.925145.035047.074918.884568.874211.353797.373797.373609.313609.313461.923461.923167.613167.613008.923008.922988.062975.432914.842855.582763.532763.532668.952497.042497.042497.042437.722383.512287.462270.222216.372111.622111.622082.921851.631851.631798.931798.931779.851748.871706.161639.741639.741639.741627.341617.891617.891617.891614.951614.951612.761591.131567.071567.071567.071567.071564.041559.611559.611552.931552.931552.931545.871545.871537.681533.551533.551530.991525.251514.531511.621511.621468.521468.521468.521468.521468.521468.521468.521468.521468.52,
100839359.239260.488862.328236.688236.688130.897632.367342.227300.056453.456207.985376.575376.575376.575376.575376.575376.574998.534853.994853.994706.463996.463996.463996.463752.133704.363540.343480.43480.43473.863283.653241.042923.512923.512923.512710.192710.192710.192678.492603.22509.752475.062397.592362.452328.142222.692168.692099.62099.62046.661999.041999.041924.951871.161855.111850.551835.181820.031796.091796.091762.581762.581762.531757.981753.91721.61721.61721.61713.931713.451713.451709.811709.811709.261709.261702.391619.631615.441615.441615.441613.851610.211606.031596.351596.351596.351596.351467.921467.921467.921465.741457.141455.231451.111451.111448.261438.031438.031438.03,
9991.178649.538649.538649.538649.538649.537843.217843.217843.217365.317199.787097.666797.086313.786313.786185.056159.035684.875684.875444.724749.164412.524412.524412.524412.524268.444204.834116.043952.993573.553573.553573.553514.573410.973380.63166.013166.013127.352904.652904.652882.922703.232703.232606.762480.292480.292480.292480.292458.42458.42362.82362.82362.82352.942341.452341.452340.962311.362304.262256.932227.082227.082167.982143.042143.042143.042143.042125.342059.712059.712059.712042.452042.452006.772006.772001.271989.491970.931970.931970.931970.931963.511963.511963.511956.291956.221939.921939.921939.921923.231923.231923.231920.131917.961917.961917.961914.231901.151805.941804.62,
9657.499657.499657.498868.78534.128135.327997.67997.67841.767443.667160.886475.986474.665837.385540.945306.145299.225043.25043.24576.684576.684465.744268.54268.54220.383797.093797.093797.093788.033578.43316.083316.083197.873197.873111.493090.253072.983019.472763.792755.812755.812646.552646.552479.952479.952377.242277.642277.642160.262135.522135.522135.521967.371967.371967.371967.371950.11930.871930.871921.281888.551802.821802.821704.791704.791704.791704.791704.791704.791689.551654.991654.991628.521628.521620.921603.121592.031592.031577.991558.041558.041554.91548.311544.261535.691535.691535.691532.311525.91525.91522.091522.091513.331505.411499.391493.361493.361488.581486.591474.24,
9912.569287.68812.348812.348546.228546.227768.117615.867595.387163.516930.736760.86760.86456.616192.716139.216091.75870.175359.885243.075243.074735.554735.554735.554726.784659.94414.664122.024117.83998.693916.83218.893218.89315431543011.123011.123011.122959.562848.982767.482751.072688.272688.272532.42531253125312425.782384.032268.352268.352268.352157.352155.952155.952155.952155.952155.952139.442139.442139.442136.942104.172095.992095.992095.992082.182074.282072.882072.882071.882060.462052.292052.292052.292051.292050.892049.892043.062018.282018.282018.282018.282018.282010.462010.461864.381823.251823.251823.251823.251823.251823.251823.251804.041739.081739.081619.161619.16,
8731.448731.448731.448660.088322.828322.827501.857501.857367.437052.286968.896483.486415.576415.576258.385911.25911.25823.715576.035444.215281.125019.184889.564803.14664.354339.144278.194155.243943.543506.043463.983463.983261.843160.473160.472950.692950.692755.122719.272719.272625.562538.352538.352530.42530.42508.872494.652464.422464.422330.82330.82284.52284.52284.52279.642140.362087.22074.822074.821996.871996.871994.891985.711945.031945.031945.031945.031878.891878.891872.781872.781856.71852.571806.731806.731806.731806.731791.521785.511768.821747.981725.281694.011687.91658.731658.731611.831605.721605.721605.721605.721605.721592.51586.391586.391586.391586.391586.391563.331563.33,
9747.939747.939747.939295.49239.418854.77855.957855.957855.957855.957229.167139.186528.146528.145851.975851.975690.855386.225324.554950.764539.024539.024539.024079.213781.213781.213606.943477.233477.233360.623227.573113.112984.72984.052967.282928.52873.562818.452736.092602.812602.812579.742527.812494.142426.182356.662337.622188.922188.922188.922139.12139.12095.892010.512010.512010.512010.511957.291957.291867.811867.811867.811867.811805.121782.651782.651768.031710.971710.971678.671678.671639.441621.761550.081532.411532.411532.411532.291532.291493.981493.981492.531485.291469.251469.251469.251469.251469.251469.251459.031451.381451.381450.341441.861441.861429.41426.651418.21418.21418.2,
9468.629468.629468.629222.549017.798123.058123.057582.837303.396585.596585.596518.566072.616044.925707.545400.134808.34808.34808.34521.054235.454134.994134.993866.363316.493316.493153.122917.032917.032874.242505.872505.872382.562360.652284.412195.271990.251955.021908.91908.918521816.421773.681650.921531.131531.131531.131531.131450.631436.961436.961324.781314.91314.91314.91314.91266.281266.281257.221257.221257.221256.841256.841223.21214.691212.961184.471184.471184.471164.011163.621142.331142.331124.731124.731124.731116.61116.61109.51109.221109.221105.371104.421104.421096.531096.531096.431091.811089.861087.021065.781065.111065.111065.111065.111052.651052.651051.421050.871042.96,
9513.979513.979513.979276.198850.228188.128188.127859.187502.137084.246944.556706.575951.215951.215951.215661.854970.854970.854970.854970.854548.644265.34161.464023.574023.573780.073641.893473.783402.793125.693125.692983.212983.212916.252869.822748.052677.482677.482641.142503.262456.642377.42205.762205.762108.582108.582101.08199519951933.981896.91873.331750.091750.091733.941704.361658.651635.721605.91605.91605.91601.821601.821555.841550.491550.491538.31534.221527.31463.831463.831463.831459.751458.651450.981450.981437.41437.41437.41437.41432.431432.431423.131423.131420.531417.031417.031411.431397.451397.451397.451397.451397.451397.451397.391391.521386.531386.531379.651374.39,
10055.710055.710055.79426.839018.788352.838352.838311.987540.747540.747123.826817.746766.025859.285791.175078.925078.924713.374684.354684.354463.314321.864267.594201.253967.063967.063804.883698.513693.753689.433592.953346.193323.163122.942996.582996.582996.582910.062830.142758.72708.062575.682551.722249.962249.962249.962249.962249.962249.962249.962180.682119.242119.242102.641919.491881.661881.661881.661870.391852.751841.11822.51765.821765.821746.741746.741691.931691.931678.891674.851644.071643.761624.71586.871586.871574.381530.071509.51509.51468.831468.831468.831468.831468.831440.941439.541439.541403.991403.991403.991403.991403.991403.991403.991402.391402.391309.481302.011300.61300.6,
9410.889410.889290.288729.188709.828031.137867.47826.677663.247329.537024.076633.296599.675712.415442.495442.495398.474931.724824.254794.524654.74286.274286.274286.274115.313814.923814.923640.993351.173351.173351.173158.823105.562874.462874.462826.32741.252674.372575.762528.852528.852515.142392.772392.772392.772300.242300.242274.382274.382274.382125.992125.992125.992125.992125.992074.752061.241963.241963.241963.241963.241886.561886.561856.791856.791807.81797.991797.991797.991773.181773.181756.721754.921708.541703.881703.881675.71651.621646.611619.261582.641582.641546.641531.221510.591470.451470.451454.721454.721454.721451.921451.921451.921450.391422.291422.291416.971416.971404.241404.24,
9532.089532.089532.089082.168442.798307.498172.767714.7674226555.116555.116536.176043.636043.635885.735746.855376.735331.165121.024685.364685.364282.284282.284217.234211.583824.233819.653683.673433.363275.933219.413096.992981.752744.662744.662615.642580.822330.072232.322028.542028.541979.961826.791826.791596.491586.381586.381576.831566.491566.491565.871545.71530.761530.761514.931512.331512.331469.261433143314261412.981394.261376.211374.811374.811343.071343.071343.071336.331330.741320.161320.161320.161320.161316.21315.521309.61305.811305.811305.381305.381302.71302.71300.621298.541294.361294.361294.361294.361292.391288.911288.911281.861281.861278.621277.941272.281272.281271.2,
9578.439449.399035.128928.118079.817927.217927.217329.397235.537226.186852.266504.965861.365861.36577857785302.955146.85146.84876.584598.954550.034150.724150.723873.163702.353580.163580.163514.663422.583401.623401.623300.23181.963181.963158.333084.233084.232940.422940.422840.952832.242806.932728.732699.812589.012560.092545.642545.642536.492496.012496.012417.842401.022401.022401.022372.12368.132351.382293.472225.422048.872048.872048.872048.872048.872048.872048.872048.872034.462034.462034.462002.062000.172000.171998.31998.31997.331982.381982.381982.381982.381982.381982.381982.381982.381982.381982.381982.381982.381982.381982.381972.751969.991969.681969.681966.731963.821961.481951.71,
9626.319626.319626.319363.298701.468701.468269.557906.717906.717483.577355.86612.356612.356485.36370.716159.466014.835779.525489.255342.745327.249304812.654752.684747.464168.834168.834168.834134.153933.063692.883692.883615.483538.923379.373197.213141.953141.953136.933042.983035.62979.772926.162877.962877.962877.962791.072734.942734.942734.942627.292627.292627.292514.012499.772427.62427.62367.612343.012343.012343.012343.012267.312267.312267.312261.272238.122234.062227.092223.932181.562098.612078.722078.722067.162038.432003.341971.891971.891971.891971.891971.891930.681921.841918.571918.571881.611881.611879.181879.181879.181851.641851.641849.181845.921827.451827.451827.451825.021825.02,
9346.319346.319346.319208.178663.738273.658005.998005.997549.766980.536980.536739.156645.46352.16136.735622.925542.255542.255353.54762.484762.484762.484762.484567.984374.444374.443940.93923.173803.243677.533528.733528.733287.193254.463254.463236.023087.153015.992868.212764.192764.192745.32692.592523.652453.32262.162262.162262.162160.362096.242096.242037.632037.632037.632016.062016.062016.062016.062007.912002.691951.071951.071951.071944.781944.781929.971920.111912.521912.521912.521909.691899.481864.391864.391864.391864.391864.391864.391864.391858.431845.681687.241687.241687.241687.241687.241687.241687.241687.241687.241687.241687.241687.241687.241687.241687.241687.241687.241687.241687.24,
9057.168476.968476.968476.968476.968476.967834.777250.427250.427250.426767.426617.526617.526372.535888.135722.15533.565482.65210.565210.564933.844904.544619.464344.884286.954232.354009.33954.323876.753876.753793.693674.13589.43589.43446.863362.923339.843339.843258.573218.743201.292973.192973.192966.652877.612815.962777.52777.52598.922598.922582.622558.492543.032543.032464.452453.132378.772324.812268.132230.862230.862229.232159.662109.632109.632109.632109.352109.352052.822034.282034.281975.311975.311975.311975.311966.181966.181953.461953.461918.51894.061894.061893.311867.321856.641843.411821.541821.541800.671752.71752.71752.71752.71748.751682.851682.851682.851664.111648.211622.11,
9967.629967.629250.859250.859055.258541.617755.227732.117643.627107.687107.686843.886748.256401.666401.665939.985842.865332.655324.524963.64963.64618.514551.244459.094369.094034.813996.293836.133680.323564.8834493278.323278.323207.423003.163003.163003.162789.142601.572573.622365.992365.992024.491907.651761.031761.031761.031761.031761.031751.331561.891561.891561.891561.891560.091499.941435.461435.461381.681381.681366.811308.351238.961238.961238.961166.381104.971104.971104.971104.971097.261064.571064.571064.261041.83993.721987.753987.753987.753987.18982.351982.351976.532976.532976.532973.845973.845973.201965.304958.902958.902958.149958.149948.079948.079941.438937.76930.797930.797930.211,
9767.979767.979586.39447.179384.138674.118545.78361.147680.637317.047317.047202.817185.596981.96767.626011.085682.115481.645481.645481.644635.914635.914635.914029.964029.963848.193848.193717.163532.873363.183247.813185.573185.573047.232935.562882.572556.62483.342228.962228.962228.962182.52141.5521282102.41993.161993.011885.461855.531855.531855.531852.271796.951770.171761.131690.31690.31634.691499.391499.391499.391489.71445.16142314231410.031407.571380.091371.031343.551343.551283.041283.041283.041252.271252.271252.271252.271239.941239.941230.41220.141220.141191.651167.191167.191167.191167.191164.321164.321164.321164.321164.321164.321164.321164.321163.031163.031162.921159.55,
