512.08,503.104,503.104,503.104,503.104,499.996,490.854,482.12,473.319,468.032,455.438,431.89,417.419,398.103,398.103,398.103,395.171,390.798,385.254,367.551,350.909,350.909,331.228,328.128,322.203,321.65,310.399,310.322,310.322,297.75,294.883,288.036,271.844,271.844,261.712,261.712,255.374,255.374,243.715,233.176,233.176,233.176,233.176,228.189,226.509,221.225,220.014,218.142,198.787,195.397,195.397,193.224,192.23,189.787,189.787,189.155,188.402,187.291,186.318,186.318,185.875,185.875,183.008,175.442,175.442,175.218,174.485,170.546,170.546,170.546,169.419,168.268,167.421,164.336,163.059,163.059,162.905,162.905,162.905,162.715,160.82,160.82,160.194,160.194,160.194,160.194,160.194,160.194,159.028,159.028,159.028,159.028,158.886,158.086,158.086,157.283,157.093,157.093,156.889,155.097,
535.828,534.977,534.977,510.528,510.528,494.417,494.417,480.491,465.937,461.286,453.89,446.822,417.275,407.277,392.602,362.921,362.921,362.921,358.232,311.601,311.601,311.601,309.773,302.316,290.143,290.143,283.157,268.475,268.475,262.261,262.261,253.918,251.704,246.84,238.179,234.73,225.51,222.79,222.79,222.79,222.79,215.867,214.123,204.988,204.988,204.908,202.764,201.566,201.349,201.349,200.347,197.837,193.667,193.667,192.231,192.047,191.573,188.58,187.165,184.002,184.002,184.002,181.058,181.058,181.058,180.058,179.826,177.65,177.65,176.436,176.436,176.224,175.721,172.232,172.232,172.232,172.181,170.978,170.523,170.523,168.783,168.783,168.783,168.774,168.379,167.295,167.295,167.295,167.154,164.571,164.571,164.571,164.571,164.434,164.25,164.25,162.74,162.426,162.426,161.372,
534.617,518.969,518.969,518.969,514.235,498.663,492.111,485.656,478.538,470.287,460.511,450.266,450.266,430.941,422.433,414.915,408.125,398.437,379.843,379.843,379.843,347.235,327.151,313.447,312.065,290.559,290.559,290.559,260.404,238.011,238.011,238.011,238.011,238.011,235.402,227.907,227.907,227.907,222.551,219.138,216.873,210.315,206.026,206.026,202.318,194.601,194.601,188.835,186.582,180.168,180.168,177.209,174.382,165.585,165.585,149.93,149.93,149.93,149.93,148.647,144.699,143.928,140.639,139.914,139.914,139.914,139.461,139.373,136.81,134.412,134.247,134.247,133.108,133.077,131.045,130.541,130.265,127.936,126.634,126.634,125.295,121.126,121.126,118.272,117.743,116.681,116.681,115.102,115.102,113.555,111.83,111.83,111.83,109.248,109.248,109.1,109.1,108.366,108.366,105.989,
531.892,527.755,524.268,508.217,508.217,494.539,494.15,481.663,449.599,445.022,402.631,402.631,400.401,383.806,383.806,379.17,361.776,358.916,329.719,322.014,317.23,310.806,310.806,301.576,289.505,283.84,271.122,263.639,259.034,253.869,246.065,237.85,235.439,232.971,221.275,220.675,213.142,203.038,199.102,190.325,190.325,179.941,179.941,177.774,167.752,167.752,167.752,162.736,162.736,154.799,154.799,154.799,148.807,141.864,141.864,141.864,134.517,127.559,127.559,127.559,124.825,124.118,124.118,123.908,123.908,121.886,119.758,117.99,117.99,117.99,116.736,113.884,113.686,113.392,113.36,110.494,110.339,109.11,109.11,109.11,109.11,109.079,109.079,107.771,107.771,107.771,107.771,107.771,107.404,107.404,107.279,107.218,103.602,103.602,103.602,103.602,103.271,103.271,102.419,102.419,
526.639,526.639,524.986,524.986,504.364,489.799,477.555,477.555,462.566,459.512,439.481,427.647,409.102,405.346,398.048,385.265,377.387,362.368,361.832,336.72,336.72,329.805,323.003,323.003,306.07,306.07,304.795,295.062,288.816,288.816,284.466,262.097,262.097,259.727,259.727,259.727,256.951,253.171,248.211,241.689,241.689,239.356,235.565,234.5,221.963,221.963,221.963,215.002,207.021,207.021,206.492,202.896,201.425,199.093,193.633,193.633,190.55,189.228,185.301,185.301,182.127,179.035,177.379,176.976,176.926,174.844,174.514,174.514,172.507,172.507,172.191,171.679,171.074,168.771,168.771,168.771,168.771,167.648,166.981,165.59,162.787,160.374,160.374,160.374,155.61,155.61,155.536,155.536,155.536,153.027,151.906,151.906,151.059,149.965,149.965,147.473,147.346,147.346,146.304,146.228,
526.079,524.028,517.834,501.775,489.016,469.132,466.794,457.285,450.833,440.485,412.828,388.981,365.319,342.011,342.011,342.011,338.959,330.746,322.364,320.392,308.412,308.412,303.34,292.13,278.521,278.521,261.978,261.978,252.84,252.84,252.84,248.017,242.115,239.925,239.925,239.925,229.958,229.958,229.958,227.88,225.266,220.861,220.861,220.346,217.882,213.86,213.375,212.501,212.501,210.126,205.143,204.689,202.906,202.906,200.617,198.725,196.938,194.562,193.882,190.121,186.703,186.703,182.592,182.592,181.807,180.422,178.074,175.069,173.532,173.172,171.033,167.649,167.649,162.03,160.428,155.48,155.48,155.48,155.48,154.932,152.942,151.317,151.317,151.317,151.317,150.564,150.02,149.68,149.665,149.665,149.122,146.208,146.208,146.208,146.208,145.932,145.128,144.172,143.482,143.281,
523.668,523.668,523.668,507.492,494.751,494.751,481.27,466.167,440.197,440.197,418.849,406.891,406.891,384.599,366.118,366.118,366.118,356.544,346.121,344.59,333.372,319.484,317.442,301.088,301.088,278.85,278.85,267.568,260.588,254.862,250.518,250.518,244.343,232.196,225.225,225.225,221.295,217.37,216.727,215.095,215.095,207.336,207.198,201.782,193.727,193.727,193.727,193.727,193.189,188.658,187.69,184.289,183.71,178.779,178.779,172.332,170.974,170.672,167.801,160.275,160.275,160.275,160.275,156.478,156.478,153.94,153.94,152.52,152.52,149.87,149.87,149.87,149.222,149.222,149.222,148.715,148.143,148.143,148.007,146.277,145.007,145.007,144.786,144.185,144.185,143.898,142.903,142.903,142.301,142.301,142.301,141.219,141.219,140.729,140.729,139.807,139.438,139.393,138.175,136.801,
527.534,527.534,515.167,499.092,497.844,477.907,472.019,472.019,449.584,449.584,438.595,438.595,415.6,407.802,395.897,390.878,372.475,355.939,343.422,343.422,343.422,323.704,320.437,318.471,309.628,309.628,308.118,297.49,287.234,287.234,274.804,274.804,262.109,260.442,257.78,243.604,243.345,239.195,231.588,231.588,218.131,216.107,216.107,216.107,208.894,208.894,202.939,191.182,191.182,190.405,172.982,169.259,169.259,169.259,167.783,166.395,166.395,166.395,164.495,164.368,163.828,162.44,156.822,156.822,156.822,156.603,154.277,152.145,149.633,149.014,149.014,149.014,143.571,142.811,142.125,139.429,139.315,136.713,136.629,134.389,131.59,131.59,131.59,131.59,131.176,128.977,128.977,128.178,125.615,125.615,123.723,123.723,122.907,121.185,120.362,120.362,120.362,116.088,115.67,115.67,
533.579,533.579,522.159,514.11,502.834,495.38,481.234,473.419,457.168,450.19,446.119,425.095,415.304,397.301,374.376,374.376,374.376,364.773,342.433,340.638,337.286,333.042,332.179,311.673,307.477,302.396,289.177,282.73,265.104,261.971,261.971,246.324,246.324,229.839,226.613,226.613,226.613,213.281,213.281,213.123,206.706,199.781,199.781,199.781,199.781,194.774,191.668,190.223,185.171,185.171,181.964,181.964,176.406,176.406,176.406,172.739,172.739,166.326,166.326,166.326,163.514,158.673,158.673,158.673,158.673,155.86,155.86,153.053,153.053,151.63,150.292,149.317,149.317,149.317,147.558,147.558,147.558,147.558,144.603,144.603,141.886,141.886,141.319,139.126,139.126,139.126,138.309,138.309,138.309,138.309,138.309,137.657,137.657,137.657,137.657,137.657,137.657,137.657,137.657,137.657,
515.416,515.416,515.416,515.416,496.175,496.175,484.257,465.472,456.563,438.928,431.471,408.476,395.953,389.821,382.272,365.663,358.09,350.367,337.872,334.594,334.594,312.092,312.092,303.245,303.245,282.909,267.18,267.18,267.18,266.23,256.879,256.879,253.921,248.021,239.176,239.176,239.176,235.73,233.653,231.804,225.043,224.738,221.808,217.77,211.657,211.657,211.657,207.146,200.203,200.203,197.606,191.837,185.182,179.461,179.461,179.257,175.392,171.025,171.025,171.025,170.727,170.727,167.924,167.924,167.924,167.924,166.285,164.999,164.323,162.74,162.74,161.843,161.504,159.584,158.779,154.781,154.781,154.781,153.404,152.273,152.273,151.068,150.051,149.921,148.641,148.62,147.604,147.102,147.102,146.291,145.617,144.083,142.754,142.733,142.733,142.733,142.733,142.733,141.219,141.219,
523.212,523.089,523.089,499.65,499.65,474.155,474.155,474.155,462.628,460.192,450.492,431.645,431.645,389.076,381.246,381.246,376.397,357.414,342.84,340.422,340.422,325.381,318.549,294.427,294.427,294.427,291.964,291.964,285.232,278.449,271.252,260.586,260.586,259.456,256.537,245.398,245.398,238.83,238.83,236.666,234.881,230.179,230.179,221.238,220.464,218.61,218.419,215.379,214.295,207.968,204.279,202.336,201.869,199.578,199.089,194.531,194.531,190.984,187.701,187.701,187.701,187.701,184.283,184.283,184.032,184.032,181.333,181.333,176.152,176.152,176.152,174.809,174.448,174.448,173.968,173.968,172.07,171.467,171.467,168.527,168.527,168.527,168.527,168.527,168.418,167.902,166.149,166.149,166.149,166.149,166.149,165.386,165.386,165.057,165.057,165.057,164.057,163.537,163.537,162.446,
518.425,518.425,508.483,508.483,508.003,489.997,465.896,465.896,465.896,444.608,444.608,427.339,407.315,401.844,374.016,374.016,374.016,359.091,359.091,350.891,350.891,342.481,334.191,330.76,317.611,311.068,307.083,293.184,293.184,286.6,286.6,271.82,271.345,263.397,258.859,256.097,248.062,248.062,244.767,244.679,241.127,222.255,222.104,220.687,220.687,220.022,218.301,215.852,210.983,204.288,200.773,200.773,200.773,196.941,196.941,193.769,193.769,191.243,188.584,188.081,187.666,185.465,181.934,181.811,181.811,181.811,180.941,180.941,179.22,178.512,176.948,176.671,173.518,173.518,172.829,172.415,171.254,169.676,169.676,169.109,166.886,166.886,163.162,163.162,163.162,161.962,161.962,161.962,161.962,161.962,161.624,160.835,158.709,158.709,158.709,158.709,158.709,158.709,158.668,158.668,
521.577,521.577,510.089,510.089,501.062,479.334,468.517,457.165,457.165,456.651,429.797,423.588,415.7,397.893,381.344,351.967,327.348,327.348,327.348,304.922,302.39,300.554,279.584,279.584,256.438,254.55,254.55,246.92,241.235,239.966,235.243,216.641,216.641,216.641,216.641,216.641,212.611,210.113,207.44,194.204,194.204,194.204,194.204,194.204,190.096,190.096,190.096,189.513,187.641,185.219,185.219,174.124,174.124,174.124,174.124,171.915,171.766,165.922,165.791,165.67,162.559,162.559,162.559,162.559,162.559,159.614,157.892,157.614,157.614,156.556,156.556,156.419,155.228,155.228,155.228,155.228,155.228,154.329,154.329,154.329,154.329,154.329,154.329,154.329,152.828,152.828,152.828,152.828,152.242,151.822,151.822,151.822,151.684,151.542,151.542,151.542,150.426,150.426,150.426,150.426,
528.145,516.034,514.267,513.686,497.663,459.41,459.41,459.41,449.483,439.458,431.817,431.817,408.459,396.921,377.631,376.416,373.588,352.379,352.379,339.956,333.683,329.898,320.875,303.746,303.746,294.036,287.822,278.283,268.921,254.37,254.37,249.258,244.468,241.277,230.997,230.997,221.676,218.356,214.649,214.649,207.445,195.71,194.294,191.564,191.564,187.3,186.71,177.271,177.271,177.271,177.271,176.646,176.013,170.901,170.901,168.473,168.473,166.198,164.898,161.256,160.131,152.681,152.681,148.339,148.339,148.339,146.538,144.365,144.365,141.709,141.709,141.06,140.099,140.099,139.512,136.659,136.659,136.659,136.659,136.659,136.659,136.49,136.49,136.3,134.491,134.282,133.232,133.232,133.232,133.232,132.904,130.886,130.886,130.886,130.886,130.439,130.439,129.894,129.894,129.894,
526.475,517.017,517.017,517.017,489.927,489.927,486.762,445.452,445.452,436.008,419.246,412.091,387.601,387.601,387.601,354.233,333.02,333.02,333.02,326.921,294.074,294.074,266.941,258.569,253.749,253.749,253.749,247.369,238.465,237.402,236.403,224.072,217.607,206.267,206.267,206.267,202.454,192.501,192.501,186.387,185.251,180.48,174.51,171.883,170.486,169.702,165.554,163.131,159.34,159.34,157.144,153.521,153.521,146.268,146.268,145.269,143.11,143.11,141.002,139.638,136.417,133.422,132.228,132.228,131.62,128.13,127.437,124.698,120.122,120.122,120.122,115.422,115.422,115.374,113.474,112.362,112.362,111.203,110.812,110.688,110.688,110.477,109.208,109.208,109.208,109.022,108.966,108.431,108.431,106.884,106.884,106.539,106.539,103.82,103.82,103.82,103.82,102.677,102.677,98.8569,
513.988,513.988,513.988,513.988,512.145,498.598,487.939,467.172,451.573,447.457,428.459,428.459,409.402,389.737,368.652,366.331,366.331,364.521,341.413,341.413,327.33,325.943,314.844,308.767,308.767,296.861,296.861,289.186,277.675,277.675,265.219,265.219,265.219,254.926,245.027,239.255,239.255,235.735,230.04,218.6,218.6,218.6,218.526,216.385,213.185,213.166,210.741,209.925,209.925,209.925,208.044,207.718,205.948,205.442,205.442,204.338,204.094,203.85,202.731,202.731,201.639,201.639,201.639,200.999,198.844,198.844,195.903,195.903,195.903,195.903,195.903,195.006,195.006,195.006,195.006,195.006,194.197,194.197,192.853,192.853,190.647,190.647,190.047,190.047,190.002,189.192,188.494,188.494,187.039,187.039,187.039,185.764,185.764,185.764,185.764,183.358,183.358,183.358,183.358,183.082,
519.27,519.27,512.784,489.054,489.054,486.714,461.678,449.166,434.242,434.242,420.928,385.151,378.126,378.126,372.704,354.54,331.596,326.955,326.955,324.453,292.635,292.635,273.861,261.725,261.725,261.725,250.448,250.448,237.647,237.647,235.455,229.491,220.911,208.506,208.506,208.506,208.506,207.705,207.705,207.353,207.08,203.396,198.591,197.751,194.104,192.113,192.113,189.645,189.645,184.035,182.051,182.051,182.051,179.275,176.832,176.149,176.149,175.026,175.026,170.445,166.814,166.814,166.814,164.561,164.561,164.398,164.335,162.577,162.415,161.96,161.285,159.406,159.324,158.259,157.835,156.04,156.04,153.694,153.694,151.453,151.453,151.453,150.765,148.601,147.879,147.879,147.734,147.537,147.416,146.426,144.475,144.475,144.475,144.475,144.066,144.066,144.066,144.066,144.066,143.745,
515.986,515.986,514.238,501.237,499.372,499.001,459.16,459.16,438.954,426.64,419.735,409.212,384.656,384.656,369.335,369.335,363.114,347.337,342.595,317.398,301.854,296.99,296.632,281.021,271.37,271.37,256.117,247.722,245.711,241.915,241.915,232.881,213.135,213.135,213.135,208.629,202.945,194.975,194.975,191.311,176.782,176.782,176.782,176.782,173.361,169.457,169.457,168.565,167.562,161.513,161.513,161.201,161.201,150.617,150.617,150.617,150.617,148.663,146.547,145.656,144.463,142.51,142.51,142.51,141.27,138.55,138.55,138.55,137.837,135.287,135.072,134.204,133.283,129.378,129.378,129.378,129.378,129.378,129.378,129.378,128.782,128.462,128.462,126.329,125.072,125.072,124.659,123.738,123.16,120.282,120.282,118.37,118.37,118.37,118.37,116.791,116.588,116.533,116.533,116.533,
516.164,516.164,516.164,512.062,485.54,484.367,459.457,459.457,450.809,439.25,433.458,418.018,407.546,382.648,382.648,372.149,372.149,352.407,352.407,340.34,297.31,297.31,297.31,297.31,297.31,284.848,270.158,270.158,270.158,263.972,261.281,245.082,242.243,242.243,227.896,227.896,227.896,223.442,215.182,212.652,212.518,208.691,199.828,199.828,193.878,190.223,190.223,190.223,186.772,186.772,183.192,183.192,183.192,182.059,177.738,175.728,174.938,174.839,170.193,170.193,162.867,162.867,161.566,161.566,160.055,160.055,156.407,155.744,150.586,147.19,147.19,147.19,145.008,144.067,143.757,143.757,141.923,141.471,138.935,138.793,138.793,138.793,138.793,138.742,138.714,138.654,138.654,138.654,138.654,138.642,136.145,136.145,136.145,136.145,136.145,136.145,135.905,134.891,134.891,134.891,
493.22,493.22,493.22,493.22,493.22,493.22,480.823,480.823,463.664,444.666,440,440,432.893,428.237,417.744,409.485,402.578,393.489,375.977,375.977,370.597,369.668,356.422,354.671,343.535,318.579,318.579,318.579,318.579,313.551,303.986,293.649,289.593,278.622,278.622,276.533,265.781,265.781,265.689,265.689,259.744,255.542,247.198,247.198,244.313,239.152,239.152,237.135,235.646,235.646,232.928,228.549,228.549,226.916,221.583,215.937,212.705,208.446,208.446,208.446,205.074,205.074,195.889,195.889,195.889,194.808,194.808,191.392,190.846,190.846,186.76,186.76,186.335,185.176,184.894,184.894,181.018,179.264,177.307,177.166,177.166,176.459,176.459,174.673,174.673,174.673,173.841,173.841,173.428,173.428,168.112,168.112,168.112,167.171,166.979,166.843,166.843,166.551,166.551,166.551,
536.137,531.733,503.755,502.234,502.234,491.174,489.443,467.382,453.359,451.104,411.937,407.545,389.812,386.896,346.285,346.285,346.285,337.335,324.76,318.556,316.949,311.566,300.793,276.424,276.424,276.424,263.406,258.236,258.236,256.27,243.599,243.599,243.409,242.402,238.045,234.923,230.022,230.022,217.06,215.518,215.518,211.829,211.829,207.863,205.21,199.678,197.555,193.148,193.148,189.932,189.932,187.438,184.748,184.748,184.748,180.856,180.856,178.747,177.983,177.983,177.983,177.834,177.834,177.121,176.195,175.862,174.364,174.364,174.364,173.852,173.216,172.226,172.226,172.226,172.147,172.11,169.767,169.004,169.004,169.004,168.846,166.662,165.753,165.753,165.421,165.421,165.421,165.421,164.196,164.122,164.122,163.907,163.669,163.138,163.138,162.959,162.443,162.276,161.972,161.657,
526.407,526.407,526.407,517.977,511.997,511.997,474.365,469.832,469.832,455.934,442.019,397.293,397.293,397.293,390.092,372.867,372.867,367.539,367.539,350.222,332.839,317.975,309.702,302.955,297.827,284.947,278.41,264.994,257.649,253.717,253.717,243.496,241.084,237.104,236.267,236.267,231.878,230.912,227.142,221.841,215.875,208.572,208.572,208.572,208.572,208.572,203.819,203.819,202.095,197.202,196.033,193.694,191.848,190.048,189.098,186.788,186.788,185.339,185.339,185.339,184.358,182.389,182.389,181.742,177.854,177.854,176.355,176.355,175.93,175.93,174.332,172.98,172.98,172.98,170.418,170.418,170.346,170.346,170.346,169.136,167.905,167.302,167.129,166.731,166.558,166.366,163.788,163.788,163.788,163.788,163.788,163.562,163.468,163.468,162.671,162.671,162.671,161.085,161.085,161.085,
532.214,530.91,520.41,513.266,510.623,504.749,492.559,482.648,473.737,464.371,455.954,448.266,421.736,421.736,414.895,410.499,403.85,382.17,374,357.462,348.826,343.164,329.405,326.409,315.751,309.079,291.23,290.321,282.172,280.528,273.192,263.452,263.452,249.061,232.761,232.761,230.243,223.516,208.382,208.382,208.382,208.382,204.047,188.637,188.637,188.637,188.637,186.635,185.481,176.029,173.708,173.708,173.708,171.574,170.225,166.161,166.161,165.354,163.534,158.982,158.982,156.411,156.411,151.049,149.501,146.412,146.412,146.412,143.087,142.919,142.874,142.804,139.95,139.95,139.442,139.442,136.746,136.746,136.746,135.972,134.017,132.037,132.037,132.037,132.037,128.972,128.972,128.972,128.733,128.662,128.662,128.402,126.244,126.172,126.107,126.039,123.683,123.683,123.683,123.615,
510.128,510.128,510.128,505.102,497.43,491.722,474.985,474.985,474.985,446.052,420.361,419.71,402.815,402.815,396.602,396.137,385.649,380.032,369.376,369.376,358.171,354.361,352.335,339.247,336.435,324.474,322.254,308.138,308.138,294.358,281.137,281.137,279.098,275.274,264.686,263.308,263.013,258.342,258.342,252.845,246.862,233.829,232.897,231.906,231.906,227.298,227.298,223.773,223.773,221.459,221.459,212.849,212.849,212.849,207.308,207.308,206.213,201.903,201.903,201.903,199.598,196.37,196.313,188.699,186.653,186.653,186.653,186.653,185.836,180.928,180.928,180.928,178.193,178.193,174.267,174.263,171.002,170.739,170.429,168.067,167.97,167.97,165.881,164.003,163.032,163.032,163.032,161.792,159.599,159.268,157.745,157.031,154.58,154.174,154.174,151.986,151.385,148.286,148.286,147.491,
519.052,519.052,519.052,519.052,513.224,488.775,486.078,484.657,484.657,460.176,460.176,456.299,442.717,442.717,415.864,415.864,413.345,395.282,392.215,377.471,370.937,355.803,351.773,338.675,328.637,328.637,313.448,312.394,302.499,300.221,296.072,287.597,283.545,274.433,272.765,266.232,266.232,261.04,261.04,261.04,246.143,246.143,246.143,246.143,246.143,244.494,244.494,235.931,235.931,235.931,232.537,232.537,231.646,231.646,230.359,227.14,226.386,226.386,224.052,222.73,222.73,219.673,219.673,218.353,217.093,216.901,216.901,216.39,210.911,210.911,210.911,210.911,210.208,210.208,208.455,208.455,207.361,204.733,204.03,204.03,204.03,202.527,200.9,200.9,200.9,200.704,198.292,198.292,198.292,197.94,196.722,196.018,195.547,195.148,193.346,193.294,192.874,192.802,192.802,192.773,
523.311,523.311,523.311,521.202,501.861,501.861,482.843,471.091,461.605,450.546,448.264,448.264,437.546,416.074,411.195,411.195,389.063,388.927,378.988,370.5,353.919,339.927,339.927,339.927,326.749,319.283,319.283,309.507,302.741,288.391,273.236,270.036,270.036,263.497,255.907,255.907,245.756,245.756,236.42,231.657,231.213,219.321,219.321,213.501,211.094,211.094,201.472,201.472,200.644,196.874,193.199,193.199,185.306,180.839,179.384,174.417,174.417,168.98,168.802,168.802,166.354,164.672,164.221,162.999,162.377,161.936,156.349,155.086,155.086,154.662,152.818,152.77,151.703,151.703,151.083,149.92,149.239,147.898,147.898,147.898,146.843,146.843,146.163,146.163,144.339,144.339,144.339,143.324,142.84,142.489,142.097,141.21,141.21,141.21,140.122,140.122,140.122,140.122,137.291,137.291,
536.525,523.89,521.117,496.021,478.071,472.959,460.65,460.65,451.852,435.323,427.049,416.486,397.787,397.787,397.787,389.658,362.793,359.969,351.147,327.077,322.955,304.759,298.734,298.734,278.39,278.39,271.34,266.068,264.768,262.665,253.516,253.516,246.863,239.389,232.972,227.691,226.93,226.649,220.011,213.649,213.649,213.649,207.171,207.171,204.495,204.495,201.898,200.53,200.53,199.155,197.046,194.882,194.882,191.308,191.308,189.816,189.473,185.297,177.816,177.816,177.816,176.688,176.688,176.688,176.688,175.795,174.212,174.212,174.199,173.143,172.396,172.198,170.92,170.92,168.528,168.528,167.534,167.414,167.414,166.243,165.453,165.453,165.453,165.453,165.135,164.588,164.572,164.446,164.446,163.581,162.834,162.834,162.834,162.627,162.627,161.88,161.88,161.782,161.782,161.782,
529.917,529.917,525.799,525.799,499,485.928,481.333,468.764,468.02,436.198,435.681,417.853,416.171,387.448,387.448,387.448,387.448,359.439,356.946,346.634,338.158,325.599,319.085,319.085,310.359,310.294,275.429,275.429,275.429,268.379,265.535,265.535,255.516,254.67,242.727,235.099,235.099,232.711,222.506,220.109,207.154,202.688,200.806,195.228,191.85,186.836,186.836,176.185,172.619,172.619,168.698,159.737,159.737,158.309,156.784,155.347,155.347,154.863,152.128,152.128,152.128,148.516,146.339,146.339,139.592,139.592,139.592,134.398,131.954,131.954,131.898,130.057,130.057,128.82,127.159,127.159,125.07,124.091,122.776,121.729,121.729,121.248,118.726,118.434,113.875,112.915,112.915,109.694,109.694,109.694,108.952,107.703,106.712,105.726,104.855,102.749,102.009,101.248,99.9677,97.2767,
508.659,508.659,508.659,484.102,484.102,484.102,484.102,482.052,463.097,457.901,455.344,443.35,418.053,418.053,418.053,408.23,398.745,386.122,362.969,362.969,362.969,356.333,351.874,349.5,336.267,321.782,306.198,303.891,286.788,286.788,286.788,286.788,267.155,267.155,256.096,255.804,242.846,242.846,232.368,232.368,226.821,221.415,219.71,214.717,203.578,203.578,196.299,196.299,195.722,187.254,182.877,182.877,181.558,181.558,179.233,174.983,170.679,170.679,170.679,170.679,168.283,167.926,166.081,161.659,160.538,160.538,160.538,160.538,158.42,158.42,158.42,156.685,155.866,153.103,152.35,151.939,149.456,149.456,149.456,148.462,146.999,144.834,144.834,144.834,141.688,141.688,139.374,139.102,139.102,138.676,138.62,135.172,135.172,134.943,134.094,134.094,130.841,130.841,130.841,130.841,
526.148,526.148,504.788,500.532,494.395,470.205,451.453,431.804,431.804,422.535,410.383,400.046,371.999,371.999,371.999,355.075,335.72,322.932,313.024,313.024,313.024,306.621,298.186,292.454,278.023,273.189,268.047,261.406,255.833,245.804,239.963,239.963,237.574,232.548,225.86,217.19,214.172,209.26,205.622,198.165,198.165,198.038,195.867,192.091,192.091,188.53,187.103,184.831,180.941,172.358,172.358,172.358,166.363,166.247,164.386,163.898,156.437,156.437,156.437,154.576,152.28,152.165,152.165,149.228,149.228,143.149,143.149,141.879,140.105,137.524,137.524,137.114,135.522,134.882,126.325,126.325,126.325,126.068,120.176,120.176,120.176,120.176,120.176,117.975,116.592,116.592,116.592,114.642,111.104,111.104,111.072,110.341,110.341,108.834,107.8,107.642,104.505,104.505,104.505,103.825,
505.516,505.516,505.516,505.516,491.568,491.568,489.688,474.995,467.958,457.976,448.285,434.623,431.828,412.861,400.599,397.674,377.528,361.791,350.776,342.712,334.154,315.1,298.805,284.935,283.122,283.122,264.448,264.448,264.448,257.006,238.069,238.069,236.436,217.678,217.678,216.861,205.729,203.688,201.486,201.486,195.565,195.565,187.598,186.801,176.108,176.108,176.108,169.126,169.126,167.678,167.678,165.73,165.73,164.67,160.608,160.608,160.608,160.608,160.608,158.106,155.852,155.606,155.606,155.606,155.046,154.433,154.217,153.059,151.334,151.334,149.582,149.582,146.789,146.789,146.789,146.789,146.707,145.521,145.439,143.381,143.381,143.381,141.644,141.644,141.644,141.644,141.644,141.644,141.644,141.644,140.538,140.232,140.232,140.232,140.232,140.232,140.232,140.232,140.232,140.122,
540.121,540.121,518.733,518.733,510.471,498.259,493.61,481.555,465.583,454.074,439.231,428.457,428.457,423.101,400.654,391.208,383.005,377.545,363.878,349.969,340.924,340.924,295.933,293.872,293.872,261.807,260.753,255.34,255.34,255.34,234.688,234.688,234.15,219.755,217.108,216.363,194.417,194.417,194.417,189.736,188.18,188.18,184.867,179.388,176.761,174.88,167.346,165.893,165.893,164.528,164.528,162.403,162.36,161.804,160.055,160.055,157.115,157.115,152.012,151.533,151.533,150.787,149.058,146.405,146.405,146.405,146.405,143.599,143.599,142.436,142.347,141.7,141.7,141.224,140.986,139.294,138.642,138.642,137.906,137.499,136.84,136.84,135.829,135.17,133.643,133.643,133.643,133.179,132.933,132.933,132.932,131.359,130.907,130.699,130.5,130.5,130.5,129.793,129.164,129.164,
521.534,521.534,521.534,513.136,509.652,495.687,493.459,468.061,459.767,428.642,428.642,428.642,422.053,417.297,417.297,391.697,379.617,363.689,360.181,347.569,343.421,324.625,321.828,318.726,307.219,305.587,293.592,266.793,266.793,260.197,260.197,252.64,252.64,245.729,245.729,237.319,229.635,219.976,212.801,212.801,210.542,207.343,205.383,196.231,196.231,196.231,192.348,188.689,186.5,184.457,183.218,178.425,178.425,176.952,176.952,176.273,174.542,174.542,172.577,172.577,172.46,170.23,168.055,167.296,165.396,164.282,164.282,164.27,162.155,157.104,157.104,157.104,156.89,154.701,154.701,154.701,154.701,154.068,150.198,150.198,148.009,147.703,147.229,147.229,147.229,147.229,147.229,145.514,144.58,144.58,144.58,143.054,143.054,142.749,142.749,142.749,142.749,142.581,142.581,141.23,
522.018,518.462,518.462,509.702,499.941,468.713,468.713,451.633,446.55,430.925,398.473,398.473,392.31,376.567,375.837,368.156,368.156,360.696,343.036,336.238,335.217,321.324,305.714,305.714,303.909,294.415,265.608,265.608,265.608,261.438,260.461,260.461,260.461,257.35,247.245,241.768,241.768,232.796,232.796,232.539,228.025,223.746,223.746,222.408,220.843,220.843,217.773,215.871,212.659,209.002,204.45,204.45,203.438,203.438,202.245,196.872,191.112,191.112,191.112,190.796,190.796,186.446,186.446,186.131,184.606,183.095,177.157,177.157,177.157,176.136,176.136,174.277,174.277,173.164,170.284,168.822,168.822,168.79,164.139,164.139,164.101,162.907,162.887,162.887,158.958,158.197,156.472,156.078,156.078,156.078,154.663,154.663,153.556,153.556,151.897,151.747,151.747,150.785,150.785,148.981,
539.672,525.688,525.688,509.762,509.762,490.553,490.553,483.735,468.554,465.958,442.852,437.343,420.786,420.786,395.13,395.13,395.13,381.825,378.243,378.243,362.142,357.433,345.42,334.837,313.66,313.66,313.66,309.861,304.722,300.011,289.251,289.251,282.153,263.742,254.897,254.897,254.897,254.897,251.327,251.327,247.547,229.8,229.8,229.8,225.87,225.87,224.222,221.999,220.382,207.076,207.076,206.655,204.432,204.348,204.33,197.807,197.807,197.807,196.697,196.697,195.123,194.776,191.967,189.46,188.246,188.246,187.455,186.018,186.018,186.018,186.018,184.275,182.047,182.047,181.963,181.963,181.963,181.19,179.137,179.137,178.219,178.219,178.094,177.302,176.962,176.962,175.925,175.752,175.752,174.715,174.715,174.482,174.137,173.798,172.942,172.82,172.324,172.324,172.274,172.091,
524.52,524.52,517.407,517.407,501.035,489.842,478.052,460.925,457.687,449.101,433.681,415.433,415.433,399.434,395.617,391.505,376.872,339.729,339.729,327.793,327.793,327.793,319.076,310.671,306.943,302.359,297.731,287.539,283.979,279.822,271.644,266.632,260.36,254.034,248.286,240.62,233.711,233.711,232.419,232.419,228.519,225.802,223.127,219.532,219.532,214.625,212.011,207.221,204.096,202.546,202.546,192.047,192.047,192.047,189.632,189.561,188.529,185.528,185.528,184.163,180.307,180.307,179.019,177.386,176.501,173.203,173.203,172.686,172.686,172.686,172.593,169.617,169.617,169.428,169.428,165.973,165.973,165.973,165.973,165.973,165.973,165.71,165.71,165.406,164.203,163.988,163.988,163.396,163.396,162.901,162.901,162.901,162.901,162.68,162.68,162.453,162.453,162.011,161.973,161.799,
535.75,526.996,526.996,522.906,492.324,492.324,487.571,474.924,469.261,447.971,447.971,427.634,424.676,421.619,416.378,392.46,387.708,383.952,373.776,372.49,352.535,338.017,330.964,330.964,323.156,312.738,300.254,293.487,266.373,266.373,266.373,259.777,252.675,232.839,231.451,222.759,222.759,222.453,222.453,222.453,217.882,215.887,214.627,212.416,209.368,207.877,202.409,199.744,194.946,188.202,184.575,183.147,183.147,180.524,179.66,177.302,177.302,177.302,175.86,172.73,163.8,163.8,163.8,163.8,163.8,163.245,162.641,158.718,158.718,158.718,150.154,146.383,146.383,146.383,146.289,141.985,141.985,141.985,141.985,137.631,133.466,133.466,131.975,131.975,131.914,131.914,129.573,129.573,129.573,129.573,128.897,128.021,127.406,127.406,127.046,127.046,125.937,125.937,125.937,125.493,
526.795,521.161,520.58,507.582,507.582,471.202,471.202,466.931,442.016,442.016,442.016,425.903,413.873,413.873,407.692,382.717,376.409,366.989,365.985,347.37,342.363,313.031,311.287,311.287,302.154,283.719,283.719,273.738,267.383,264.576,245.841,245.841,244.331,235.229,235.229,228.011,209.463,209.463,209.463,208.101,197.044,196.696,188.343,188.343,186.07,186.07,186.053,182.231,174.634,173.439,164.731,164.731,159.663,156.638,152.155,152.155,151.037,150.357,150.357,146.245,146.245,146.245,143.695,141.89,141.89,140.201,140.201,139.244,138.977,137.47,137.47,135.75,133.994,133.994,132.837,131.612,131.424,130.033,128.221,128.221,128.096,126.429,125.272,125.272,125.272,123.926,123.898,122.308,121.845,121.845,121.845,121.845,121.845,120.543,120.543,119.896,119.896,119.241,119.241,119.241,
528.081,527.994,511.233,511.233,496.984,477.66,477.66,475.137,465.094,449.126,416.657,415.576,386.999,382.967,372.029,355.624,354.636,340.556,322.65,322.65,298.009,291.031,266.686,264.788,264.788,260.002,260.002,251.982,246.758,246.758,243.026,234.64,220.589,220.589,220.589,209.247,207.775,204.736,204.736,197.596,195.359,195.359,194.594,190.404,189.108,186.333,186.036,186.036,179.701,177.196,177.196,174.866,174.866,173.4,171.673,171.237,168.07,167.488,165.607,165.607,163.713,163.074,157.437,156.587,156.587,154.397,154.053,152.688,152.688,152.688,148.06,148.06,148.06,148.06,148.06,147.376,146.74,145.42,145.42,145.169,145.169,143.213,142.71,142.367,141.483,141.483,141.483,140.633,140.633,139.053,139.053,139.053,138.348,138.348,138.348,138.348,137.497,137.497,137.497,135.917,
534.936,526.421,491.867,491.867,491.867,487.426,477.441,477.441,469.215,460.989,447.022,435.444,425.005,417.931,404.382,403.947,379.161,367.203,363.678,350.731,338.586,330.76,323.173,303.247,303.247,303.247,299.032,290.815,290.277,288.906,270.183,255.846,255.846,255.375,255.375,242.231,236.556,236.556,234.046,225.765,224.431,220.018,220.018,217.24,211.962,204.244,203.755,198.928,191.798,191.798,191.69,191.435,186.812,183.644,182.937,179.919,179.919,176.573,172.403,172.403,171.127,163.382,163.382,163.382,161.495,159.63,150.169,146.22,146.22,143.707,141.115,139.034,135.064,135.064,135.064,135.064,129.052,128.359,128.359,127.563,127.563,126.871,125.04,122.538,122.538,122.538,122.455,119.977,118.003,116.04,112.152,111.996,111.996,110.467,109.98,107.653,107.653,107.653,107.002,106.915,
542.306,537.857,509.648,502.47,496.201,464.369,464.369,449.852,449.852,436.288,434.374,418.624,412.899,399.329,386.793,362.299,361.09,361.09,354.157,345.302,327.688,322.548,322.548,321.355,302.955,302.955,302.955,299.123,280.241,280.241,276.881,268.378,268.378,255.839,255.072,238.935,238.935,238.935,238.869,228.024,226.715,217.165,217.165,215.956,214.358,211.689,203.938,200.772,200.526,197.028,196.143,194.835,193.879,189.857,185.84,184.9,184.9,184.119,181.845,180.489,179.628,176.497,176.497,172.337,172.337,172.337,172.337,172.306,171.842,170.121,169.777,169.777,168.938,168.938,168.055,167.713,165.98,165.98,165.98,165.98,163.459,162.924,162.885,159.167,159.167,159.167,158.547,158.494,157.866,156.931,156.931,156.931,156.931,156.931,155.423,155.423,155.423,155.423,154.815,153.786,
522.944,522.944,522.944,508.542,508.542,504.005,478.535,478.535,470.6,453.771,443.712,430.529,405.288,405.288,404.893,389.914,374.718,357.026,357.026,355.091,338.139,330.078,326.916,307.094,307.094,299.21,294.998,281.432,278.89,276.276,261.727,255.34,245.631,241.291,241.291,236.862,233.493,232.736,231.021,229.069,222.839,221.799,220.405,216.868,213.202,213.202,207.085,207.085,204.368,201.918,199.658,198.355,196.35,194.547,189.833,189.043,187.07,180.61,180.61,180.61,180.61,176.236,174.531,174.531,171.23,168.669,166.979,166.979,166.249,165.715,164.61,163.978,162.927,161.719,159.727,159.727,159.727,159.727,158.036,158.036,158.001,156.268,156.268,154.909,154.909,154.026,154.026,154.026,154.026,153.257,152.506,152.506,152.506,152.506,152.506,150.932,150.932,150.932,150.932,146.666,
532.708,506.34,506.34,501.008,501.008,480.965,470.745,458.616,450.309,429.445,427.892,418.108,410.095,389.487,377.491,377.491,370.8,352.499,352.499,343.761,325.376,313.856,313.732,313.732,303.812,296.189,290.875,289.86,281.54,264.249,256.594,256.594,256.594,256.594,252.797,250.568,246.93,243.996,237.554,231.13,229.241,229.216,221.753,218.64,218.349,204.19,204.19,204.19,204.19,203.709,199.734,199.734,197.999,197.999,193.498,193.498,193.498,193.498,191.138,190.628,186.932,186.932,186.773,182.045,182.045,182.045,182.045,182.045,179.998,179.998,178.246,178.246,176.222,173.42,173.388,172.398,172.398,170.836,167.781,167.363,167.363,167.327,164.734,164.734,164.734,164.561,163.817,163.602,163.602,163.602,163.421,161.248,161.248,161.248,161.248,161.248,160.306,159.466,158.722,157.786,
514.438,507.552,501.386,495.484,495.484,486.131,463.755,463.755,452.758,448.553,436.487,435.03,432.843,417.233,413.426,406.624,387.146,380.065,365.113,358.359,358.359,342.541,337.808,318.853,315.624,284.141,284.141,281.116,277.75,275.794,247.526,247.526,247.526,246.041,245.808,238.53,230.409,227.967,220.995,220.369,210.178,210.178,199.032,199.032,196.604,195.057,183.285,183.285,183.285,183.285,182.003,177.027,177.027,177.027,177.027,173.285,173.285,170.769,170.769,170.769,169.479,167.032,167.032,167.032,166.534,165.588,164.861,163.295,163.241,163.241,161.023,161.023,161.023,157.574,157.574,157.24,154.883,154.883,153.974,153.1,152.481,150.653,150.653,148.661,147.579,147.505,147.505,146.059,145.721,145.256,144.12,143.736,143.319,143.319,143.319,143.229,143.229,141.834,141.816,141.032,
515.081,509.796,509.796,497.465,475.637,475.637,469.817,450.843,444.041,431.345,421.577,421.14,398.275,395.747,377.061,372.498,355.553,355.553,355.553,338.186,322.057,322.057,314.943,303.698,300.589,300.589,292.866,290.483,288.854,286.672,284.641,276.227,267.527,267.527,267.527,267.527,263.424,255.298,250.296,249.568,242.314,241.767,229.159,227.452,224.796,221.656,215.52,215.109,214.748,205.876,205.876,205.876,205.876,202.588,202.588,202.588,202.588,202.521,199.692,199.692,196.775,196.775,196.775,196.775,196.775,196.751,195.303,195.303,193.265,193.265,191.793,191.793,187.976,187.976,187.909,186.855,182.544,182.544,182.544,182.317,182.317,180.851,180.712,178.606,177.937,177.048,175.732,175.732,175.732,171.087,171.087,168.788,168.788,168.788,167.778,164.736,164.736,162.264,162.264,162.264,
535.62,532.576,527.809,516.21,501.63,501.63,493.034,485.174,477.789,466.284,453.675,439.621,431.347,429.866,417.337,397.379,397.379,373.204,373.204,370.773,331.879,331.632,331.632,331.632,316.966,310.985,303.648,293.317,289.506,280.152,257.099,246.24,242.373,242.373,237.638,219.916,219.916,219.916,219.916,219.916,219.916,219.916,216.457,208.425,205.717,205.717,204.37,202.797,200.122,193.622,193.289,192.775,186.594,186.594,186.594,178.518,177.745,176.755,171.387,165.682,165.682,162.075,160.936,160.936,159.17,158.49,157.056,157.056,154.598,149.537,149.537,149.537,149.537,149.537,149.537,149.537,146.079,146.079,146.079,146.079,146.079,144.727,144.632,142.281,142.281,139.762,139.762,139.762,139.142,139.142,139.142,139.142,139.073,139.073,139.073,139.073,137.264,137.194,136.323,136.323,
515.822,508.758,504.86,497.468,488.721,476.429,476.429,468.115,459.541,423.451,423.451,423.451,422.965,406.383,381.948,380.337,361.126,361.126,361.126,344.951,328.296,328.296,317.397,315.303,313.258,306.055,287.394,287.394,284.262,284.262,281.587,272.104,272.104,270.687,269.929,264.567,262.447,259.089,253.431,253.106,251.248,245.518,245.518,240.365,240.365,233.586,224.535,224.535,217.623,217.623,210.854,206.64,202.12,200.483,200.483,194.942,192.974,192.806,189.249,181.404,179.894,179.894,179.894,174.934,174.142,172.139,172.139,170.531,168.365,168.365,165.926,165.926,165.926,165.41,165.41,162.628,162.628,160.824,160.824,160.824,160.824,159.262,158.372,158.372,158.372,157.526,156.612,156.612,156.612,156.612,156.612,156.612,156.612,155.805,155.805,155.805,155.805,155.805,155.32,155.064,
517.87,517.87,517.87,504.681,501.213,501.121,491.785,484.289,464.518,456.597,443.679,435.069,423.249,413.476,413.476,406.073,395.836,383.124,371.747,358.733,349.127,349.127,342.105,332.526,315.19,300.514,298.955,288.265,287.775,280.516,277.884,262.628,262.628,259.559,248.174,248.174,246.661,241.291,236.922,230.905,223.44,223.44,213.85,213.85,205.954,204.706,204.706,204.706,203.398,199.777,199.777,195.532,193.824,193.824,189.595,188.781,187.27,184.155,184.155,184.155,184.155,184.155,181.277,178.668,178.668,178.668,176.823,176.823,172.609,172.609,172.609,172.609,171.53,169.34,169.34,168.286,167.206,166.743,166.037,166.037,166.037,165.028,164.242,163.367,161.405,161.405,161.405,161.405,160.267,159.484,159.484,159.484,159.484,159.276,156.664,156.664,156.664,156.664,156.664,156.664,
535.377,535.377,523.307,519.393,491.916,479.12,473.604,473.604,466.745,449.291,432.819,421.944,421.944,398.079,398.079,388.116,384.005,380.815,380.815,366.255,365.797,346.691,346.691,341.804,327.665,327.665,324.603,323.529,306.196,306.196,306.196,293.624,293.624,293.624,284.788,279.073,278.431,275.111,271.803,271.803,271.638,267.005,264.845,262.554,261.2,258.595,255.428,246.061,246.061,246.061,243.391,239.518,239.518,239.518,237.849,227.652,224.718,224.718,220.366,219.752,218.52,216.364,213.25,213.25,212.636,212.223,212.223,209.427,209.427,207.901,207.901,206.803,206.739,205.062,205.062,202.937,202.937,202.937,202.899,201.964,201.964,201.964,201.35,201.35,201.285,201.247,200.198,200.198,200.198,200.198,200.188,198.546,198.546,198.246,198.228,198.228,198.098,197.92,197.668,197.668,
528.813,528.813,521.099,500.045,498.515,482.194,476.181,467.265,448.629,436.517,411.478,411.478,408.634,402.1,400.462,373.62,373.62,354.557,354.451,345.531,339.528,317.06,317.06,317.06,302.866,291.923,291.923,291.923,283.894,276.086,270.782,257.711,257.711,254.99,247.638,233.276,233.276,233.276,222.614,222.614,222.614,220.07,220.07,210.686,210.686,204.53,201.162,201.162,201.162,200.065,192.616,192.616,190.407,187.679,187.679,185.711,182.999,176.914,176.914,175.461,171.827,169.197,168.788,164.271,163.855,162.664,157.134,155.331,154.507,152.566,152.534,149.431,149.431,147.536,147.371,145.275,145.275,145.275,144.872,143.495,142.114,142.114,142.114,141.111,140.299,140.102,140.102,137.916,137.916,136.535,136.535,136.337,136.337,135.867,135.867,135.368,135.368,135.324,135.143,134.95,
