Run#,f best
1,[449.698 440.204 408.206 408.206 357.158 357.158 345.049 311.239 308.323 289.461 264.256 256.016 249.5 234.468 218.3 215.132 213.083 196.635 189.842 152.319 152.319 134.251 129.143 123.778 114.547 114.547 114.547 107.811 103.782 103.782 93.5228 87.8269 83.0884 83.0884 82.3662 80.9601 76.7216 70.1835 70.1835 66.2675 55.5557 55.5557 42.4575 42.4575 41.4009 33.2281 33.2281 29.4688 26.4101 15.9414 15.9414 15.9414 15.1594 12.3593 12.3593 6.65311 6.65311 6.65311 6.65311 6.38182 1.25661 1.25661 0.407061 0.407061 -0.974037 -1.41389 -3.69401 -3.69401 -6.14632 -6.14632 -6.14632 -8.57099 -8.67824 -8.67824 -9.77102 -11.1303 -12.6993 -13.9867 -13.9867 -13.9867 -15.0644 -15.125 -17.9996 -18.9447 -18.9447 -18.9447 -19.8957 -20.0732 -21.3165 -22.3365 -22.9189 -22.9189 -22.9189 -26.1636 -26.1636 -26.1636 -26.9224 -27.6755 -27.6755 -28.6143 ]
2,[435.397 435.397 425.194 411.801 390.215 355.308 347.303 306.934 300.125 300.125 299.185 284.426 260.946 248.86 231.549 214.53 191.727 191.727 191.727 191.727 172.752 165.281 165.249 157.239 137.315 137.315 128.996 128.996 128.05 118.247 111.894 111.894 111.894 110.004 102.654 102.654 96.7417 95.9726 95.9726 95.8362 85.4974 84.3896 82.8409 76.5408 73.2914 70.6522 67.8607 58.9582 58.9582 58.9582 53.9281 51.2633 49.803 49.803 46.8877 43.5404 43.5404 39.7395 39.7395 35.2202 35.2202 35.2202 35.2202 35.2202 31.0349 31.0349 31.0349 31.0349 26.7959 26.7959 26.7959 25.9475 25.9475 25.9475 22.6453 22.592 20.7394 20.7394 19.3011 19.3011 15.1896 15.1896 15.1896 13.5416 13.5416 13.5416 13.5416 13.5416 13.0576 12.6088 12.435 11.1421 10.2971 9.86026 9.86026 9.2491 8.56501 8.56501 8.50252 6.44059 ]
3,[442.486 442.486 381.55 348.364 341.751 284.109 284.109 278.238 262.64 256.798 231.18 198.93 198.93 198.93 193.807 184.145 182.643 171.573 149.487 144.08 144.08 137.408 129.351 115.549 115.02 112.821 101.828 92.0446 87.9554 81.1112 81.1112 77.453 73.9059 70.5844 63.3438 63.3438 62.1355 59.595 54.3819 48.9078 48.9078 44.844 43.4742 43.4742 40.6421 38.2813 32.9166 29.0244 29.0244 25.4821 25.4821 15.8463 15.8463 15.8463 15.8463 15.8463 15.7026 15.7026 12.9786 12.9786 12.9786 10.7533 10.7533 10.5671 9.58635 7.70688 7.70688 7.70688 7.67168 7.63909 7.03004 6.73941 6.1316 5.6642 3.75967 3.75967 3.75967 3.62761 2.2591 1.84586 1.84586 0.735901 -0.158059 -0.658124 -0.824273 -1.79805 -2.06259 -2.39632 -3.1908 -3.1908 -3.66566 -3.66566 -5.057 -5.057 -6.04735 -6.04735 -6.92712 -8.08738 -9.22731 -9.38763 ]
4,[432.413 432.413 408.002 375.499 366.341 348.095 315.819 315.819 309.44 288.539 277.611 244.111 244.111 239.419 218.071 202.403 202.403 190.781 162.914 162.914 161.079 146.195 121.261 98.1586 98.1586 84.4326 84.4326 84.4326 83.1199 72.9307 72.8753 67.9392 67.9392 63.0115 63.0115 59.8312 52.2456 52.2456 52.2456 51.9233 45.952 38.5473 38.5473 35.8755 30.2085 23.4832 23.4832 23.3109 15.3586 12.1755 12.1755 11.3399 7.67237 7.67237 5.22311 2.76926 0.246199 -0.317104 -1.22427 -3.17988 -6.05027 -6.72019 -7.33199 -7.73009 -7.73009 -7.7892 -8.47609 -12.1806 -12.9751 -13.8931 -15.6699 -15.6699 -15.6699 -16.0978 -17.1676 -18.7893 -18.8784 -19.2396 -19.4067 -19.5877 -21.0188 -21.0188 -21.0188 -22.125 -22.8621 -22.8621 -22.8621 -22.8621 -23.5236 -23.7608 -24.354 -24.354 -25.0671 -25.718 -26.8765 -28.0422 -28.0422 -28.4914 -28.4914 -28.4914 ]
5,[439.895 439.895 439.464 415.867 386.309 351.294 326.672 320.459 315.236 286.598 263.845 224.944 215.782 215.782 215.782 204.536 185.241 185.241 185.241 182.719 165.944 162.06 157.524 141.542 141.542 138.715 128.906 117.258 115.282 115.282 106.678 104.695 89.1676 86.639 85.3696 82.4013 71.5119 63.3511 57.722 57.722 55.4035 51.5853 47.5964 46.2484 39.0974 38.5834 38.5834 36.9511 28.5057 25.8374 25.8374 19.499 18.3147 18.3147 13.3701 13.3701 8.15417 7.60192 5.8008 5.25485 5.25485 3.36653 3.20736 -1.35003 -1.35003 -2.03789 -2.03789 -2.18033 -5.16285 -7.30023 -9.65316 -9.65316 -9.65316 -9.96993 -11.0912 -15.1539 -18.3232 -18.3232 -18.3232 -18.3232 -18.3232 -18.3232 -18.9086 -21.2208 -21.399 -22.4041 -22.6275 -24.6855 -24.6855 -25.1544 -28.0723 -28.0723 -29.3318 -29.3318 -30.8458 -30.8458 -32.202 -32.202 -32.202 -33.4026 ]
6,[428.491 398.6 398.6 398.6 364.301 322.812 316.385 316.385 293.268 292.501 258.397 258.397 236.76 231.465 185.314 134.621 134.621 134.621 134.621 134.621 111.138 111.138 111.138 104.83 104.83 96.6425 91.4937 89.3878 76.6834 69.0442 69.0442 69.0442 69.0442 62.9579 58.821 58.821 51.9736 49.9529 47.7304 45.5993 38.8665 33.4373 32.7642 25.9488 25.9488 24.111 17.6403 17.6403 12.5083 12.5083 6.0067 5.99286 3.77724 3.77724 3.77724 -1.25606 -3.75376 -4.41328 -8.98981 -11.2141 -11.2141 -13.1833 -13.3461 -13.9358 -14.8307 -18.8946 -18.8946 -19.0916 -22.4939 -23.4927 -23.8488 -24.1229 -24.1229 -25.9967 -28.2796 -31.5299 -31.5299 -31.5299 -31.5299 -34.921 -34.921 -34.921 -34.9381 -36.9083 -36.9083 -37.7773 -38.7331 -39.3968 -40.5774 -42.256 -43.1918 -43.1918 -43.1918 -43.1918 -44.6078 -45.0473 -45.7976 -45.7976 -46.0309 -47.4469 ]
7,[377.031 376.92 376.92 376.92 337.781 337.781 313.361 300.036 235.513 235.513 235.513 235.513 206.607 196.565 196.565 179.247 156.546 151.479 144.725 136.108 129.66 112.688 112.688 105.054 98.1953 95.9543 92.0961 73.8082 73.8082 61.7927 61.4049 50.5436 50.5436 49.6452 49.6452 45.512 41.6135 41.6135 34.6243 34.6243 27.6102 27.6102 27.6102 27.3299 21.9615 21.9615 14.3482 14.3482 14.3482 10.8317 10.6299 7.55248 7.55248 4.35486 3.68349 2.69109 1.81163 -4.62041 -4.62041 -4.62041 -5.5632 -5.5632 -5.5632 -7.25599 -7.25599 -9.73761 -11.3591 -12.5429 -14.8483 -15.1952 -15.6667 -16.5382 -19.5402 -19.5402 -20.7693 -20.7693 -21.9551 -24.466 -25.6499 -25.6499 -25.6499 -25.6499 -27.2994 -27.2994 -27.2994 -27.2994 -27.2994 -27.2994 -27.2994 -27.2994 -28.9087 -28.9087 -28.9087 -28.9766 -28.9766 -29.9239 -30.5581 -31.748 -31.748 -31.748 ]
8,[388.06 388.06 388.06 388.06 388.06 318.656 306.69 306.69 306.69 306.683 292.053 272.405 247.673 235.076 211.073 204.865 200.841 200.567 173.393 168.614 146.732 146.732 146.732 137.544 125.888 123.013 116.362 108.381 97.1532 86.2072 86.2072 86.2072 80.709 78.9009 65.0888 65.0888 65.0888 61.6707 50.675 50.675 48.5173 48.5173 45.6225 41.3018 27.67 27.67 27.67 25.9877 25.1588 24.8317 18.0588 18.0588 13.1704 13.1704 11.6976 11.6976 9.81598 9.23495 4.24554 4.24554 4.24554 4.24554 3.86961 -1.97904 -3.82469 -3.82469 -6.3491 -8.77389 -8.77389 -9.44918 -12.8464 -12.8464 -15.5857 -17.2209 -17.2209 -17.2209 -18.4585 -19.2318 -19.2318 -20.523 -21.7606 -22.0129 -25.3481 -25.3481 -25.3481 -25.3481 -25.3481 -27.2274 -28.5263 -28.9144 -28.9144 -28.9144 -29.67 -32.0307 -33.3004 -34.1774 -34.1774 -34.639 -34.639 -34.6641 ]
9,[394.987 394.987 394.987 377.183 377.183 365.883 352.964 338.502 338.502 318.703 312.802 294.177 287.105 265.765 258.672 235.551 202.943 202.943 202.943 201.062 177.452 159.812 159.812 159.812 159.812 146.86 127.189 127.189 126.065 110.488 110.488 100.962 92.4179 91.4347 85.4736 80.5804 79.8392 74.7439 74.1865 72.349 69.7574 62.8355 62.8355 62.2609 56.1656 55.591 55.591 52.9068 52.3005 45.5646 45.5646 45.2156 36.1685 36.1685 36.1685 35.168 32.7039 32.7039 32.0802 28.6076 20.8482 20.8482 20.8482 20.8482 20.8482 16.256 16.256 14.1112 14.1112 13.3685 7.82002 7.82002 5.56033 0.800857 0.800857 0.800857 0.800857 -3.53237 -3.53237 -3.53237 -3.99243 -3.99243 -5.14191 -7.42349 -7.42349 -7.42349 -7.42349 -8.6384 -8.6384 -9.97525 -12.4601 -13.12 -13.12 -13.12 -13.2731 -13.2731 -13.2731 -14.1094 -14.7805 -16.6576 ]
10,[441.939 421.384 421.384 365.373 347.734 322.776 317.949 314.868 292.701 276.156 238.53 238.53 224.571 200.59 187.884 159.62 159.62 159.62 159.62 150.534 149.84 136.408 131.319 113.517 113.517 104.381 104.381 95.9704 91.1274 91.1274 82.5293 82.5293 78.8318 73.8064 71.7879 68.7785 66.1579 56.0066 41.4793 41.4793 41.4793 41.0379 33.0268 31.666 31.666 30.3489 28.9665 28.3112 22.9877 22.9877 19.2366 17.1222 16.412 12.815 10.675 10.1817 10.1817 3.29827 3.29827 2.96355 0.254071 -2.17318 -2.17318 -2.17318 -4.39518 -4.84745 -5.82319 -5.82319 -7.16946 -7.35559 -8.42337 -9.70755 -9.87101 -10.2504 -10.8758 -12.5117 -12.9814 -12.9884 -14.1343 -14.8951 -15.6903 -17.0695 -17.0695 -17.0695 -17.3902 -17.3902 -17.8566 -19.5867 -19.7402 -20.1937 -22.9642 -22.9642 -23.2549 -24.7297 -26.9306 -26.9306 -26.9306 -26.9306 -27.5096 -27.703 ]
11,[458.496 432.522 410.101 402.839 398.994 357.441 349.141 305.361 305.361 293.183 272.004 272.004 251.54 222.049 222.049 214.251 206.801 200.363 200.363 180.156 176.176 176.176 167.383 156.712 136.945 136.945 136.945 135 130.625 125.099 117.877 108.643 105.759 105.759 91.6259 86.1694 77.034 72.3346 72.0746 68.0354 61.0328 60.9396 53.4919 50.3298 44.2178 44.2178 40.0642 40.0642 33.9143 29.5909 28.1897 27.7473 23.4846 23.1261 20.3264 18.5046 14.8427 13.4106 6.76256 6.76256 6.76256 -1.44819 -1.44819 -2.21026 -3.72403 -6.45576 -8.99065 -10.9744 -12.15 -13.3145 -14.7453 -16.8971 -16.8971 -20.3244 -20.3244 -21.9389 -23.735 -23.925 -25.2567 -27.0568 -27.0568 -27.1932 -27.7314 -29.1336 -29.9284 -29.9284 -29.9284 -30.8007 -30.8007 -30.8007 -31.4398 -32.407 -32.407 -32.407 -32.8969 -32.8969 -33.4093 -34.0484 -34.0484 -34.0484 ]
12,[431.918 423.037 401.194 368.122 344.437 322.042 304.399 267.198 267.198 267.198 254.47 254.47 239.767 238.084 238.084 209.377 206.649 202.796 197.096 188.655 182.74 175.999 170.285 169.618 162.098 148.077 130.597 130.597 130.597 129.745 127.236 121.814 117.213 112.366 107.776 103.624 99.3766 99.1747 92.2205 81.6665 81.6665 81.6665 76.5911 72.1006 72.1006 70.0523 63.5447 63.5447 63.5447 62.2494 59.3987 54.1535 54.1535 46.0768 46.0768 37.0545 37.0545 37.0545 36.0339 34.2346 33.5686 30.6001 29.5012 24.3306 24.3306 19.1172 19.1172 19.1172 19.1172 19.1172 18.4433 16.5087 10.2759 10.2759 9.34248 5.39769 4.81516 4.81516 3.00933 -3.35964 -3.35964 -3.56127 -4.80755 -4.80755 -7.0347 -7.27748 -8.92979 -9.20667 -10.5189 -10.5189 -11.5663 -11.5663 -11.8512 -12.8469 -12.8469 -16.6737 -16.6737 -16.6737 -16.6737 -17.6139 ]
13,[432.03 432.03 417.014 370.451 370.393 364.227 353.184 339.579 303.918 289.636 288.305 264.322 258.229 246.806 232.409 209.092 209.092 209.092 188.413 174.789 174.789 174.789 160.72 150.004 150.004 137.824 120.514 113.586 113.586 107.472 107.472 80.2181 80.2181 80.2181 80.2181 80.2181 72.0417 70.7925 65.5882 58.698 58.698 56.8623 52.8343 52.8343 44.739 43.9548 39.6345 34.5948 34.5948 31.4077 28.8135 28.8135 25.9055 25.9055 25.0962 22.3573 21.5591 20.0268 17.2356 15.9365 13.3028 12.6199 10.8212 9.49975 6.90475 1.49638 1.49638 1.49638 1.49638 1.49638 1.49638 1.49638 1.30976 -1.06257 -1.06257 -1.2755 -2.12041 -3.05123 -3.11673 -4.32937 -4.35404 -6.44782 -6.44782 -7.00991 -7.25522 -7.60626 -7.60626 -8.81653 -8.81653 -8.81653 -10.7603 -11.1401 -11.1401 -13.371 -14.0216 -14.0216 -15.0275 -15.0275 -16.0977 -16.7746 ]
14,[425.926 425.926 406.695 389.722 347.083 337.95 331.059 308.903 258.896 258.896 258.896 215.183 215.183 208.857 204.714 183.861 167.225 124.855 124.855 124.855 124.855 117.543 117.543 104.483 92.0827 92.0827 92.0827 83.0881 80.0814 73.6246 73.6246 73.6246 65.395 59.345 53.2087 53.2087 53.2087 36.0342 36.0342 36.0342 36.0342 34.7915 34.7915 33.0662 31.9349 31.601 24.5224 24.049 21.7147 21.7147 21.7147 15.8672 15.8672 15.8672 14.4508 8.08957 7.48735 5.32089 5.32089 5.32089 3.75407 1.07372 -2.66458 -3.83699 -3.83699 -10.2456 -10.7759 -12.4903 -13.7616 -14.6861 -17.5282 -17.5282 -19.3152 -21.0296 -23.3616 -23.3616 -23.8758 -24.7955 -29.8338 -29.8338 -30.1149 -30.5367 -31.2448 -31.2448 -31.3998 -33.0738 -33.7767 -33.7767 -33.7767 -33.7767 -34.8961 -35.6017 -35.6328 -35.6328 -36.1306 -36.1306 -37.5702 -37.5702 -37.5702 -38.6896 ]
15,[386.343 386.343 386.343 386.343 378.01 363.501 323.09 292.668 265.299 265.299 241.009 228.631 228.631 219.495 205.21 194.23 180.606 179.659 150.355 150.355 141.364 121.315 121.315 103.946 98.4157 98.4157 98.4157 94.6764 91.7764 88.8086 82.6199 78.6727 74.2221 74.2221 63.0035 61.8315 57.804 51.5198 51.5198 51.5198 48.0783 47.1285 31.5496 31.5496 31.5496 31.5496 30.3726 30.3726 27.64 24.7599 24.2815 22.2023 22.2023 18.9062 18.9062 17.1114 17.1114 16.656 14.8612 14.8612 14.8612 11.7515 11.7515 11.7515 11.7515 10.7875 6.08028 6.08028 6.08028 6.08028 3.86379 3.86379 3.86379 0.791832 0.791832 0.791832 -0.28592 -0.28592 -1.05378 -1.81198 -3.09821 -3.09821 -3.09821 -4.3064 -4.94383 -6.36888 -7.28424 -7.28424 -7.28424 -9.04509 -9.04509 -9.04509 -11.0979 -11.0979 -11.0979 -11.0979 -11.0979 -11.0979 -11.0979 -11.0979 ]
16,[405.844 381.841 381.841 381.841 363.711 341.536 335.861 322.708 292.258 282.951 254.796 247.675 243.694 231.985 227.727 220.808 211.856 204.447 184.41 173.703 173.703 173.703 173.703 165.897 165.897 142.124 142.124 139.198 135.412 131.748 124.822 124.477 115.892 113.425 106.005 106.005 95.1446 95.1446 92.3273 83.2684 82.9153 82.2579 71.8105 71.8105 69.3522 68.7747 65.7102 63.8089 59.7991 57.7744 56.072 52.3495 50.6464 50.3992 47.8698 41.4618 41.0257 30.3261 30.3261 30.3261 29.1878 22.6619 22.6619 21.7025 21.4051 16.3842 16.3842 11.6321 11.6321 11.6321 7.51381 7.51381 7.51381 7.51381 7.51381 7.51381 6.58254 6.11269 6.11269 6.11269 5.16708 2.80475 2.80475 2.80475 1.87348 1.87348 1.87348 1.69767 1.67274 0.121612 -0.809666 -1.01776 -1.48761 -1.48761 -1.60589 -1.93425 -2.13498 -2.13498 -2.36403 -2.36403 ]
17,[448.572 418.828 418.828 384.986 361.341 351.349 321.167 297.289 287.857 287.857 287.189 261.622 261.622 254.466 253.809 244.418 223.747 214.199 200.406 199.394 181.773 165.751 165.751 160.649 143.455 143.455 129.231 126.428 110.39 110.39 110.39 101.512 101.512 91.6069 82.3035 82.3035 79.7696 79.7696 68.3262 65.828 61.1358 61.1358 59.9342 58.8247 55.8376 55.1545 54.234 47.3383 47.3383 42.8813 41.7563 34.19 34.19 31.0002 29.3952 24.1798 23.5589 23.5589 15.6789 12.8685 12.8685 9.65567 9.43802 9.43802 8.25732 7.92439 1.6515 1.6515 1.6515 1.6515 -0.0620611 -1.17842 -2.6995 -2.6995 -3.80205 -5.15603 -6.58282 -6.58282 -7.98595 -8.08188 -8.08188 -8.65697 -9.88809 -9.88809 -11.3466 -11.3466 -12.3747 -13.8143 -13.9522 -14.7146 -16.6976 -17.2295 -17.2295 -17.6994 -17.9385 -17.9385 -18.1521 -18.7497 -18.8392 -19.0298 ]
18,[378.86 372.773 372.773 362.091 362.091 327.684 311.044 292.114 281.153 267.469 247.402 244.463 244.463 235.361 205.359 205.359 198.626 178.657 178.657 169.933 169.117 157.189 150.103 150.103 150.103 146.64 124.896 124.896 117.003 117.003 115.356 110.212 106.469 103.192 99.3417 98.0026 96.75 90.2268 90.2268 88.0158 85.6143 78.6583 78.6583 72.4963 70.9969 70.557 66.7128 63.4824 62.0434 61.4191 57.3973 57.3973 57.3973 55.6324 48.6272 48.6272 48.6272 47.522 47.425 45.9442 42.105 42.105 37.4957 37.4957 37.2434 32.156 30.1241 29.563 29.563 26.2971 26.2971 25.7339 25.7339 23.4611 23.4611 21.1763 20.7669 20.7669 20.5531 20.4915 19.9364 17.8471 16.9905 15.6916 13.9893 13.7112 12.9874 11.1934 10.6267 10.6267 10.0342 10.0342 7.49407 7.49407 7.49407 7.13247 6.94229 6.94229 6.75288 6.75288 ]
19,[395.029 395.029 395.029 373.87 336.07 336.07 336.07 268.602 268.602 264.715 264.715 239.636 213.923 211.335 209.854 181.016 179.427 163.18 155.002 142.836 129.593 123.582 108.84 102.018 93.3369 91.3352 87.8275 77.5677 68.7795 64.1822 54.8491 54.8491 49.334 46.6163 46.6163 42.3704 42.3704 38.3268 37.5373 34.0566 34.0566 30.423 30.0156 28.5324 25.2027 23.6553 23.6553 21.4001 21.104 21.104 18.7996 17.1843 11.0342 11.0342 11.0342 11.0342 11.0342 11.0342 6.86505 6.86505 5.61058 2.9671 1.71263 1.71263 0.160358 -1.89941 -5.32191 -5.32191 -5.32191 -9.02615 -9.02615 -9.93466 -11.1832 -11.1832 -13.2769 -13.8765 -14.1546 -18.8201 -18.8201 -18.8201 -19.1671 -23.6862 -23.6862 -23.7587 -23.7587 -23.9058 -24.0602 -25.7525 -28.2903 -30.5186 -30.6625 -31.0276 -31.0276 -31.5777 -31.5777 -32.1789 -32.2267 -32.5441 -32.5441 -32.9934 ]
20,[465.1 445.476 430.932 389.315 389.315 369.759 355.342 339.454 304.583 304.583 284.491 279.598 276.185 255.196 246.077 232.777 227.798 196.173 196.173 191.79 182.468 180.546 173.176 160.875 153.873 153.873 152.573 128.725 128.725 128.725 97.4234 97.4234 97.4234 97.4234 85.4735 85.4735 85.4735 77.6805 77.6805 70.5395 70.5395 67.4981 62.1736 60.8984 58.6295 54.6786 54.232 47.0723 45.4107 45.4107 40.3436 33.7236 33.7236 31.9884 24.2097 24.2097 24.2097 19.1418 18.1847 17.5692 17.273 14.4324 14.3668 11.0569 7.47066 7.47066 7.47066 5.32579 5.32579 3.62858 1.3305 1.3305 1.3305 -1.88191 -1.88191 -1.88191 -2.37675 -5.26785 -5.26785 -6.04078 -8.92732 -8.92732 -8.92732 -8.92732 -10.7337 -10.7337 -11.0724 -12.1038 -12.4425 -12.4425 -12.8872 -15.8924 -15.8924 -15.8924 -15.8924 -15.8924 -16.2136 -17.2571 -17.2571 -18.0898 ]
21,[422.715 386.519 386.519 367.138 367.138 335.042 335.042 335.042 293.987 284.044 266.055 265.108 239.695 232.546 206.403 206.403 206.403 186.39 185.087 165.233 146.705 146.705 146.705 146.705 135.584 121.937 121.937 121.937 100.431 91.4919 91.4919 84.2511 84.2511 82.7822 82.2634 80.3634 75.0462 71.4241 64.8161 60.1502 54.4573 54.4573 52.756 48.3332 41.4568 41.4568 38.9453 34.0977 29.7855 29.7855 27.9949 23.1761 23.1761 19.4905 19.4905 16.1019 15.5288 13.4029 12.48 10.6989 10.6989 7.92837 4.59696 3.80589 3.80589 2.93429 1.29898 0.366338 -1.59343 -3.48481 -5.92285 -7.41466 -7.41466 -9.115 -14.9183 -14.9183 -14.9183 -15.3041 -17.9844 -17.9844 -17.9844 -18.9003 -19.2074 -19.92 -20.4765 -20.7837 -21.8449 -21.8449 -21.8449 -22.07 -23.7532 -24.0237 -24.0237 -24.6305 -24.6305 -26.017 -26.9437 -26.9437 -27.4291 -28.3674 ]
22,[441.332 426.427 380.104 380.104 380.104 359.412 359.412 333.665 318.124 296.478 291.847 281.393 260.075 239.777 238.869 219.64 193.551 193.551 178.501 162.089 161.569 134.806 134.806 134.806 131.566 112.235 112.235 112.235 112.235 99.4026 95.1457 77.4854 77.4854 77.4854 77.4854 77.4854 75.3743 72.7967 68.5361 68.5361 64.6095 53.5299 53.5299 53.5299 53.5299 50.2577 46.4343 46.0574 41.6323 41.6323 29.7695 29.7695 29.7695 28.7824 26.9841 25.9841 22.0539 22.0539 18.7595 18.1724 18.1724 17.3609 15.1703 14.2259 10.2029 10.2029 10.2029 9.2961 9.10664 8.16096 4.94535 4.94535 2.63024 2.63024 2.63024 2.63024 1.63172 -0.663244 -1.57224 -2.53109 -4.06515 -4.06515 -8.36034 -8.36034 -8.36034 -8.54934 -8.91534 -8.91534 -10.1007 -10.4407 -11.8399 -11.8399 -12.9726 -14.3718 -14.545 -14.734 -15.1764 -15.8315 -17.62 -17.62 ]
23,[435.081 427.959 427.959 368.718 360.58 317.199 315.792 313.211 296.256 260.798 227.437 227.437 227.437 209.477 205.507 194.567 170.076 170.076 157.253 157.253 143.435 143.435 133.937 133.937 111.546 111.546 106.382 89.2687 89.2687 89.2687 86.1276 83.8648 80.0291 75.4492 70.7613 66.2727 62.7255 62.7255 56.803 50.7138 50.7138 49.5929 40.1198 30.6738 30.6738 30.6738 29.2095 28.8513 23.2856 21.5754 18.2554 17.7628 11.8748 10.4061 7.56715 4.97436 1.12456 -3.39972 -3.39972 -3.39972 -4.43194 -6.80712 -6.80712 -10.6593 -10.6593 -10.6593 -10.6593 -10.6744 -10.7741 -14.0667 -15.1459 -15.2402 -15.3011 -15.8781 -17.5666 -17.5666 -18.2961 -19.8002 -20.8975 -21.9343 -21.9343 -22.4274 -25.2307 -25.8215 -27.041 -28.9316 -29.1567 -29.1567 -29.1567 -29.2113 -29.4765 -30.4623 -31.6463 -31.6463 -32.0866 -32.0866 -33.6114 -33.6114 -33.8768 -33.8768 ]
24,[403.398 403.398 403.398 403.398 361.743 341.754 329.553 317.755 295 279.189 260.911 260.911 256.105 222.374 217.568 204.339 198.664 188.197 188.197 188.197 178.557 178.557 165.074 155.512 153.806 133.237 133.237 122.095 119.54 109.23 104.493 102.173 95.4438 95.4438 95.4438 80.0132 79.8813 77.9643 66.3631 66.3631 61.9917 61.9917 52.4851 50.9482 50.9482 39.0237 39.0237 39.0237 36.9735 34.412 30.6968 30.0033 26.2217 25.5435 22.4299 18.0976 14.8936 12.2596 6.14354 6.14354 4.38665 0.544736 0.544736 -1.18876 -1.82129 -1.82129 -3.38724 -7.88913 -7.88913 -7.88913 -8.35658 -8.72183 -10.0276 -10.5569 -14.1525 -14.1525 -14.1525 -14.1525 -14.9195 -15.1739 -15.5531 -18.1924 -19.2662 -19.2662 -20.6668 -20.6668 -20.6668 -20.7201 -24.1078 -24.1078 -25.9324 -26.0093 -26.2724 -26.9718 -27.5367 -27.5367 -27.8714 -27.8714 -27.8714 -28.3647 ]
25,[407.385 407.385 379.63 379.63 339.857 339.857 324.338 310.847 297.323 274.847 248.317 244.958 242.766 233.115 178.862 178.232 178.232 176.743 151.866 135.64 135.64 135.64 135.64 125.403 120.224 115.061 108.562 95.264 94.0204 94.0204 88.0901 86.6053 86.3419 77.2436 75.2342 74.6192 68.6299 67.8746 64.1271 61.1117 56.6397 52.5849 51.8067 47.3425 45.4133 43.37 40.5437 37.9822 37.2319 30.8718 30.8718 27.1327 26.8223 26.8223 24.6012 21.698 20.6473 20.6473 18.0655 17.4774 16.4267 13.9497 10.7797 9.72908 9.72908 8.74077 8.74077 3.97064 3.97064 2.45897 2.45897 1.31901 1.31901 1.31901 -0.136157 -1.80114 -3.52385 -6.47336 -6.47336 -8.13834 -8.13834 -10.1453 -10.1453 -11.5005 -11.5005 -11.5005 -11.5005 -12.6895 -13.1781 -13.1781 -13.251 -13.4891 -14.5681 -14.5681 -15.7435 -16.1261 -16.911 -17.3741 -18.6704 -19.0962 ]
26,[451.99 451.99 418.034 376.785 363.84 344.043 341.881 335.907 285.505 276.899 251.595 250.119 222.659 210.566 193.813 193.813 158.19 158.19 158.19 151.201 136.625 117.607 117.607 117.607 115.719 115.719 109.9 105.021 99.3637 85.8339 85.0302 83.6833 77.6479 74.3128 67.382 63.4454 59.4812 57.9354 52.1221 52.1221 49.1055 47.909 47.909 45.7097 37.0082 37.0082 37.0082 37.0082 36.2086 31.9768 31.5904 28.4096 25.5271 20.9757 20.9757 20.971 20.971 16.6591 16.6591 15.6575 15.0026 14.7137 9.14271 8.93945 4.02132 4.02132 0.905535 0.905535 -0.888307 -2.93883 -3.02925 -3.02925 -5.76817 -5.76817 -6.80729 -7.5484 -9.03951 -9.60686 -9.60686 -12.2644 -12.4302 -14.3709 -14.3709 -15.2901 -18.1785 -18.1785 -18.1785 -19.6239 -19.6239 -20.5268 -21.7931 -21.7931 -21.906 -24.548 -24.548 -24.548 -24.548 -25.0329 -25.0329 -25.6685 ]
27,[370.142 370.142 370.142 370.142 370.142 370.142 359.634 346.333 312.194 312.194 282.924 269.786 227.66 223.899 192.032 192.032 192.032 189.246 178.544 174.716 167.456 160.106 147.753 124.42 122.993 122.993 108.8 108.8 99.8794 88.0303 88.0303 82.6117 75.8103 69.4044 69.4044 64.0285 62.6818 59.2596 51.944 50.1365 42.0746 37.5917 26.8971 26.8971 26.8971 22.6868 22.6868 19.3421 16.797 16.797 15.4533 12.0158 8.97777 8.97777 7.73986 3.08563 3.08563 -2.35644 -2.35644 -4.40733 -9.09864 -10.128 -10.9872 -13.4508 -13.4508 -13.6993 -17.7415 -17.7415 -21.4473 -21.7538 -22.7233 -23.0944 -23.8954 -26.3056 -28.9567 -33.1951 -33.1951 -33.1951 -34.1075 -34.1075 -36.8941 -37.7708 -38.6321 -38.6321 -40.486 -41.1233 -43.4758 -44.0048 -44.08 -44.08 -44.08 -46.9318 -47.1346 -48.2605 -48.2605 -48.2605 -48.6622 -49.1547 -50.1908 -50.4937 ]
28,[422.267 418.389 403.458 381.594 349.379 349.379 349.379 335.406 333.756 313.541 302.071 288.297 283.894 251.154 225.617 207.495 186.067 186.067 161.292 159.016 159.016 140.178 140.178 140.178 127.096 127.096 127.096 121.561 104.82 104.82 97.2681 97.2681 96.1962 96.1962 89.6246 89.6246 85.4563 76.656 63.9995 63.9995 63.9995 60.6583 56.3427 53.5355 50.1822 47.349 42.2493 38.3525 30.5452 30.5452 28.7167 28.7167 20.3814 17.8913 17.8913 13.013 12.6489 9.41181 6.1814 5.28272 -1.41354 -2.05576 -3.96755 -7.86477 -7.99548 -8.04068 -11.5341 -12.7558 -12.7558 -15.6989 -15.9283 -15.9283 -15.9283 -18.1546 -19.1299 -24.1279 -24.1279 -24.1279 -24.1279 -24.1279 -24.4968 -26.8469 -30.3224 -30.8469 -30.8469 -30.8469 -30.8469 -30.8469 -34.3049 -34.3049 -34.3049 -34.3049 -34.7682 -34.7682 -35.2142 -36.2151 -36.2151 -36.3689 -36.3689 -37.2914 ]
29,[410.701 410.701 391.387 364.602 346.164 346.164 295.895 293.569 265.608 262.422 249.263 209.131 209.131 209.131 186.823 161.981 161.981 161.981 148.455 142.808 134.768 129.992 117.774 117.774 100.906 100.542 100.542 94.3731 86.5308 77.4188 77.4188 63.7981 55.388 55.388 46.5143 33.6163 33.6163 33.6163 30.8623 27.6592 27.6592 26.1479 24.2792 21.9276 18.011 18.011 15.3098 15.3098 8.17922 7.5084 7.5084 5.27842 3.41703 3.41703 -0.899965 -0.899965 -4.73737 -4.73737 -5.86705 -7.82021 -7.82021 -9.09273 -9.2858 -9.63845 -9.7798 -10.4232 -11.7698 -11.7748 -12.9075 -13.0754 -13.0754 -15.5846 -17.1137 -17.1137 -19.3389 -19.3389 -19.3389 -19.3389 -19.3389 -19.4935 -19.4935 -19.4935 -21.0817 -21.1667 -21.7149 -22.1815 -22.561 -22.561 -23.6857 -23.6857 -23.8991 -24.5885 -25.0232 -25.5301 -25.9265 -25.9265 -25.9265 -25.9265 -26.2992 -26.7742 ]
30,[433.899 433.899 428.596 409.312 379.07 379.07 340.502 340.502 330.325 288.521 288.521 262.633 259.598 239.881 234.153 221.958 215.657 180.193 178.313 175.42 164.746 157.076 145.545 138.086 128.545 121.373 104.506 104.506 89.4669 72.4029 72.4029 72.4029 59.5003 59.5003 54.5352 54.5352 51.6185 51.6185 45.7031 45.7031 40.1979 37.7643 36.7394 35.0386 27.9126 27.9126 24.537 21.8127 18.3897 11.4226 10.3088 6.77129 6.77129 6.25292 3.22019 2.06011 0.625797 -4.4746 -4.4845 -5.25455 -6.88236 -7.33065 -7.33065 -8.22669 -13.071 -15.8897 -15.8897 -15.8897 -15.8897 -18.81 -19.9072 -19.9072 -23.2901 -25.8047 -26.4662 -26.4662 -26.6863 -28.2342 -28.8915 -29.9052 -29.9052 -30.112 -31.3422 -31.6944 -32.5904 -33.9222 -33.9222 -34.689 -35.2856 -36.3557 -36.3557 -37.3091 -38.941 -39.0257 -39.8189 -39.8189 -40.5973 -41.0704 -41.0704 -41.7785 ]
31,[428.056 428.056 410.226 400.16 382.037 360.743 328.399 325.592 285.617 265.436 261.618 256.087 240.193 234.53 228.159 223.401 190.288 183.562 173.447 164.672 161.64 160.581 155.973 137.356 110.258 110.258 110.258 110.258 96.8667 89.9428 89.9428 89.9428 86.9796 70.4479 70.4479 70.4479 70.4479 66.6011 60.9099 58.8734 52.2097 52.2097 50.4924 48.4721 46.2198 36.3337 34.2308 34.2308 29.8687 25.1782 22.832 20.6791 17.4418 12.2692 9.18477 6.34651 6.07385 5.22736 5.1981 2.02924 0.614487 0.614487 0.336471 -1.17137 -4.25245 -4.26499 -4.64444 -4.74461 -13.3805 -13.3805 -13.3805 -15.6189 -15.6189 -15.6189 -16.7498 -17.8629 -17.9417 -19.8614 -21.436 -22.7764 -23.0802 -24.3439 -27.8663 -30.4578 -30.4578 -30.4578 -30.4578 -30.5614 -32.0343 -32.0343 -32.892 -32.892 -34.6359 -35.0679 -36.0806 -36.2813 -36.4584 -38.1609 -38.1609 -40.3696 ]
32,[422.657 399.503 353.639 353.639 353.639 340.203 292.396 292.396 292.396 272.596 260.831 249.382 231.409 213.923 213.923 182.961 156.238 156.238 148.271 148.271 138.647 131.198 122.252 107.053 107.053 106.627 103.631 95.3506 86.1074 80.6748 73.2253 61.4241 61.4241 61.1303 55.3943 55.3943 49.8393 48.3223 47.0903 41.99 41.4626 34.902 34.902 33.5125 32.4995 28.2991 24.1038 20.6851 20.6851 17.4625 14.0589 10.4026 9.03125 5.68923 4.38118 4.38118 0.330745 -1.55202 -2.96448 -4.11244 -7.15181 -7.15181 -8.44922 -9.81878 -11.6848 -14.0433 -15.1796 -16.4175 -16.4175 -16.4175 -19.243 -19.7975 -20.661 -20.7383 -22.5596 -22.5596 -23.0368 -23.0368 -23.0495 -23.9776 -23.9776 -24.4226 -24.8998 -24.8998 -26.0891 -26.0891 -26.0891 -27.8973 -27.8973 -27.8973 -27.8973 -27.8973 -27.8973 -28.2232 -28.2302 -28.2302 -28.6618 -29.0732 -29.0732 -29.5478 ]
33,[399.444 399.444 399.444 390.602 380.143 371.263 322.731 308.832 308.832 292.713 256.525 237.721 237.721 237.721 222.215 198.915 189.034 179.622 179.622 175.365 173.693 157.797 151.742 148.941 140.113 130.586 129.098 116.175 109.168 109.168 99.4688 96.3649 93.5334 89.6292 89.6292 78.6842 75.2178 74.2964 66.733 58.7559 58.7559 58.7559 53.0002 50.5097 50.5097 48.1896 42.8599 30.6021 30.6021 25.2101 25.2101 25.2101 21.5865 16.3261 16.3261 16.3261 16.3261 16.3261 15.812 15.585 15.2046 11.9187 11.9187 11.91 11.103 8.55891 7.92316 7.02441 7.02441 3.70288 3.27457 3.27457 3.27457 2.53717 -0.444553 -0.444553 -2.17564 -2.17564 -2.17564 -2.62689 -2.62689 -5.09509 -5.09509 -6.64089 -7.48426 -7.50165 -9.00819 -9.00819 -10.36 -10.36 -12.6812 -12.6812 -12.6812 -12.6812 -13.27 -13.5 -13.7719 -14.3354 -14.622 -14.622 ]
34,[442.091 442.091 426.187 394.381 371.233 353.3 319.072 318.226 279.361 277.836 277.836 243.228 223.891 212.712 206.321 188.939 188.939 165.004 165.004 157.943 150.106 138.531 137.691 107.031 107.031 93.8362 83.7618 82.9228 79.6305 70.3444 70.3444 70.3444 67.0179 65.6866 51.0859 51.0859 51.0859 41.9552 41.9552 41.9552 37.7314 25.4205 24.9769 24.9769 24.9769 24.7828 24.6893 20.3525 17.7348 13.6494 11.3181 11.2122 10.8339 9.90539 7.60517 7.60517 4.90454 4.23678 4.23678 1.63416 1.63416 1.63416 -0.430942 -0.430942 -0.553743 -0.866594 -2.18829 -2.18829 -2.18829 -5.45648 -5.45648 -5.45648 -5.45648 -5.45648 -5.45648 -5.57713 -6.28301 -8.20147 -8.71204 -8.8165 -12.2835 -14.9536 -14.9536 -14.9536 -14.9536 -15.5076 -17.0007 -17.0007 -17.4829 -17.5113 -18.2091 -19.434 -19.434 -19.434 -19.434 -19.434 -20.6185 -20.6185 -20.6185 -21.5969 ]
35,[419.59 419.59 419.59 412.751 391.789 361.761 342.454 301.013 301.013 301.013 273.325 273.325 258.504 240.012 230.089 228.489 197.143 197.143 197.143 175.039 175.039 173.37 163.811 163.811 157.289 146.451 130.294 130.294 130.294 125.12 113.729 111.357 100.71 88.082 85.2258 79.8086 79.8086 70.2 70.2 69.2651 51.4203 51.4203 51.4203 46.2054 46.2054 46.2054 35.9088 35.9088 35.9088 28.687 28.687 28.687 18.7416 18.7416 17.1405 13.1864 10.0796 9.59835 8.62284 8.15244 4.03563 4.03563 4.03563 1.55553 1.55553 -0.800695 -0.800695 -4.40968 -4.40968 -8.66871 -9.65947 -11.4397 -12.9061 -12.9061 -12.9061 -12.9061 -14.9835 -15.6771 -15.6771 -15.6771 -15.9917 -16.5373 -18.0394 -18.5775 -18.8519 -19.9544 -20.3832 -20.3832 -20.9213 -21.9162 -21.9162 -22.2999 -22.2999 -22.4544 -22.7534 -24.1981 -24.1981 -24.1981 -24.1981 -24.6007 ]
36,[416.759 416.759 401.842 375.078 375.078 355.802 332.895 298.139 255.746 232.667 232.667 232.667 216.344 156.091 156.091 156.091 156.091 150.696 147.672 140.132 140.132 117.098 117.098 117.098 112.168 103.762 103.32 98.5555 87.6106 86.104 77.076 77.076 77.076 75.0529 70.4258 64.2343 62.6604 62.6604 54.6259 54.6259 54.6259 48.1155 43.8982 43.8982 43.8982 40.1988 39.2456 36.6565 33.0273 32.9824 26.5958 26.5958 20.2037 20.2037 20.2037 20.2037 15.9473 15.9413 14.7362 9.9885 9.9885 9.9885 9.9885 9.52001 9.34003 6.90321 6.31703 4.46417 4.46417 2.40665 2.36744 2.31199 -0.950741 -2.06528 -2.06528 -3.39031 -3.66156 -3.66156 -6.62581 -6.62581 -6.62581 -9.66454 -9.9554 -10.2895 -10.2895 -10.4526 -10.4526 -10.6814 -10.6814 -10.6814 -10.6814 -10.7769 -10.7769 -10.7769 -11.1688 -11.2019 -11.3318 -11.3318 -11.3318 -11.7442 ]
37,[420.058 418.909 418.909 418.909 381.864 345.302 339.733 312.67 310.027 290.247 233.791 233.791 233.791 202.359 201.172 201.172 201.172 193.62 181.017 172.796 161.886 146.809 129.351 126.022 126.022 120.521 107.26 104.329 99.801 99.2305 92.4197 87.4307 87.4307 81.9015 81.9015 81.9015 73.0174 73.0174 73.0174 69.6501 67.5979 64.568 59.5432 59.5432 59.5432 55.091 50.1264 50.1264 45.9543 45.5571 40.8425 40.4065 36.9766 36.9766 35.8514 35.311 33.919 30.847 30.847 30.847 26.8855 26.8855 26.2428 22.4078 22.4078 22.4078 21.4275 19.7216 16.9659 14.8704 14.8704 12.9665 12.7452 10.7537 8.3642 7.37625 7.37625 6.41564 4.8052 4.8052 4.36222 0.1759 0.1759 0.1759 -1.36427 -1.36427 -1.36427 -1.36427 -4.61344 -4.61344 -4.83616 -7.48766 -8.07219 -9.57348 -9.57348 -10.0375 -11.4575 -11.4575 -11.4575 -11.4575 ]
38,[409.658 409.658 409.658 399.978 390.81 327.234 315.135 315.135 302.666 280.142 280.142 246.683 246.683 218.849 214.946 214.946 210.636 210.601 190.42 186.833 160.459 160.459 160.459 154.988 144.288 130.163 130.163 119.654 117.581 107.057 107.057 92.9088 89.188 87.5926 83.1348 81.3483 76.063 72.5656 69.2623 60.4973 60.4973 57.4314 54.2706 47.864 41.7614 38.8614 38.7983 34.9123 25.4625 25.4625 17.9944 8.55786 8.25979 8.25979 8.25979 3.52002 0.796369 -0.300461 -1.71965 -4.11933 -4.11933 -4.11933 -6.84299 -7.61277 -7.68807 -10.7651 -10.7651 -11.3159 -12.2699 -12.5484 -14.4624 -14.7449 -15.9464 -16.8529 -17.3721 -18.9461 -20.882 -21.8317 -21.8317 -22.1049 -22.3617 -23.8683 -24.9085 -26.6667 -26.9248 -26.9248 -27.6091 -28.8665 -30.5999 -31.2371 -31.2371 -31.2371 -31.2371 -31.5687 -32.4324 -32.4324 -32.4324 -33.1671 -33.6716 -33.6716 ]
39,[376.703 376.703 367.77 351.781 351.781 343.992 323.838 317.088 302.347 297.366 277.522 255.249 236.121 199.763 199.29 199.29 199.29 187.465 174.362 174.362 140.673 140.673 137.813 133.328 125.892 113.028 113.028 103.405 103.357 100.881 93.0601 93.0601 85.8572 76.556 76.556 76.556 63.428 60.0534 60.0534 53.7038 44.5985 44.5985 38.2511 36.4945 36.4945 36.4945 34.1828 29.4617 27.2139 27.2139 25.2692 24.9425 24.4378 24.294 24.294 23.1992 22.2421 19.1613 18.2049 18.2049 17.9923 16.9001 14.0587 13.557 12.1068 11.4768 9.65433 9.65433 9.40121 9.40121 8.77118 8.77118 7.87429 6.69989 5.06587 5.06587 3.2583 3.2583 3.2583 3.2583 3.2583 3.2583 1.35422 1.27811 1.04101 -0.80521 -0.80521 -0.80521 -0.80521 -0.80521 -0.972859 -2.775 -2.775 -2.90779 -2.90779 -3.04551 -4.03744 -4.03744 -4.03744 -4.35333 ]
40,[409.212 403.354 403.354 403.354 393.682 353.059 353.059 338.798 305.315 293.345 273.474 253.035 221.585 217.174 210.046 165.383 148.649 148.649 135.516 135.516 123.608 112.946 112.946 112.946 105.702 105.702 105.702 98.7831 95.5745 85.9246 85.9246 81.3879 77.8224 64.6626 58.6464 55.4649 54.7378 54.7378 48.6906 45.0452 45.0452 43.3437 39.5381 35.3865 35.3865 30.9237 24.951 24.951 23.0357 18.1779 15.6915 13.5068 13.5068 12.7136 11.6217 9.08872 8.04584 2.24632 2.24632 2.24632 2.24632 -1.08833 -1.08833 -7.01446 -7.01446 -7.01446 -7.01446 -7.01446 -8.22586 -8.76786 -11.5296 -11.6795 -11.6795 -12.9627 -13.111 -14.6257 -16.5983 -16.5983 -17.2884 -17.9433 -19.9433 -19.9433 -19.9433 -21.2942 -23.5652 -24.1496 -24.1496 -25.6999 -26.5014 -27.0561 -27.4929 -28.3353 -28.3353 -28.3353 -29.278 -29.278 -29.7006 -29.7006 -29.7006 -30.523 ]
41,[458.129 443.539 430.127 387.429 360.282 333.146 333.146 326.963 322.011 289.021 282.155 281.27 247.268 247.268 220.313 207.158 207.069 169.719 168.581 168.581 159.61 156.732 149.477 149.477 136.871 118.132 108.65 106.955 106.955 103.37 87.6945 85.8966 66.2667 66.2667 66.2667 66.2667 60.1081 49.406 49.406 33.1593 30.8646 30.8646 30.8646 23.5273 15.3841 13.8739 13.8739 11.8623 11.8623 8.53939 3.36468 3.36468 1.3409 1.3409 -4.74629 -4.74629 -4.74629 -6.77007 -6.77007 -8.38412 -10.3449 -13.0039 -13.8071 -13.8071 -15.5568 -16.7353 -17.6551 -19.0716 -19.0716 -20.0614 -20.0614 -21.8726 -21.8726 -21.8726 -23.0412 -24.2462 -25.7412 -25.7412 -26.6986 -26.8369 -27.7027 -28.1046 -28.1046 -28.9888 -28.9888 -28.9888 -30.0147 -30.6848 -30.6848 -31.4207 -31.9195 -32.1956 -32.1956 -32.1956 -33.3264 -33.3264 -33.3264 -33.3264 -33.3264 -33.9254 ]
42,[391.102 391.102 391.102 391.102 388.312 370.262 334.781 328.587 316.594 301.101 276.574 245.112 238.537 222.301 222.301 199.784 194.553 194.553 177.379 169.751 169.751 152.381 150.446 132.23 128.564 112.995 112.995 104.308 104.308 88.2232 85.8439 81.1488 73.3496 73.3496 66.5333 66.1765 59.2763 59.2763 55.2267 54.4344 53.3504 48.9517 47.3642 43.5115 40.644 34.0897 31.1397 30.5921 27.2152 22.0652 18.6585 14.8577 14.8577 9.99832 9.99832 9.99832 8.70844 7.04872 1.13803 -2.2556 -2.2556 -3.78594 -8.16541 -8.16541 -8.16541 -8.16541 -12.7727 -12.7727 -14.2355 -16.2695 -16.2695 -18.1506 -18.1506 -18.1506 -18.7575 -20.051 -23.4789 -25.1439 -25.1439 -25.987 -25.987 -26.7589 -27.7999 -27.7999 -29.0553 -30.1246 -30.1246 -30.1246 -32.0396 -32.0396 -32.0396 -32.0396 -35.7034 -35.7034 -35.7034 -35.7034 -35.7034 -35.7034 -35.7034 -35.7034 ]
43,[460.661 423.433 423.433 415.637 388.5 368.923 368.923 337.809 337.809 315.179 312.804 283.941 283.941 262.24 257.746 243.367 243.367 222.537 194.13 187.981 180.122 168.367 168.356 161.202 144.454 144.454 132.762 120.514 120.035 120.035 118.435 112.492 109.709 102.176 92.2441 92.2441 89.7726 79.9045 74.1479 74.1479 74.1479 72.0764 69.7442 64.0951 64.0951 61.6216 57.2353 54.6478 54.6478 54.6478 48.9943 48.9943 48.9943 47.2698 44.5963 42.4188 42.4188 42.0569 40.3939 37.3987 37.3987 37.0726 33.9805 31.5228 31.1842 30.5017 26.3261 26.3261 26.2246 26.2246 23.9047 21.4314 19.8537 19.7274 19.6634 16.9752 16.3525 15.0188 15.0188 13.8889 12.0042 11.143 9.15557 7.81246 6.21464 5.12606 4.95791 4.29165 2.88937 2.42967 2.42967 2.11542 -0.957151 -0.957151 -2.25469 -3.27617 -3.73511 -3.73511 -6.84953 -6.84953 ]
44,[411.939 411.939 386.804 359.787 338.618 323.321 323.321 323.321 290.088 269.244 251.856 251.856 251.856 239.109 230.69 209.113 195.413 195.413 190.157 188.526 154.407 152.505 127.582 119.804 119.804 116.495 106.066 106.066 106.066 95.5232 91.1255 84.9477 84.9477 80.3951 73.5118 73.5118 67.1363 58.982 58.982 55.8894 55.8894 55.6888 51.2506 51.2373 51.2373 44.8212 40.7905 40.7668 40.7668 36.7874 35.3052 30.2059 29.1086 29.0145 27.7198 23.3617 23.3617 22.555 20.9133 18.7617 18.7617 18.3534 14.0951 13.7277 5.42552 5.42552 5.42552 5.42552 4.02224 3.29314 2.29438 0.0449412 0.0449412 -0.34751 -1.65003 -1.65003 -1.65238 -2.41844 -2.41844 -3.42608 -4.34191 -4.97552 -4.98552 -5.77997 -5.77997 -5.81575 -6.20585 -6.99037 -8.30866 -9.24945 -9.64871 -11.2539 -12.6439 -14.2056 -14.2056 -14.8883 -14.8883 -15.387 -15.387 -15.387 ]
45,[453.872 422.657 422.019 387.896 368.78 331.66 328.017 320.41 291.612 264.714 235.171 218.037 184.235 184.235 184.235 169.479 161.037 157.214 152.783 152.783 142.384 142.384 136.626 135.266 124.013 117.397 113.396 103.008 103.008 98.9394 89.2785 81.9761 81.9761 79.3544 67.3193 67.3193 57.6132 56.9718 56.9718 50.091 39.7206 39.7206 31.7462 31.7462 31.7462 28.7348 24.6997 24.6997 18.2334 18.2334 18.2334 17.8034 17.5728 16.198 10.2644 9.94859 7.30207 3.69057 3.69057 3.69057 3.69057 -0.317545 -0.317545 -0.764525 -2.10138 -6.08895 -6.44568 -6.44568 -9.51643 -9.51643 -9.96342 -11.3003 -11.3003 -15.2472 -15.2472 -15.2472 -15.2472 -15.2472 -15.2472 -15.3527 -15.3527 -15.6448 -15.6448 -16.4209 -16.4209 -16.5695 -16.5695 -18.1553 -18.1553 -18.1553 -18.9281 -19.1223 -19.372 -20.5513 -20.5513 -21.7148 -21.7148 -22.4875 -22.4875 -22.4875 ]
46,[443.349 413.746 409.069 403.579 403.579 378.882 343.167 336.3 313.425 306.448 286.779 250.032 250.032 250.032 223.961 218.025 205.182 191.047 172.694 162.882 143.343 143.343 119.193 119.193 119.193 105.319 105.319 101.689 99.023 99.023 96.858 94.7316 90.4135 89.561 85.758 82.7739 73.9421 73.9421 73.9421 72.0109 68.2389 61.3071 61.2467 45.4507 45.4507 42.7036 37.533 37.533 31.3575 31.3575 27.7124 27.7124 25.5831 20.1113 14.9667 14.1213 9.15572 9.15572 8.48302 4.11288 4.11288 3.46584 3.46584 3.18526 0.915163 0.915163 -2.85814 -2.85814 -2.85814 -2.85814 -2.85814 -2.94294 -5.5526 -6.34699 -11.5076 -11.5076 -11.6885 -12.2829 -14.2781 -15.4241 -15.4241 -16.3608 -17.7095 -19.0433 -19.0433 -19.0433 -19.9152 -19.9152 -19.9152 -19.9152 -20.3311 -20.9886 -21.7222 -21.9757 -21.9757 -23.1677 -23.2646 -23.2646 -24.4634 -25.3903 ]
47,[415.257 415.257 396.543 396.543 392.71 364.647 349.934 337.217 322.193 303.749 302.678 290.006 277.361 262.115 253.215 225.775 222.435 201.44 201.44 200.306 180.002 164.381 163.145 145.9 136.959 125.172 122.129 119.112 119.112 114.375 102.171 96.8516 96.8516 88.0896 82.624 75.705 75.705 75.705 68.4901 64.8949 63.5753 62.4437 62.4437 59.8344 52.7893 51.2196 46.1553 46.1553 45.5435 42.0907 42.0907 38.4048 37.2159 37.2159 33.9245 29.3505 27.6414 26.3432 25.7403 22.9671 18.7785 18.7785 16.7123 14.0436 13.461 11.8123 11.8123 6.36639 5.51426 2.80239 1.17232 -3.95386 -3.95386 -5.91976 -5.91976 -7.05046 -8.86993 -9.54248 -16.9577 -16.9577 -16.9577 -16.9577 -16.9577 -18.8797 -19.9829 -19.9829 -20.5393 -22.4203 -22.4203 -22.4203 -23.9227 -23.9227 -28.053 -28.053 -28.053 -28.0752 -28.0752 -28.0752 -28.2531 -30.3683 ]
48,[443.496 443.496 389.819 389.819 359.805 329.238 323.018 323.018 301.576 246.973 246.973 205.077 205.077 205.077 205.077 188.299 148.54 148.54 148.54 147.929 133.781 133.781 120.921 120.921 119.211 105.882 100.77 95.938 86.4805 80.082 70.9155 70.9155 70.9155 64.3537 61.6794 61.6794 50.9082 50.4745 39.89 39.89 39.89 39.89 36.3044 36.3044 34.8351 33.4044 25.6327 24.0977 24.0977 24.0977 24.0977 19.9587 19.6503 18.8926 18.8926 12.5278 10.104 7.9891 4.87765 3.04194 3.04194 -2.3638 -2.3638 -4.51631 -10.2694 -10.2694 -10.7031 -10.7031 -14.2943 -14.2943 -15.0786 -17.041 -17.3969 -18.7495 -18.7495 -20.009 -20.009 -20.009 -20.5661 -21.631 -23.9834 -24.6768 -24.6768 -24.8184 -24.8184 -26.4577 -26.4577 -26.4577 -26.4577 -26.4577 -27.4494 -28.544 -28.544 -28.544 -30.7957 -30.7957 -31.7206 -31.7206 -31.7206 -33.5014 ]
49,[368.819 346.243 346.243 346.243 337.697 312.286 274.759 254.708 254.708 254.708 238.77 222.841 208.744 201.007 191.682 186.333 177.954 168.861 168.861 155.606 154.707 145.18 135.353 130.767 126.106 116.5 115.053 107.139 97.9729 97.9729 87.5317 84.004 73.8451 69.758 60.9461 60.1118 55.864 53.6191 50.7955 46.8012 44.0029 43.6723 39.7176 33.5448 33.5448 30.5385 27.5382 25.5968 23.4365 23.4131 23.1003 21.1336 17.4905 17.4905 17.3463 17.3463 12.6825 11.8822 11.8396 9.78803 7.30438 6.44223 6.44223 5.01879 2.38545 -0.0794802 -0.879653 -4.81071 -4.81071 -6.54344 -9.30469 -12.5633 -12.5633 -13.8555 -13.8555 -13.8555 -15.0533 -15.4682 -15.4682 -16.1062 -17.5469 -18.4981 -18.4981 -18.4981 -18.833 -19.9519 -19.9519 -20.4953 -20.9356 -20.9356 -21.2727 -21.6084 -24.4196 -24.6473 -24.6473 -24.9005 -25.8884 -26.1672 -26.1939 -26.1939 ]
50,[393.633 393.633 393.633 373.482 373.482 370.871 350.409 295.121 295.121 288.482 285.503 275.848 241.022 192.463 192.463 192.463 161.021 161.021 149.845 149.845 149.845 134.307 134.307 101.349 92.9003 92.9003 92.9003 91.8169 91.3097 81.2028 81.2028 81.2028 70.6623 67.5025 62.1339 53.9296 53.9296 45.1664 44.2051 41.2125 33.5309 33.0055 31.6553 28.2507 22.9181 22.9181 18.7747 18.3618 17.8933 12.6843 11.9755 10.3836 5.53462 3.46944 -0.298039 -0.298039 -3.56493 -7.21186 -9.07456 -9.07456 -12.4836 -14.3934 -18.2734 -18.2734 -20.3463 -20.3463 -21.8415 -21.8415 -22.931 -24.4986 -24.4986 -24.4986 -27.6418 -27.6418 -27.6418 -27.6418 -28.1086 -28.3809 -28.7691 -29.5581 -29.6596 -29.6596 -30.5448 -30.7171 -32.2977 -32.2977 -33.7654 -33.7654 -33.7654 -34.0829 -34.6768 -35.1444 -35.149 -35.7241 -36.2088 -36.3179 -36.3278 -36.6377 -36.6377 -37.2358 ]
