-2218.88,-2426.87,-2994.86,-3726.54,-3983.46,-3983.46,-4768.44,-5272.44,-5272.44,-5320.62,-5911.55,-6030.87,-6491.76,-6491.76,-6491.76,-6853.1,-7027.92,-7027.92,-7110.54,-7274.31,-7274.31,-7488.21,-7560.47,-7910.8,-7910.8,-7982.48,-7982.48,-8195.77,-8195.77,-8195.77,-8630.56,-8630.56,-8630.56,-8630.56,-8807.14,-8851.78,-8851.78,-9210.06,-9210.06,-9210.06,-9372.74,-9432.31,-9432.31,-9569.13,-9569.13,-9569.13,-9569.13,-9572.09,-9708.91,-9708.91,-9708.91,-9708.91,-9720.04,-9720.04,-9720.04,-9817.95,-9859.82,-9859.82,-9859.82,-9863.22,-9968.85,-9968.85,-9972.26,-9972.26,-9972.26,-10076.3,-10076.3,-10076.3,-10076.3,-10076.3,-10079.7,-10084.1,-10091.6,-10115.6,-10130.9,-10152.5,-10152.5,-10167.7,-10167.7,-10167.7,-10167.7,-10195.7,-10195.7,-10203.2,-10203.2,-10203.2,-10240,-10265.7,-10337,-10405.8,-10405.8,-10405.8,-10405.8,-10405.8,-10406,-10439.7,-10439.7,-10468.2,-10468.2,-10480.6,
-2934.39,-2934.39,-3058.81,-3498.11,-3531.95,-4157.51,-4419.97,-4419.97,-4651.45,-4718.06,-5212.88,-5414.43,-5726.43,-5820.01,-5914.13,-6154.17,-6154.17,-6434.6,-6749.36,-6990.39,-7528.04,-7528.04,-7528.04,-7742.71,-7795.6,-7856.09,-7856.09,-7949.98,-8584.73,-8584.73,-8713.18,-8713.18,-8808.8,-8808.8,-8894.38,-9321.32,-9321.32,-9321.32,-9329.34,-9329.34,-9389.21,-9408.34,-9572.61,-9572.61,-9572.61,-9572.61,-9572.61,-9572.61,-9572.61,-9614.22,-9727.18,-9727.18,-9727.18,-9727.18,-9785.77,-9804.52,-9877.82,-9877.82,-9904.53,-9909.42,-9936.56,-9950.74,-9972.13,-9972.13,-9972.13,-9982.78,-9982.78,-9982.78,-10004.6,-10004.6,-10032.4,-10032.9,-10032.9,-10033.6,-10054.4,-10088.4,-10088.4,-10088.4,-10114.8,-10114.8,-10121.3,-10121.3,-10133.4,-10133.4,-10133.4,-10133.5,-10133.6,-10133.6,-10148,-10148,-10160.2,-10160.2,-10160.2,-10160.2,-10160.3,-10160.4,-10160.4,-10161.1,-10161.1,-10173.9,
-2658.55,-2991.78,-3071.07,-3371.82,-3487.95,-4359.01,-4359.01,-5503.25,-5503.25,-5663.08,-5663.08,-5946.87,-6178.63,-6500.11,-6500.11,-6770.68,-6866.08,-7267.82,-7407.36,-7407.36,-7476.06,-7476.06,-7794.8,-7794.8,-7794.8,-7860.12,-8300.72,-8300.72,-8334.08,-8546.12,-8546.12,-8546.12,-8668.2,-8742.82,-8957.04,-8957.04,-9154.67,-9154.67,-9154.67,-9332.05,-9332.05,-9440.43,-9625.77,-9625.77,-9625.77,-9625.77,-9625.77,-9625.77,-9625.77,-9625.77,-9668.82,-9668.82,-9668.82,-9745.27,-9812.59,-9812.59,-9827.14,-9827.14,-9949,-10020.4,-10032.5,-10036.9,-10036.9,-10088.2,-10088.2,-10088.2,-10108.2,-10108.2,-10108.2,-10108.2,-10112.6,-10152.8,-10165.8,-10165.8,-10165.8,-10165.8,-10165.8,-10165.8,-10189.6,-10189.6,-10223.8,-10259,-10259.6,-10259.6,-10302,-10357,-10357,-10357,-10357.8,-10455.3,-10481.4,-10481.4,-10481.4,-10516.6,-10516.6,-10516.6,-10516.6,-10516.6,-10525.9,-10540.7,
-2789.92,-2789.92,-3090.38,-3260.93,-3706.84,-3937.6,-4361.33,-4462.84,-4582.75,-5133.71,-5133.71,-5770.04,-6021.89,-6184.39,-6651.79,-6943.81,-6943.81,-6943.81,-6943.81,-7099.86,-7311.4,-7906.45,-7906.45,-7906.45,-7906.45,-7971.67,-7990.24,-8594.49,-8594.49,-8594.49,-8594.49,-8621,-8889.89,-8889.89,-8916.56,-9069.29,-9069.29,-9069.29,-9069.29,-9083.73,-9083.73,-9083.73,-9083.73,-9083.73,-9104.92,-9155.85,-9246.89,-9264.25,-9264.25,-9278.68,-9278.68,-9294.23,-9357.94,-9472.78,-9500.18,-9500.18,-9500.18,-9539.62,-9552.92,-9600.01,-9622.23,-9622.23,-9703.85,-9753.4,-9753.4,-9753.4,-9761.47,-9763.21,-9821.85,-9836.02,-9836.02,-9900.84,-9900.84,-9900.84,-10023.1,-10023.1,-10023.1,-10059.9,-10059.9,-10059.9,-10125.6,-10147.3,-10147.3,-10147.3,-10147.3,-10147.3,-10147.4,-10147.4,-10147.4,-10149.8,-10149.8,-10149.8,-10149.8,-10158.1,-10198.6,-10244.7,-10244.7,-10253.3,-10253.3,-10253.3,
-2687.11,-2687.11,-2986.91,-3750.58,-3750.58,-4306.27,-4306.27,-4306.27,-4980.54,-4980.54,-4980.54,-5379.75,-5454.79,-5454.79,-5692.98,-6079.09,-6285.91,-6285.91,-6626.62,-6930.83,-7051.92,-7502.55,-7502.55,-7502.55,-7502.55,-7823.5,-7986.81,-7986.81,-8179.65,-8390.12,-8660.08,-9008.9,-9008.9,-9073.88,-9255.43,-9255.43,-9255.43,-9255.43,-9361.99,-9361.99,-9361.99,-9361.99,-9361.99,-9366.01,-9454.77,-9467.15,-9526.11,-9531.04,-9621.28,-9621.28,-9621.28,-9641.78,-9685.35,-9685.35,-9685.35,-9705.67,-9783.63,-9945.55,-9945.55,-9945.55,-9945.55,-9987.58,-9993.18,-9993.18,-9993.18,-10065.5,-10065.5,-10065.5,-10069.8,-10070.5,-10070.5,-10116.1,-10116.1,-10116.1,-10116.1,-10142.8,-10142.8,-10150.2,-10158.6,-10178.6,-10302.8,-10302.8,-10305.6,-10305.6,-10305.6,-10305.6,-10306.9,-10310.6,-10313.1,-10313.1,-10313.1,-10317.2,-10317.2,-10317.2,-10363.2,-10367.3,-10381.8,-10381.8,-10381.8,-10384.4,
-2551.26,-3191.61,-3337.61,-3337.61,-4437.72,-4610.3,-4990.25,-5160.57,-5160.57,-5340.33,-5786.1,-5786.1,-6351.87,-6351.87,-6351.87,-6493.37,-6627.64,-6627.64,-7034.89,-7160.04,-7267.2,-7664.84,-7664.84,-7797.37,-7893.77,-7982.67,-8092.44,-8094.33,-8121.2,-8272.2,-8438.89,-8453,-8543.16,-8664.72,-8921.97,-8925.2,-8925.2,-9174.61,-9174.61,-9174.61,-9174.61,-9245.54,-9245.54,-9267.22,-9288.73,-9353,-9353,-9365.79,-9404.62,-9404.62,-9424.03,-9768.31,-9768.31,-9768.31,-9768.31,-9768.31,-9768.31,-9768.31,-9768.31,-9844.54,-9844.54,-9844.54,-9899.81,-9899.81,-9962.5,-9962.5,-9989.52,-10026.7,-10029.1,-10041.7,-10041.7,-10041.7,-10077.5,-10084.6,-10106.3,-10181.3,-10229.8,-10229.8,-10229.8,-10236.8,-10285.2,-10285.2,-10285.3,-10293.4,-10365.2,-10373.4,-10373.4,-10417.5,-10417.5,-10417.5,-10454.6,-10454.6,-10454.6,-10497.5,-10497.5,-10660.8,-10660.8,-10669,-10669,-10669,
-3151.52,-3151.52,-3391.32,-3492.08,-3912.22,-4130.17,-4463.14,-5017.4,-5479.89,-5479.89,-5721.11,-5721.11,-5860.29,-6398.03,-6504.21,-7048.79,-7048.79,-7048.79,-7207.14,-7335.77,-7439.48,-7568.93,-7568.93,-8018.36,-8120.09,-8164.99,-8202.8,-8599.1,-8599.1,-9061.44,-9061.44,-9061.44,-9436.18,-9479.94,-9479.94,-9648.82,-9648.82,-9648.82,-9701.7,-9774.82,-9774.82,-9954.71,-10014.6,-10040.5,-10157.8,-10157.8,-10157.8,-10239.2,-10283,-10315.8,-10315.8,-10315.8,-10333.6,-10333.6,-10548.6,-10601.5,-10601.5,-10602.6,-10602.6,-10611.6,-10822.4,-10822.4,-10875.3,-10875.3,-10875.3,-10875.3,-10934.6,-11017.7,-11017.7,-11017.7,-11017.7,-11017.7,-11017.7,-11017.7,-11054.8,-11054.8,-11106.4,-11106.4,-11118.3,-11118.3,-11160.7,-11160.7,-11160.7,-11160.7,-11160.7,-11180.2,-11185.8,-11185.8,-11222.5,-11222.5,-11222.5,-11222.5,-11222.5,-11224.2,-11261,-11261,-11261,-11261,-11261,-11261,
-2797.95,-2797.95,-3059.82,-3513.55,-3521.52,-3880.46,-3880.46,-5258.02,-5258.02,-5532.49,-5532.49,-5532.49,-5948.59,-6086.06,-6478.8,-6758.44,-6758.44,-6890.94,-7049.73,-7049.73,-7403.48,-7472.32,-7759.32,-8093.15,-8093.15,-8597.57,-8597.57,-8728.5,-8728.5,-8778.45,-8932.61,-9005.16,-9005.16,-9314.9,-9314.9,-9314.9,-9314.9,-9426.7,-9426.7,-9462.89,-9498.96,-9688.09,-9688.09,-9805.72,-9805.72,-9805.72,-9889.2,-9895.03,-9895.03,-9895.03,-9925.87,-9988.15,-9988.15,-9988.15,-9988.15,-10057.7,-10057.7,-10057.7,-10057.7,-10057.7,-10076.5,-10099,-10099,-10099,-10147.3,-10147.3,-10147.3,-10147.3,-10163.5,-10169.4,-10169.4,-10187.4,-10217.7,-10217.7,-10217.7,-10246.8,-10248,-10257.8,-10257.8,-10259.6,-10260.2,-10260.2,-10261.4,-10261.4,-10261.4,-10272.2,-10272.2,-10272.2,-10272.2,-10274,-10274.6,-10276,-10277.7,-10277.7,-10284.1,-10286,-10286,-10286,-10292.8,-10292.8,
-3365.81,-3365.81,-3794.37,-3943.61,-3943.61,-3943.61,-4162.33,-4999.68,-4999.68,-5062.33,-5320.59,-5660.95,-5660.95,-6401.64,-6559.9,-6787.33,-6787.33,-6787.33,-7723.21,-7723.21,-7723.21,-7723.21,-7723.21,-8282.6,-8282.6,-8590.06,-8597.1,-9007.46,-9007.46,-9064.74,-9227.14,-9391.21,-9484.29,-9484.29,-9484.29,-9484.29,-9484.29,-9510.24,-9510.24,-9510.24,-9521.28,-9521.28,-9521.28,-9561.77,-9561.77,-9756.2,-9782.15,-9782.15,-9782.15,-9782.15,-9782.15,-9871.29,-9871.29,-9963.65,-9963.65,-9963.65,-9963.65,-9963.65,-9971.02,-9971.02,-9975.58,-9975.58,-9982.52,-9982.52,-9982.52,-9982.52,-9982.52,-9982.52,-9982.52,-9982.95,-10051.3,-10051.3,-10051.3,-10051.3,-10051.3,-10051.3,-10051.3,-10051.3,-10092.3,-10092.3,-10099.2,-10099.2,-10100.5,-10117.2,-10121.9,-10121.9,-10200.2,-10200.2,-10201.4,-10277.1,-10284.4,-10284.4,-10284.4,-10284.4,-10297.2,-10297.2,-10297.2,-10309.3,-10335.4,-10335.4,
-2627.74,-2627.74,-2627.74,-2970.17,-3294.82,-4211.89,-4412.02,-4412.02,-4482.58,-5455.15,-5455.15,-5455.15,-5575.06,-5777.1,-6830.4,-6870.8,-6931.68,-6960.27,-7687.79,-7687.79,-8068.1,-8068.1,-8068.1,-8068.1,-8139.06,-8175.98,-8260.25,-8273.53,-8393.16,-8393.16,-8481.36,-8481.36,-8514.23,-8610.94,-8623.8,-8623.8,-8751.59,-8753.77,-8870.89,-8917.15,-8927.09,-8927.09,-8999.11,-8999.11,-9085.49,-9085.49,-9281.53,-9281.53,-9281.53,-9382.25,-9382.25,-9462.2,-9652.26,-9673.3,-9673.3,-9699.08,-9699.08,-9699.08,-9699.08,-9699.08,-9699.62,-9720.66,-9720.66,-9720.66,-9720.66,-9720.66,-9720.66,-9871.85,-9871.85,-9871.85,-9871.85,-9871.85,-9871.85,-9871.85,-9883.57,-9890.9,-9892.4,-10001.9,-10010.6,-10029.6,-10029.6,-10029.6,-10029.6,-10029.6,-10140.7,-10140.7,-10140.7,-10142.3,-10142.3,-10142.3,-10156.8,-10169.2,-10267.1,-10267.1,-10294.8,-10294.8,-10310.9,-10310.9,-10310.9,-10313.6,
-3836.42,-3836.42,-3836.42,-3836.42,-3836.42,-4210.46,-4284.6,-4742.67,-4742.67,-5387.59,-6234.38,-6234.38,-6234.38,-6243.4,-6243.4,-6357.18,-6942.12,-6942.12,-6942.12,-6942.12,-7419.28,-7419.28,-7600.33,-7600.33,-8000.63,-8238.02,-8238.02,-8250.19,-8415.88,-8415.88,-8742.97,-8742.97,-8955.08,-8970.39,-8992.99,-9076.15,-9087.03,-9342.61,-9342.61,-9342.61,-9342.61,-9401.42,-9441.26,-9569.86,-9569.86,-9569.86,-9578.07,-9578.07,-9628.67,-9628.67,-9678.04,-9734.41,-9811.62,-9857.24,-9857.24,-9895.32,-10003.3,-10008.4,-10009,-10009.3,-10275.7,-10275.7,-10275.7,-10275.7,-10275.7,-10275.7,-10275.7,-10275.7,-10275.7,-10275.7,-10293.4,-10305,-10311.9,-10501.9,-10511.1,-10511.1,-10545.6,-10614.1,-10614.1,-10640.1,-10681,-10681,-10681,-10681,-10828.1,-10828.1,-10828.1,-10828.1,-10834.4,-10834.4,-10834.4,-10834.4,-10834.4,-10834.4,-10834.4,-10860.1,-10860.1,-10860.1,-10860.1,-10860.1,
-3802.21,-3802.21,-4058.93,-4111.73,-4224.94,-4633.76,-4997.97,-4997.97,-5955.23,-6167.03,-6167.03,-6508.35,-6738.45,-7020.94,-7307.58,-7637.23,-7820.04,-8414.07,-8564.99,-8752.46,-8752.46,-8752.46,-8752.46,-8752.46,-8752.46,-8802.75,-8876.51,-8932.01,-9054.71,-9054.71,-9141.14,-9161.49,-9372.19,-9392.77,-9415.22,-9415.22,-9415.22,-9415.22,-9601.3,-9601.3,-9601.3,-9601.3,-9601.3,-9601.3,-9601.3,-9607.21,-9607.21,-9697.08,-9697.08,-9706,-9717.43,-9717.43,-9788.91,-9788.91,-9788.91,-9864.5,-9864.5,-9893.9,-9904.26,-9935.98,-9989.52,-9989.52,-9989.52,-9990.31,-10037.6,-10037.6,-10037.6,-10037.6,-10061.8,-10157.4,-10157.4,-10157.4,-10175.7,-10175.7,-10175.7,-10175.7,-10205.1,-10229.6,-10243.2,-10327.7,-10327.7,-10341.3,-10346.2,-10455.4,-10455.4,-10455.4,-10471.3,-10471.3,-10555.9,-10555.9,-10580.3,-10585.2,-10585.2,-10671.4,-10671.4,-10671.4,-10785.4,-10801.2,-10801.8,-10801.8,
-2485.64,-2485.64,-3304.9,-3530.46,-4303.62,-4336.51,-4435.46,-4666.26,-5099.32,-5167.63,-5674.24,-5674.24,-5824.35,-6359.12,-6465.92,-6619.78,-6725.04,-7107.28,-7107.28,-7335.57,-7370.22,-7370.22,-7774.39,-7774.39,-7893.19,-7893.19,-7929.19,-8144.76,-8144.76,-8144.76,-8540.24,-8540.24,-8773.05,-9150.84,-9150.84,-9150.84,-9150.84,-9150.84,-9272.79,-9491.37,-9491.37,-9554.72,-9554.72,-9554.72,-9554.72,-9554.72,-9614.12,-9697,-9756.4,-9771.55,-9771.55,-9867.44,-9942.1,-10096.6,-10096.6,-10096.6,-10096.6,-10096.6,-10123.2,-10217.5,-10276.9,-10276.9,-10276.9,-10311.6,-10323.3,-10368.4,-10482.6,-10489.3,-10553.5,-10553.5,-10553.5,-10562.9,-10562.9,-10606.7,-10606.7,-10616.1,-10616.1,-10616.1,-10616.1,-10668.2,-10668.2,-10668.2,-10668.2,-10668.2,-10668.2,-10668.2,-10675.9,-10693.5,-10693.5,-10693.5,-10708.6,-10708.6,-10708.6,-10708.6,-10708.6,-10708.6,-10708.6,-10708.6,-10708.6,-10708.6,
-3186.99,-3186.99,-3186.99,-3418.51,-3886.26,-3886.26,-4464.07,-5409.61,-5409.61,-5409.61,-5557.28,-5895.21,-5895.21,-6720.32,-6720.32,-6720.32,-6793.14,-7117.39,-7117.39,-7414.26,-7439.82,-7878.96,-8080.1,-8099.02,-8455.36,-8634.81,-8634.81,-8634.81,-8913.71,-9222.97,-9222.97,-9222.97,-9341.21,-9427.69,-9477.82,-9477.82,-9684.16,-9684.16,-9685.34,-9685.34,-9712.77,-9875.59,-9886.62,-9910.2,-9910.2,-9910.9,-10005.5,-10005.5,-10005.5,-10029.1,-10029.1,-10029.8,-10144.5,-10144.5,-10144.5,-10168.7,-10168.7,-10168.7,-10168.7,-10168.7,-10168.7,-10168.7,-10168.7,-10168.7,-10168.7,-10175.6,-10184.2,-10556.6,-10556.6,-10556.6,-10556.6,-10556.6,-10556.6,-10568.6,-10660.7,-10660.7,-10660.7,-10660.7,-10682,-10700.4,-10746.8,-10746.8,-10746.8,-10768,-10768,-10768,-10768,-10768,-10790.8,-10802.7,-10802.7,-10810.3,-10810.3,-10810.3,-10812.8,-10812.8,-10812.8,-10812.8,-10812.8,-10812.8,
-2800.82,-3052.19,-3181.15,-3223,-4187,-4187,-4880.81,-4897.46,-4897.46,-5723.82,-5829.85,-6007.17,-6007.17,-6198.9,-6588.5,-7095.08,-7095.08,-7095.08,-7302.44,-7302.44,-7302.44,-7890.87,-7890.87,-7890.87,-7890.87,-7890.87,-7898.75,-8126.43,-8126.43,-8277.04,-8368.06,-8368.06,-8372.59,-8372.59,-8386.57,-8480.44,-8597.62,-8684.11,-8741.88,-8826.15,-8826.15,-8826.15,-8930.59,-8930.59,-9080.25,-9166.37,-9166.37,-9253.13,-9253.13,-9317.94,-9317.94,-9380.56,-9469.98,-9469.98,-9507.47,-9621.82,-9644.84,-9644.84,-9644.84,-9952.43,-9994.48,-9994.48,-10040.3,-10040.3,-10161.2,-10234.8,-10234.8,-10234.8,-10234.8,-10240.2,-10240.2,-10268.7,-10268.7,-10328,-10328,-10328,-10373.8,-10373.8,-10373.8,-10407.5,-10407.5,-10433.5,-10433.5,-10441.7,-10490.4,-10520.7,-10552.8,-10552.8,-10552.8,-10552.8,-10557.3,-10557.3,-10607.9,-10607.9,-10649.9,-10649.9,-10658.9,-10678.9,-10703.2,-10739,
-2799.96,-2799.96,-3060.88,-4144.63,-4144.63,-4461.96,-4461.96,-4461.96,-5110.95,-5110.95,-5723.69,-5723.69,-6003.04,-6376.72,-6516.68,-6602.28,-7271.34,-7271.34,-7271.34,-7800.93,-7800.93,-7991.33,-8181.96,-8181.96,-8345.85,-8375.71,-8582.57,-8621.84,-8793.25,-8793.25,-8816.73,-9210.03,-9372.78,-9372.78,-9376.11,-9376.11,-9405.64,-9546.19,-9546.19,-9546.19,-9574.33,-9635.41,-9636.02,-9743.77,-9743.77,-9824.65,-10043.7,-10043.7,-10160.8,-10160.8,-10160.8,-10160.8,-10177.3,-10271.5,-10438.7,-10443.6,-10529.4,-10702.8,-10702.8,-10702.8,-10702.8,-10702.8,-10731.2,-10749.9,-10749.9,-10749.9,-10778,-10778.3,-10811.5,-10811.5,-10822.3,-10822.3,-10822.3,-10822.3,-10822.3,-10891.6,-10891.6,-10905.1,-10905.1,-10955.4,-10955.4,-11002.6,-11002.6,-11002.6,-11002.6,-11022.5,-11022.5,-11022.5,-11025,-11048,-11048,-11048,-11048,-11048,-11054.2,-11054.2,-11054.2,-11054.2,-11054.2,-11061.6,
-2728.77,-2728.77,-2728.77,-4327.42,-4327.42,-4327.42,-4327.42,-5059.89,-5059.89,-5059.89,-5287.53,-5751.38,-6276.69,-6276.69,-6619.95,-6619.95,-6783.17,-6965.03,-7078,-7089.55,-7390.13,-7390.13,-7390.13,-7614.2,-7985.61,-8120.04,-8120.04,-8120.04,-8286.37,-8406.75,-8667.91,-8667.91,-8667.91,-8821.14,-8945.05,-8945.05,-8945.05,-9127.19,-9127.19,-9323.79,-9335.8,-9345.72,-9422.27,-9500.39,-9500.39,-9500.39,-9500.39,-9798.83,-9798.83,-9798.83,-9897.3,-9897.3,-9897.3,-9897.3,-9972.25,-9972.25,-9972.25,-9972.25,-9978.23,-9983.25,-9983.25,-10035.6,-10035.6,-10035.6,-10040.6,-10040.6,-10045.7,-10045.7,-10094.5,-10094.5,-10094.5,-10094.5,-10156.9,-10164.3,-10164.3,-10164.3,-10164.3,-10164.3,-10164.3,-10177.2,-10235.5,-10235.5,-10235.5,-10235.5,-10242.8,-10242.8,-10243.3,-10247.1,-10289,-10301.6,-10301.6,-10301.6,-10329.4,-10388.2,-10388.2,-10388.2,-10388.2,-10388.2,-10388.2,-10445.2,
-3100.64,-3100.64,-3100.64,-3566.81,-3630.02,-3967.16,-4475.1,-4529.05,-5055.58,-5302.17,-5381.72,-5919.16,-5919.16,-6352.5,-6352.5,-6670.84,-6765.77,-7092.78,-7296.47,-7296.47,-7296.47,-7321.45,-7586.02,-7773.84,-7773.84,-8072.6,-8072.6,-8103.89,-8145.63,-8145.63,-8171.66,-8286.71,-8384.82,-8439.63,-8792.67,-8792.67,-8792.67,-8947.1,-8988.84,-8988.84,-8988.84,-9055.48,-9090.43,-9093.25,-9191.96,-9408.57,-9408.57,-9408.57,-9408.57,-9450.32,-9660.34,-9660.34,-9660.34,-9660.34,-9678.94,-9702.09,-9735.56,-9735.56,-9951.24,-9951.24,-9951.24,-9951.24,-9951.24,-9968.12,-10043.3,-10043.3,-10109.6,-10251.3,-10251.3,-10251.3,-10251.3,-10409.7,-10426.5,-10426.5,-10426.5,-10426.5,-10426.5,-10557.3,-10574.2,-10574.2,-10574.2,-10574.2,-10574.2,-10657.5,-10657.5,-10659.8,-10659.8,-10683.4,-10683.4,-10687,-10687,-10687,-10687,-10687,-10687,-10687,-10687,-10699.6,-10701.9,-10701.9,
-3072.84,-3072.84,-3256.92,-3504.93,-3894.52,-4373.88,-4862.25,-4876.44,-5149.54,-5487.34,-5683.17,-6090.94,-6111.94,-6291.85,-6378.99,-6638.5,-6638.5,-6828.13,-6982.22,-7302.63,-7302.63,-7365.28,-7365.28,-7868.19,-7995.39,-7995.39,-7995.39,-8214.15,-8214.15,-8517.41,-8818.57,-8952.94,-8952.94,-8952.94,-8952.94,-8952.94,-9029.05,-9053.23,-9060.49,-9224.45,-9224.45,-9224.84,-9224.84,-9224.84,-9295.24,-9295.24,-9295.24,-9378.74,-9423.48,-9423.48,-9423.48,-9493.07,-9547.44,-9547.44,-9666.72,-9740.29,-9740.29,-9740.29,-9740.29,-9770.92,-9770.92,-9834.34,-9834.34,-9834.34,-9856.18,-9864.97,-9874.31,-9874.31,-9966.56,-9966.56,-9966.56,-10002.6,-10002.6,-10002.6,-10036.3,-10076.5,-10113.2,-10113.2,-10117.4,-10122.6,-10143.8,-10159.2,-10168.5,-10168.5,-10218.9,-10231,-10255.6,-10255.6,-10255.6,-10367.5,-10367.5,-10367.5,-10367.5,-10367.5,-10367.5,-10370.3,-10370.3,-10441.7,-10441.7,-10441.7,
-3052.05,-3052.05,-3052.05,-3596.33,-3596.33,-3596.33,-3933.17,-4565.29,-4565.29,-4937.07,-4937.07,-5118.54,-5340.96,-5682.14,-5919.7,-6531.32,-6531.32,-6531.32,-6750.78,-7071.56,-7124.48,-7451.16,-7451.16,-7564.78,-7564.78,-7659.65,-7843.42,-7853.76,-7959.68,-7959.68,-8094.65,-8178.87,-8211.48,-8211.48,-8542.26,-8542.26,-8542.26,-8542.26,-8542.26,-8552.67,-8716.63,-8837.07,-8854.09,-8875.31,-9033.91,-9133.35,-9300.33,-9332.38,-9332.38,-9408.31,-9414.32,-9414.32,-9414.32,-9522.31,-9522.31,-9522.31,-9522.31,-9616.13,-9616.13,-9616.13,-9616.13,-9616.13,-9616.13,-9616.13,-9616.13,-9616.13,-9620.47,-9686.59,-9686.59,-9686.59,-9686.59,-9705.65,-9735.62,-9735.62,-9759.91,-9816.39,-9830.13,-9845.91,-9897.01,-9926.68,-9995.48,-9998.26,-10007.3,-10013.5,-10013.5,-10076.1,-10076.1,-10095.6,-10145.1,-10145.1,-10176.2,-10176.2,-10176.2,-10176.2,-10176.2,-10205.1,-10305.1,-10305.1,-10305.1,-10305.1,
-2835.6,-3087.14,-3727.18,-3727.18,-4126.86,-4126.86,-4274.38,-4875.8,-5204.73,-5725.13,-5725.13,-6141.07,-6141.07,-6609.28,-6609.28,-6732.51,-6732.51,-7004.5,-7086.79,-7253.74,-7622.35,-7622.35,-8206.07,-8278.38,-8559.42,-8793.38,-8797.12,-9424.69,-9424.69,-9424.69,-9424.69,-9479.84,-9479.84,-9829.24,-9829.24,-9829.24,-9829.24,-9980.39,-10202.8,-10307.3,-10312.3,-10529.7,-10529.7,-10551.6,-10601.8,-10663.8,-10750.9,-10750.9,-10805.8,-10824.2,-10877.2,-10989.4,-10989.4,-10989.4,-10989.4,-10989.4,-10989.4,-10989.4,-10989.4,-10990.9,-11044.3,-11044.3,-11044.3,-11044.3,-11105.5,-11105.5,-11105.5,-11118.4,-11118.4,-11118.4,-11118.4,-11118.4,-11173.3,-11173.3,-11215.1,-11215.1,-11221.3,-11221.3,-11251,-11251,-11251,-11251,-11342.4,-11342.4,-11342.4,-11372.1,-11380.9,-11380.9,-11380.9,-11385.3,-11391.6,-11391.6,-11391.6,-11391.6,-11398.8,-11398.8,-11398.8,-11398.8,-11398.8,-11398.8,
-3440.16,-3440.16,-3440.16,-3766.78,-3932.26,-3932.26,-4694.76,-4694.76,-4747.74,-5651.66,-5779.5,-5779.5,-5812.68,-5812.68,-5982.28,-6499,-6499,-6499,-6636.62,-7315.88,-7315.88,-7315.88,-7315.88,-7315.88,-7315.88,-7315.88,-7561.45,-7569.2,-7851.06,-8124.11,-8124.11,-8124.11,-8124.11,-8124.11,-8271.7,-8294.35,-8304.71,-8803.6,-8803.6,-8803.6,-8940.84,-8940.84,-8940.84,-9197.48,-9197.48,-9227.54,-9274.98,-9274.98,-9274.98,-9407.34,-9407.34,-9484.18,-9517.44,-9594.28,-9716.86,-9716.86,-9716.86,-9716.86,-9716.86,-9716.86,-9716.86,-9733.76,-9782.43,-9796.14,-9796.14,-9796.14,-9796.14,-9852.88,-9861.03,-9861.71,-9861.71,-9882.68,-9912.92,-9925.4,-9934.23,-9934.56,-9934.56,-9965.02,-9965.02,-9965.87,-10065.8,-10069.5,-10078.3,-10078.3,-10097.7,-10097.7,-10205.8,-10205.8,-10205.8,-10237.6,-10276.4,-10316.4,-10334.2,-10334.2,-10334.2,-10334.2,-10334.2,-10338.3,-10366,-10366,
-2814.91,-3137.45,-3137.45,-3476.96,-3693.09,-4395.76,-4395.76,-4857.04,-5013.18,-6347.27,-6347.27,-6347.27,-6584.18,-6584.18,-6737.1,-6914.74,-6978.55,-7196.44,-7650.06,-7858.74,-7858.74,-8000.75,-8000.75,-8000.75,-8026.39,-8218.74,-8218.74,-8496.11,-8665.2,-8665.2,-8665.2,-8718.29,-8755.51,-8902.54,-9147.79,-9246.93,-9246.93,-9246.93,-9339.49,-9339.49,-9339.49,-9424.59,-9424.59,-9424.59,-9470.18,-9470.18,-9511.46,-9539.39,-9539.39,-9539.39,-9556.63,-9645.04,-9645.04,-9682.95,-9682.95,-9691.73,-9700.83,-9779.69,-9850.73,-9859.83,-9859.83,-9913.01,-10009.7,-10010.2,-10010.2,-10010.2,-10027.6,-10029.2,-10030.3,-10041.8,-10041.8,-10041.8,-10041.8,-10041.8,-10041.8,-10048.2,-10048.2,-10062.5,-10062.5,-10062.5,-10062.5,-10081.5,-10081.5,-10081.5,-10081.5,-10081.5,-10113.8,-10113.8,-10113.8,-10113.8,-10113.8,-10121.5,-10121.5,-10121.5,-10121.5,-10121.5,-10121.5,-10125.2,-10125.2,-10125.2,
-2725.92,-3447.4,-3755.69,-3755.69,-3755.69,-3978.43,-4208.69,-4371.9,-4709.94,-4816.17,-4955.86,-5429.08,-5786.43,-5797.51,-6112.86,-6112.86,-6284.3,-6993.09,-6993.09,-7086.58,-7521.95,-7521.95,-7952.46,-7952.46,-8848.65,-8848.65,-8848.65,-8848.65,-8912.51,-8917.73,-9406.78,-9490.58,-9490.58,-9490.58,-9590.99,-9603.61,-9785.86,-9785.86,-9869.67,-9988.77,-9988.77,-10110.5,-10110.5,-10194.3,-10428.4,-10477.2,-10568.4,-10646.7,-10646.7,-10673.5,-10838.8,-10838.8,-10838.8,-10838.8,-10838.8,-10838.8,-10838.8,-10838.8,-10838.8,-10838.8,-10838.8,-10838.8,-10838.8,-10852.6,-10852.6,-10852.6,-10852.6,-10858.3,-10908.5,-10932.2,-10988.1,-10988.1,-10988.1,-10988.1,-10988.1,-10991.5,-11057.8,-11057.8,-11061.2,-11116.2,-11116.2,-11116.2,-11116.2,-11116.2,-11116.2,-11121,-11158.7,-11176.8,-11176.8,-11196.3,-11196.3,-11201,-11220,-11220,-11221.3,-11257.6,-11262.4,-11262.4,-11282.3,-11295.4,
-3247.19,-3309.62,-3395.2,-3395.2,-3963.28,-4616.61,-4902.71,-4993.07,-4993.07,-5396.46,-5506.84,-5784.91,-6103.73,-6521.5,-6521.5,-6891.86,-7023.72,-7023.72,-7023.72,-7406.47,-7406.47,-7550.05,-7550.05,-7695.11,-7837.66,-8033.86,-8596.3,-8596.3,-8813.83,-8813.83,-8813.83,-8813.83,-8834.56,-8892.35,-9145.12,-9145.12,-9145.12,-9229.96,-9297.12,-9426.54,-9480.88,-9480.88,-9553.61,-9592.91,-9780.67,-9840.65,-9886.66,-9886.66,-9908.84,-10068.8,-10068.8,-10068.8,-10068.8,-10068.8,-10068.8,-10103.8,-10269.7,-10269.7,-10269.7,-10308.2,-10353.6,-10383.6,-10383.6,-10440.9,-10482.8,-10482.8,-10482.8,-10482.8,-10482.8,-10492.5,-10492.5,-10559.7,-10559.7,-10559.7,-10559.7,-10559.7,-10559.7,-10559.7,-10559.7,-10559.7,-10559.7,-10643.5,-10643.5,-10643.5,-10643.5,-10643.5,-10643.5,-10651.2,-10774.6,-10774.6,-10776.9,-10827.2,-10876.1,-10891.6,-10927.6,-10927.6,-10939.9,-10979.3,-10979.3,-10992.4,
-3504.02,-3504.02,-3504.02,-3504.02,-3614.61,-3860.97,-4135.99,-4196.66,-4829.46,-4829.46,-4931.57,-5595.94,-5595.94,-5647.48,-6122.73,-6205.85,-6907.28,-7350.2,-7350.2,-7569.48,-7569.48,-7625.89,-7750.99,-7971.18,-8075.44,-8254.2,-8313.84,-8423.5,-8510.8,-8544.64,-8674.06,-8674.06,-8674.06,-8690.86,-8770.58,-8879.48,-8896.58,-9089.3,-9089.3,-9089.3,-9268.96,-9268.96,-9300.92,-9300.92,-9344.74,-9344.74,-9377.18,-9421,-9604.83,-9680.61,-9689.59,-9712.23,-9758.07,-9795,-9820.45,-9821.65,-9865.95,-9865.95,-9865.95,-9897.91,-9968.46,-9968.46,-9968.46,-9968.46,-9971.14,-9987.96,-10003.1,-10012.8,-10108.1,-10109.1,-10109.1,-10165.8,-10214.2,-10214.2,-10227.9,-10227.9,-10227.9,-10227.9,-10245.1,-10276.5,-10287.1,-10287.1,-10307.3,-10307.3,-10307.3,-10332.8,-10332.8,-10332.8,-10332.8,-10332.8,-10332.8,-10363.7,-10363.7,-10363.7,-10396.1,-10396.1,-10401.5,-10401.5,-10401.5,-10402.2,
-3067.72,-3067.72,-3067.72,-3677.5,-3873.23,-3948.02,-4494.85,-4997.98,-5842.44,-5842.44,-6259.04,-6259.04,-6826.57,-6826.57,-6826.57,-7323.28,-7323.28,-7323.28,-7323.28,-7759.52,-7759.52,-7759.52,-8106.56,-8437.74,-8437.74,-8576.1,-8576.1,-8812.5,-8907.28,-8907.28,-8907.28,-9003.31,-9031.44,-9124.75,-9174.46,-9299.15,-9412.45,-9444.82,-9446.4,-9446.4,-9453.23,-9453.23,-9453.23,-9587.76,-9587.76,-9587.76,-9587.76,-9587.76,-9587.76,-9587.76,-9587.76,-9587.76,-9667.79,-9667.79,-9667.79,-9745.51,-9745.51,-9747.1,-9747.1,-9747.1,-9836.58,-9836.58,-9909.94,-9970.66,-10069.6,-10082.2,-10082.2,-10082.2,-10157.1,-10157.1,-10157.1,-10157.1,-10157.1,-10157.1,-10157.1,-10157.1,-10157.1,-10157.1,-10157.1,-10157.1,-10157.1,-10157.1,-10157.1,-10183.6,-10183.6,-10183.6,-10183.6,-10183.6,-10262.1,-10262.1,-10277.1,-10277.1,-10306.6,-10306.6,-10306.6,-10306.6,-10306.6,-10321.6,-10332.7,-10332.7,
-2674.6,-2674.6,-3535.08,-3893.46,-4523.09,-4523.09,-4523.09,-4870.66,-5524.76,-5524.76,-5524.76,-5593.3,-5832.6,-5966.41,-6666.93,-6666.93,-6796.1,-7036.06,-7075.33,-7082.11,-7152.65,-7387.46,-7606.7,-7627.57,-8082.22,-8082.22,-8443.23,-8443.23,-8539.48,-8832.83,-8832.83,-8832.83,-8832.83,-9103.9,-9103.9,-9103.9,-9103.9,-9199.51,-9270.85,-9270.85,-9270.85,-9389.37,-9389.37,-9517.73,-9517.73,-9546.55,-9546.55,-9642.49,-9707.42,-9707.42,-9707.42,-9741.52,-9787.06,-9835.42,-9876.06,-9876.06,-9876.06,-9907.7,-10049.8,-10049.8,-10049.8,-10049.8,-10090.6,-10100.5,-10100.5,-10221.1,-10269.5,-10269.5,-10269.5,-10269.5,-10269.5,-10274.7,-10307,-10307,-10307,-10307,-10382.4,-10382.4,-10382.4,-10382.4,-10382.4,-10412.2,-10443.5,-10447,-10447,-10447,-10463.5,-10522.9,-10525.2,-10525.2,-10525.2,-10538.4,-10538.4,-10538.4,-10540.7,-10540.7,-10541.3,-10553.6,-10553.6,-10564.2,
-2919.35,-2919.35,-2919.35,-3592.25,-3592.25,-3846.91,-5158.93,-5158.93,-5627.5,-5627.5,-5655.77,-6068.54,-6320.5,-6470.26,-6679.18,-6726.03,-7111.32,-7295.74,-7312.05,-7636.29,-7714.67,-8667.54,-8667.54,-8667.54,-8667.54,-8858.12,-8858.12,-8858.12,-8993.52,-9680.6,-9737.6,-10051.6,-10051.6,-10051.6,-10278,-10278,-10497.3,-10497.3,-10497.3,-10630.3,-10695.7,-10695.7,-10762.4,-10880.2,-10880.2,-10949.1,-10949.1,-10949.1,-10949.1,-10949.3,-10949.3,-10949.3,-10949.3,-10949.3,-10954.4,-10954.4,-11045.4,-11045.4,-11045.4,-11045.4,-11045.4,-11045.4,-11045.4,-11047.5,-11066.9,-11111.3,-11111.3,-11287,-11287,-11287,-11287,-11287,-11287,-11287,-11287,-11287,-11375.3,-11375.3,-11375.3,-11404.6,-11430.9,-11430.9,-11430.9,-11431.1,-11431.1,-11431.7,-11468.6,-11468.6,-11468.6,-11468.6,-11468.6,-11468.6,-11468.6,-11468.8,-11468.8,-11468.8,-11468.8,-11468.8,-11469.4,-11470.7,
-2741.92,-2781.62,-3542.49,-4077.99,-4077.99,-4077.99,-5069.04,-5382.53,-5382.53,-5479.28,-5490.23,-5924.23,-6080,-6231.66,-6492.73,-6762.08,-6813.23,-6965.11,-7756.89,-7756.89,-7756.89,-7810.95,-8012.3,-8282.69,-8282.69,-8373.54,-8443.43,-8678.91,-8700.85,-8746.46,-8823.52,-9020.96,-9020.96,-9020.96,-9020.96,-9196.21,-9196.21,-9196.21,-9206.13,-9340.14,-9343.01,-9458.07,-9480.2,-9480.2,-9523.85,-9557.07,-9653.18,-9653.18,-9668.06,-9668.06,-9693.62,-9693.62,-9787.78,-9792.63,-9885.98,-9890.84,-9911.54,-9911.54,-9916.4,-9916.4,-9941.09,-9941.09,-9941.09,-9953.93,-9953.93,-9953.93,-9953.93,-9953.93,-9991.52,-9991.52,-9996.22,-9996.22,-10014.3,-10020.9,-10025.8,-10033.8,-10043.7,-10055.7,-10055.7,-10056.5,-10056.5,-10056.5,-10075.7,-10075.7,-10075.7,-10075.7,-10075.7,-10075.7,-10075.7,-10075.7,-10077.3,-10084.5,-10094.4,-10094.4,-10094.4,-10095.7,-10095.7,-10099.7,-10102.4,-10102.4,
-2532.37,-2532.37,-2532.37,-3039.91,-3246.75,-3933.32,-4282.74,-4876.1,-4876.1,-4962.83,-4962.83,-5316.9,-5465.41,-5872.12,-6320.46,-6530.52,-6530.52,-6939.68,-7400.87,-7400.87,-7400.87,-7400.87,-7754.71,-7754.71,-8032.31,-8787.4,-8787.4,-8787.4,-8787.4,-8787.4,-8787.4,-8988.47,-8988.47,-8988.47,-8988.47,-9123.25,-9123.25,-9123.25,-9123.25,-9123.25,-9123.25,-9239.45,-9239.45,-9239.45,-9272.01,-9284.85,-9284.85,-9346.83,-9382.1,-9487.92,-9487.92,-9487.92,-9565.97,-9565.97,-9634.99,-9680.12,-9680.12,-9702.19,-9789.05,-9789.05,-9789.05,-9789.05,-9819.19,-9845.81,-9994.83,-9994.83,-10047.6,-10047.6,-10160.5,-10259.5,-10259.5,-10282.1,-10300.8,-10300.8,-10359.3,-10359.3,-10359.3,-10359.3,-10359.3,-10359.3,-10383.2,-10383.3,-10414.4,-10441.7,-10441.7,-10441.7,-10441.7,-10441.7,-10441.7,-10441.7,-10441.7,-10441.7,-10477.2,-10477.2,-10477.2,-10477.2,-10477.2,-10477.2,-10477.2,-10605.2,
-3035.82,-3455.94,-3455.94,-3455.94,-4515.7,-4515.7,-4515.7,-4515.7,-5183.1,-5544.85,-5649.33,-6168.55,-6328.62,-6361.77,-7256.4,-7256.4,-7256.4,-7280.46,-7401.26,-7401.26,-8015.87,-8015.87,-8015.87,-8015.87,-8147.78,-8196.96,-8303.96,-8579.5,-8624.28,-8624.28,-8624.28,-8898.85,-8898.85,-8898.85,-9010.5,-9197.38,-9197.38,-9197.38,-9197.38,-9197.38,-9197.38,-9215.4,-9267.01,-9267.01,-9267.01,-9267.01,-9335.32,-9348.97,-9386.93,-9398.2,-9531.77,-9531.77,-9679.95,-9679.95,-9918.45,-9918.45,-9918.45,-9918.45,-9918.45,-9918.45,-10041.2,-10041.2,-10041.2,-10174.8,-10174.8,-10192.8,-10192.8,-10339,-10339,-10339,-10339,-10349.2,-10349.2,-10386.7,-10438.4,-10438.4,-10438.4,-10438.4,-10438.4,-10438.4,-10438.4,-10438.4,-10438.4,-10438.4,-10463,-10463,-10463,-10479.8,-10479.8,-10505,-10505,-10507.9,-10507.9,-10533.3,-10533.3,-10533.3,-10533.3,-10583.6,-10583.6,-10601.6,
-2935.9,-2935.9,-3075.8,-3427.03,-3557.16,-3691,-4567.4,-4567.4,-4567.4,-5162.86,-6055.55,-6055.55,-6055.55,-6055.55,-6766.41,-6766.41,-6856.16,-6856.16,-7142.3,-7142.3,-7142.3,-7338.9,-7482.27,-7621.61,-7908.17,-7908.17,-7908.17,-8230.13,-8230.13,-8230.13,-8230.13,-8485.02,-8485.02,-8607.8,-8761.2,-8761.2,-8761.2,-9014.95,-9014.95,-9220.47,-9220.47,-9220.47,-9399.49,-9399.49,-9459.12,-9459.12,-9541.92,-9541.92,-9620.17,-9701.74,-9701.74,-9701.74,-9728.85,-9728.85,-9769,-9826.72,-9826.72,-9827.21,-9827.21,-9942.67,-9943.16,-9970.76,-9970.76,-9970.76,-9970.76,-9977.21,-10022.1,-10022.1,-10022.5,-10022.5,-10022.5,-10027.5,-10027.9,-10037.8,-10073.3,-10078.8,-10078.8,-10097.7,-10097.7,-10117.3,-10138,-10138,-10138,-10149,-10170.3,-10180.6,-10180.6,-10180.6,-10180.6,-10198.2,-10198.2,-10206.9,-10206.9,-10216.6,-10216.6,-10216.6,-10216.6,-10217.7,-10217.7,-10223.7,
-3111.01,-3111.01,-3182.84,-3466.26,-4131.1,-4686.27,-4686.27,-4999.71,-4999.71,-5584.85,-6716.09,-7177.97,-7177.97,-7177.97,-7496.78,-7496.78,-7511.5,-7870.92,-7870.92,-7870.92,-7870.92,-7987.58,-7987.58,-8136.52,-8136.52,-8231.05,-8231.05,-8231.05,-8402.82,-8402.82,-8409.98,-8443.52,-8445,-8535.13,-8588.71,-8637.02,-8637.02,-8641.08,-8699.7,-8731.76,-8731.76,-8731.76,-8744,-8778.72,-8843.42,-8882.13,-8933.17,-8933.17,-8975.54,-8975.54,-8975.54,-9000.03,-9000.03,-9000.03,-9000.03,-9053.82,-9053.82,-9061.05,-9065.7,-9065.7,-9143.49,-9143.49,-9143.49,-9156.59,-9181.87,-9237.41,-9237.41,-9237.41,-9237.41,-9264.98,-9264.98,-9264.98,-9264.98,-9290.68,-9290.68,-9387.2,-9387.2,-9387.2,-9387.2,-9387.2,-9387.2,-9416.57,-9416.57,-9450.69,-9538.79,-9583.73,-9583.73,-9583.73,-9633.54,-9633.54,-9633.54,-9633.54,-9633.54,-9740.98,-9740.98,-9764.39,-9764.39,-9764.39,-9780.84,-9858.6,
-2576.02,-2621.96,-2621.96,-3167.97,-3958.16,-4209.31,-4368.35,-4631.37,-4855.73,-5283.38,-5367.22,-5476.12,-5764.06,-5951.02,-6081.81,-6465.57,-7035.53,-7035.53,-7046.48,-7046.48,-7609.85,-7795.02,-7795.02,-7797.05,-8257.74,-8257.74,-8257.74,-8257.74,-8257.74,-8462.72,-8462.72,-8603.14,-8603.14,-8752.5,-8786.45,-8786.45,-8873.69,-8907.65,-8937.28,-8989.33,-8996.38,-9117.58,-9127.59,-9252.5,-9252.5,-9259.7,-9259.7,-9361.73,-9361.73,-9361.73,-9361.73,-9417.35,-9504.11,-9582.26,-9582.26,-9582.58,-9758.48,-9758.48,-9767.12,-9909.83,-9909.83,-9961.32,-9961.32,-9969.65,-9969.65,-9990.19,-9990.19,-9990.19,-9990.19,-9990.19,-10094,-10094,-10094,-10094,-10094,-10094,-10094,-10094,-10094,-10094,-10094,-10094,-10094,-10094,-10094,-10094,-10094,-10094,-10094,-10094,-10094.5,-10094.5,-10094.5,-10104.3,-10193.3,-10193.3,-10193.3,-10218.9,-10218.9,-10218.9,
-2967.77,-2967.77,-2967.77,-3719.11,-3753.23,-4769.23,-4769.23,-4769.23,-4769.23,-4994.74,-5300.35,-5300.35,-6053.35,-6053.35,-6053.35,-6053.35,-6053.35,-6438.38,-6438.38,-6737.97,-7132.84,-7132.84,-7260.61,-7336.99,-7657.02,-7657.02,-7657.02,-7666.65,-7928.95,-7995.39,-8054.87,-8054.87,-8068.07,-8316.67,-8316.67,-8316.67,-8316.67,-8316.67,-8372.42,-8372.42,-8419.92,-8419.92,-8443.13,-8487.27,-8505.8,-8522.32,-8572.48,-8589,-8635.22,-8676.4,-8676.4,-8692.92,-8692.92,-8707.34,-8762.22,-8788.83,-8800.24,-8831.46,-8849.94,-8849.94,-8895.84,-8895.84,-8944.29,-8944.29,-8944.29,-8960.81,-9040.95,-9058.87,-9058.87,-9058.87,-9058.87,-9126.41,-9144.62,-9144.62,-9144.62,-9144.62,-9150.94,-9243.31,-9243.31,-9243.31,-9243.31,-9243.31,-9243.31,-9333.12,-9333.94,-9334.81,-9350.46,-9386.56,-9502.7,-9502.7,-9502.7,-9502.7,-9502.7,-9502.7,-9502.7,-9503.02,-9503.02,-9503.02,-9525.85,-9525.85,
-2944.39,-3373.45,-3666.31,-3808.89,-4539.51,-4539.51,-4818.78,-5483.15,-5483.15,-5483.15,-5483.15,-6326.7,-6326.7,-6326.7,-6625.21,-6819.95,-6871.2,-6894.6,-7200.08,-7513.99,-7513.99,-7648.31,-7648.31,-7814.12,-7814.57,-7987.35,-8033.49,-8294.66,-8356.19,-8385.47,-8566.37,-8740.85,-8754.09,-9115.95,-9115.95,-9199.89,-9199.89,-9255.49,-9339.82,-9481.96,-9652.79,-9680.83,-9680.83,-9680.83,-9714.01,-9831.52,-9831.52,-9831.52,-9939.82,-9977.51,-9977.51,-9994.59,-10079.9,-10188.2,-10188.2,-10190.2,-10190.2,-10190.2,-10324.5,-10324.5,-10324.5,-10376.6,-10376.6,-10376.6,-10376.6,-10386.9,-10417.9,-10430.8,-10430.8,-10430.8,-10470,-10472,-10524.2,-10524.2,-10619.9,-10619.9,-10619.9,-10619.9,-10663,-10663,-10663,-10671.5,-10692.3,-10692.3,-10692.3,-10692.3,-10692.3,-10692.3,-10711.3,-10721.8,-10735.6,-10804.8,-10844.6,-10844.6,-10844.6,-10844.6,-10848.1,-10861.8,-10861.8,-10861.8,
-2971.81,-3003.42,-3411.06,-3755.14,-4196.04,-4511.28,-4511.28,-4511.28,-4511.28,-4922.78,-5640.65,-5640.65,-6094.59,-6525.64,-6525.64,-6525.64,-6557.71,-6557.71,-6829.73,-6921.22,-7225.75,-7384.21,-7384.21,-8045.39,-8045.39,-8045.39,-8449.74,-8449.74,-8449.74,-8457.76,-8629,-8845.66,-8982.88,-8982.88,-9029.02,-9068.94,-9230.91,-9554.05,-9554.05,-9554.05,-9833.67,-9833.67,-9833.67,-9833.67,-9833.67,-10005.2,-10036.6,-10081.4,-10081.4,-10095.9,-10136.7,-10138.1,-10138.1,-10138.1,-10138.1,-10138.1,-10277.2,-10291.7,-10317.3,-10317.3,-10317.3,-10324.9,-10324.9,-10331.8,-10404.9,-10404.9,-10419.4,-10506.4,-10506.4,-10548.4,-10601.8,-10636.1,-10722.7,-10741.8,-10798,-10829.4,-10952.4,-10952.4,-10952.4,-10952.4,-10952.4,-10952.4,-10967.8,-10987.8,-10987.8,-11002,-11002,-11008.4,-11008.4,-11015.5,-11017.4,-11017.4,-11017.4,-11017.4,-11018.8,-11018.8,-11042.9,-11058.4,-11058.4,-11058.4,
-3943.38,-3943.38,-3943.38,-3943.38,-4401.87,-4556.24,-4833.21,-5435.1,-5460.99,-5540.63,-6623.5,-6623.5,-6623.5,-6915.13,-6963.57,-7469.52,-7469.52,-7469.52,-7469.52,-7558.23,-7895.68,-8243.33,-8243.33,-8243.33,-8740.96,-8847.69,-9111.11,-9111.11,-9111.11,-9111.11,-9111.11,-9336.37,-9502.72,-9502.72,-9519.54,-9519.54,-9585.05,-9596.33,-9613.52,-9638.11,-9763.91,-9763.91,-9807.72,-9807.72,-9983.28,-9983.28,-10104,-10104,-10106.4,-10131.1,-10215.9,-10259.7,-10282.1,-10282.1,-10456.6,-10456.6,-10456.6,-10456.6,-10456.6,-10496.3,-10514.7,-10514.7,-10514.7,-10531.6,-10572.8,-10612.4,-10630.5,-10637.2,-10637.2,-10702.1,-10702.1,-10705.9,-10728.3,-10728.3,-10728.3,-10729.7,-10760.2,-10769.3,-10769.3,-10769.3,-10833.8,-10836.6,-10836.6,-10846.8,-10890.9,-10890.9,-10929.2,-10929.2,-10931,-10931,-10946.4,-10985.3,-10985.3,-10985.3,-10985.3,-11013.3,-11013.3,-11027.9,-11056.9,-11056.9,
-3096.71,-3096.71,-3096.71,-3326.1,-3951.53,-3951.53,-4618.99,-4618.99,-5480.55,-5480.55,-5859.54,-6094.71,-6314.84,-6450.4,-6929.63,-7076.28,-7171.73,-7268.16,-7563.73,-8265.59,-8265.59,-8265.59,-8265.59,-8569.42,-8569.42,-8569.42,-8569.42,-8708.64,-8708.64,-8708.64,-9001.67,-9001.67,-9092.59,-9190.28,-9411.85,-9411.85,-9419.79,-9612.88,-9612.88,-9612.88,-9612.88,-9612.88,-9628.07,-9628.07,-9667.3,-9789.12,-9789.12,-9789.12,-9789.12,-9841.86,-9883.02,-9883.02,-9905.54,-9905.54,-9937.44,-9937.44,-9937.44,-10012.7,-10012.7,-10012.7,-10012.7,-10174.8,-10185,-10185,-10185,-10185,-10185,-10185,-10185,-10219.1,-10219.1,-10219.1,-10347.1,-10347.1,-10347.1,-10391.5,-10391.5,-10526,-10526,-10526,-10526,-10526,-10557.4,-10557.4,-10557.4,-10557.4,-10557.4,-10557.4,-10606.1,-10606.1,-10606.1,-10606.1,-10606.1,-10606.1,-10606.1,-10606.1,-10606.1,-10606.1,-10606.1,-10606.1,
-2285.19,-2995.13,-2995.13,-3326.86,-3504.83,-4583.54,-4583.54,-4916.9,-5136.05,-5263.83,-5263.83,-5336.12,-6084.96,-6084.96,-6313.45,-6718.48,-6897.62,-7379.13,-7672.76,-7672.76,-7767.7,-7927.36,-7927.36,-7927.36,-8121.94,-8209.66,-8209.66,-8313.25,-8635.57,-8635.57,-8635.57,-8732.31,-8861.4,-8861.4,-8861.4,-9059.08,-9461.2,-9461.2,-9461.2,-9461.2,-9461.2,-9704.84,-9704.84,-9721.38,-9866.4,-9919.75,-9919.75,-10023.7,-10091.5,-10091.5,-10108.9,-10108.9,-10108.9,-10144.2,-10176.6,-10176.6,-10212,-10249.1,-10249.1,-10249.1,-10297.8,-10348.2,-10348.2,-10348.2,-10348.2,-10348.2,-10369.6,-10369.6,-10376.8,-10448.8,-10448.8,-10448.8,-10448.8,-10466.9,-10466.9,-10505.8,-10513.2,-10513.2,-10517.4,-10517.4,-10517.4,-10517.4,-10521.3,-10528.6,-10528.6,-10532.8,-10532.8,-10532.8,-10536.4,-10536.4,-10545.5,-10545.5,-10545.5,-10545.5,-10545.5,-10548.8,-10548.8,-10548.8,-10549,-10558,
-2328.09,-2698.05,-3167.34,-3276.87,-3903.04,-4297.92,-4644.22,-5011.01,-5128.26,-5211.22,-5464.02,-5582.47,-6167.89,-6167.89,-6167.89,-6876.25,-6876.25,-6876.25,-6876.25,-7141.54,-7143.6,-7379.19,-8064.01,-8124.28,-8235.98,-8654.79,-8754.64,-9134.9,-9245.97,-9245.97,-9359.24,-9449.13,-9449.13,-9449.13,-9535.53,-9535.53,-9936.75,-9936.75,-9936.75,-9990.01,-9990.01,-10063.5,-10167.1,-10194.7,-10194.7,-10194.7,-10222.9,-10249.9,-10429.6,-10429.6,-10482.9,-10482.9,-10600.4,-10650.8,-10650.8,-10658.2,-10658.2,-10658.2,-10670.1,-10678.3,-10678.3,-10712.3,-10714.5,-10714.5,-10739.8,-10739.8,-10739.8,-10739.8,-10772.7,-10772.7,-10776,-10776,-10811.4,-10811.4,-10811.4,-10811.4,-10811.4,-10811.4,-10811.4,-10811.4,-10811.4,-10811.4,-10811.4,-10816.5,-10816.5,-10836.5,-10900.6,-10900.6,-10900.6,-10923.5,-10923.5,-10923.5,-10928.1,-10941,-10941,-10941,-10941,-10950.1,-10953.2,-10958.6,
-2901.64,-3020.97,-3209.51,-4501.21,-4501.21,-5136.73,-5136.73,-5553.11,-5731.14,-6591.07,-6591.07,-6641.82,-6959.9,-6959.9,-6992.44,-7378.28,-7415.54,-7585.83,-7585.83,-7585.83,-7775.46,-7975.98,-7975.98,-7975.98,-8125.13,-8444.89,-8689.35,-8689.35,-8800.87,-8949.08,-9055.01,-9208.17,-9370.53,-9544.27,-9590.53,-9651.27,-10008.2,-10008.2,-10008.2,-10081.1,-10081.1,-10223.6,-10223.6,-10355.9,-10391.1,-10437.1,-10456.8,-10491.8,-10497.3,-10558.5,-10583.1,-10761.3,-10807.3,-10947.5,-10947.5,-11173.8,-11173.8,-11173.8,-11173.8,-11173.8,-11236.8,-11301.5,-11357.4,-11357.4,-11377.1,-11426.7,-11435.8,-11435.8,-11498.1,-11539.7,-11539.7,-11539.7,-11539.7,-11539.7,-11539.7,-11547,-11573.9,-11594,-11594,-11594,-11594,-11594,-11594,-11594,-11594,-11641.5,-11641.5,-11641.5,-11641.5,-11652.2,-11677.2,-11678.5,-11678.5,-11678.5,-11681.3,-11681.3,-11696.4,-11708.7,-11708.7,-11784.5,
-3097.23,-3097.23,-3397.95,-3397.95,-3647.11,-4452.21,-4452.21,-5499.63,-5499.63,-5499.63,-6088.78,-6088.78,-6088.78,-6166.48,-6166.48,-6166.95,-6734.19,-6953.2,-7015.94,-7015.94,-7463.46,-7463.46,-7521.85,-8186.73,-8186.73,-8186.73,-8186.73,-8510.15,-8596.75,-8660.5,-8837.64,-8837.64,-8837.64,-8960.79,-9008.99,-9008.99,-9177.25,-9441.11,-9441.11,-9487.83,-9520.65,-9520.65,-9547.64,-9547.64,-9698.15,-9698.15,-9988.52,-9988.52,-9988.52,-9993.08,-10052.9,-10052.9,-10052.9,-10090.2,-10090.2,-10090.2,-10090.2,-10170.3,-10170.3,-10262.3,-10262.3,-10262.3,-10262.3,-10264.5,-10324.3,-10324.3,-10334,-10377.9,-10379.5,-10447.4,-10447.4,-10530.8,-10530.8,-10530.8,-10572.5,-10572.5,-10593.4,-10593.4,-10599.2,-10636.2,-10636.2,-10636.2,-10691,-10700.8,-10706.9,-10706.9,-10727.2,-10731.4,-10734.1,-10826.9,-10826.9,-10826.9,-10826.9,-10826.9,-10826.9,-10845.4,-10857.3,-10857.3,-10921.2,-10940.9,
-2566.03,-2955.34,-3021.22,-3272.55,-4138.86,-4138.86,-4138.86,-4611.58,-4955.01,-4955.01,-5170.12,-5434.76,-6014.44,-6223.37,-6549.27,-6587.89,-6759.14,-6929.19,-7275.03,-7524.27,-7526.26,-7526.26,-7915.53,-8275.41,-8275.41,-8275.41,-8728.32,-8728.32,-8751.86,-8873.4,-9085.35,-9085.35,-9135.45,-9135.45,-9294.4,-9441.91,-9441.91,-9524.16,-9604.54,-10057.8,-10057.8,-10057.8,-10057.8,-10057.8,-10057.8,-10190.1,-10235.3,-10250.1,-10319.9,-10381.6,-10381.6,-10381.6,-10381.6,-10381.6,-10381.6,-10381.6,-10385.4,-10447.2,-10447.2,-10447.2,-10447.2,-10447.2,-10476.6,-10499.1,-10499.1,-10499.1,-10597.2,-10597.2,-10597.2,-10597.2,-10597.2,-10597.2,-10597.2,-10597.2,-10597.2,-10597.2,-10597.2,-10597.2,-10597.2,-10597.2,-10601.1,-10601.1,-10601.1,-10640.5,-10690.6,-10741.9,-10741.9,-10741.9,-10751.1,-10751.1,-10751.1,-10751.1,-10775.3,-10775.3,-10775.3,-10775.3,-10775.3,-10775.3,-10775.3,-10775.3,
-2587.08,-2740.73,-3115.24,-3147.49,-3478.91,-3710.79,-3903.99,-4156.15,-5307.36,-5307.36,-5469.76,-5469.76,-6134.24,-6215.35,-6265.68,-6962.58,-6962.58,-6962.58,-6962.58,-7105.56,-7514.88,-7514.88,-7843.93,-7843.93,-7887.33,-7887.33,-7887.33,-8071.62,-8248.74,-8248.74,-8319.63,-8445.45,-8618.29,-8618.29,-8668.84,-8668.84,-8668.84,-8873.52,-9059.54,-9059.54,-9068.07,-9138.72,-9245.31,-9245.31,-9245.31,-9309.19,-9309.19,-9404.87,-9404.87,-9404.87,-9418.34,-9477.29,-9477.29,-9477.29,-9495.79,-9495.79,-9495.79,-9504.33,-9504.33,-9504.33,-9504.33,-9518.9,-9518.9,-9518.9,-9543.19,-9543.19,-9543.19,-9543.19,-9557.73,-9570.02,-9570.02,-9570.02,-9593.12,-9615.45,-9615.45,-9615.45,-9615.45,-9615.45,-9615.45,-9615.45,-9615.45,-9631.48,-9631.48,-9648.33,-9648.33,-9648.33,-9668.6,-9668.6,-9668.6,-9679.27,-9708.76,-9708.76,-9721.16,-9728.05,-9728.05,-9736.05,-9750.07,-9766.9,-9792.68,-9831.98,
-2591.8,-2693.64,-3159.48,-3523.95,-3573.04,-4314.99,-4506.8,-4749.23,-5296.21,-5296.21,-5795.87,-5795.87,-5984.38,-6504.11,-6504.11,-6551.69,-6614.81,-7083.68,-7083.68,-7089.82,-7433.07,-7433.07,-7612.41,-7612.41,-7612.41,-7702.38,-7729.34,-7729.34,-7977.05,-7977.05,-8041.11,-8145.03,-8145.03,-8213.47,-8389.78,-8406.67,-8612.09,-8836.05,-8836.05,-8836.05,-9035.86,-9035.86,-9035.86,-9035.86,-9062.5,-9062.5,-9083.44,-9144.39,-9144.39,-9144.39,-9201.46,-9201.46,-9266.5,-9266.5,-9351.19,-9351.19,-9351.19,-9451.45,-9451.45,-9451.45,-9463.24,-9506.98,-9506.98,-9506.98,-9506.98,-9525.19,-9525.19,-9552.83,-9552.83,-9552.83,-9552.83,-9552.83,-9576.09,-9586.7,-9586.7,-9586.7,-9586.7,-9594.29,-9606.86,-9706.11,-9706.11,-9706.11,-9706.11,-9706.11,-9706.11,-9706.11,-9706.11,-9706.11,-9706.11,-9706.11,-9706.11,-9706.11,-9706.11,-9706.11,-9706.11,-9713.81,-9713.81,-9816.87,-9816.87,-9816.87,
-3323.33,-3323.33,-3355.19,-3355.19,-3970.57,-4479.46,-4479.46,-4514.4,-4697.91,-5278.75,-5943,-5943,-5966.28,-5966.28,-6280.34,-6437.25,-6681.21,-7456.67,-7456.67,-7577.43,-7756.9,-7953.9,-7953.9,-8386.26,-8386.26,-8510.58,-8510.58,-8570.19,-8570.19,-8621.41,-8830.82,-8905.49,-9015.32,-9109.14,-9109.14,-9109.14,-9252.12,-9355.49,-9355.49,-9417.73,-9417.73,-9450.18,-9450.18,-9450.18,-9471.26,-9517.27,-9520.67,-9525.53,-9651.34,-9651.34,-9659.61,-9685.06,-9685.06,-9685.06,-9685.06,-9696.12,-9698.06,-9713.3,-9713.69,-9713.69,-9725.75,-9729.83,-9743.4,-9743.4,-9751.04,-9776.1,-9776.1,-9776.1,-9784.07,-9784.07,-9787.62,-9787.62,-9787.62,-9787.62,-9788.16,-9796.12,-9796.12,-9796.12,-9816.35,-9816.35,-9816.35,-9817.03,-9828.39,-9828.39,-9828.39,-9829.08,-9829.08,-9839.32,-9839.32,-9840.32,-9840.32,-9840.32,-9840.32,-9840.32,-9849.07,-9849.07,-9849.07,-9849.07,-9849.07,-9878.6,
-2584.4,-2809.96,-3548.38,-3808.6,-4338.6,-4949.04,-5037.37,-5478.93,-5907.85,-6671.64,-6671.64,-6671.64,-6801.68,-7178.66,-7304.65,-7304.65,-7522.49,-7570.53,-8117.6,-8117.6,-8197.72,-8424.35,-8720.77,-8845.54,-8845.54,-9312.36,-9312.36,-9312.36,-9400.86,-9552.31,-9595.17,-9610.34,-9610.34,-9642.38,-9895.32,-9895.32,-9930.8,-9973.66,-9973.66,-10243.4,-10243.4,-10243.4,-10243.4,-10255.6,-10265.7,-10265.7,-10321,-10321,-10321,-10399.8,-10399.8,-10399.8,-10409.5,-10409.5,-10444,-10444,-10444,-10452.8,-10452.8,-10477.4,-10477.4,-10477.4,-10505.4,-10505.4,-10511.9,-10530,-10554.6,-10554.6,-10554.6,-10583,-10607.6,-10607.6,-10632.2,-10632.2,-10650.8,-10650.8,-10650.8,-10685.2,-10685.2,-10685.2,-10686,-10687.4,-10700.3,-10728.3,-10763.1,-10763.1,-10775.9,-10775.9,-10778.1,-10778.1,-10778.9,-10814.4,-10814.4,-10849.7,-10849.7,-10849.7,-10849.7,-10851.1,-10852.7,-10856.3,
-2724.05,-2724.05,-2809.45,-2921.16,-3946.99,-4664.28,-4664.28,-4664.28,-4773.91,-4773.91,-5601.97,-5613.09,-5787.07,-6252.54,-6304.1,-6397.05,-6733.82,-6863.39,-7610.12,-7610.12,-7930.17,-7930.17,-7930.17,-7930.17,-7968.98,-7968.98,-8031.21,-8097.66,-8278.03,-8278.03,-8278.03,-8447.46,-8625.83,-8625.83,-8647.32,-8647.32,-8647.32,-9022.25,-9082.45,-9310.83,-9310.83,-9310.83,-9480.57,-9555.48,-9555.48,-9556.56,-9591.14,-9734.6,-9734.6,-9734.6,-9734.6,-9774.74,-9774.74,-9791.42,-9813.82,-9831.55,-9841.02,-9841.02,-9847.41,-9847.41,-9855.48,-9900.17,-9922.45,-9922.45,-9934.26,-9934.26,-9963.38,-9978.27,-9978.27,-10010.3,-10061.9,-10061.9,-10113.6,-10114.5,-10138.2,-10141.4,-10159.8,-10159.8,-10193.3,-10235.8,-10261.9,-10261.9,-10289.1,-10322.1,-10376.8,-10376.8,-10395.2,-10395.2,-10409.8,-10409.8,-10409.8,-10409.8,-10409.8,-10418.6,-10418.6,-10418.6,-10418.6,-10418.6,-10418.6,-10418.6,
