9301.039301.039301.039186.778456.518456.518454.757928.617385.357113.776814.246284.756284.756284.755618.795618.795494.495265.784732.314732.314403.954382.434000.883572.263558.273355.933261.063261.063261.063175.123175.122998.092962.832843.752843.752843.752820.712731.722641.962572.152525.362525.362402.912402.912337.252337.252337.252337.252283.162265.822224.782213.942189.742116.692114.272008.442008.442008.091973.381954.851931.161931.161929.161929.161915.181878.771852.821849.361849.361842.221842.221825.671797.641797.641797.641797.641797.641797.641796.841796.841796.841793.761788.161779.021779.021772.821772.821772.821771.681768.751768.751768.751768.751768.751766.421766.421766.421766.421766.421766.42,
9728.489361.169069.017946.547946.547946.547946.547648.447474.386989.396632.916511.546258.426039.445854.875775.595215.985027.935027.934730.274672.24634.884417.344258.493892.443871.633806.83619.533619.533613.723500.043421.43274.733120.023057.523010.382999.932912.362912.362912.362787.192786.462699.572699.572609.222609.222537.322442.92442.92429.282429.282357.782357.782304.392304.392290.852290.072276.222184.912184.912122.592066.482066.482012.862010.662010.661997.2193319331918.991873.51873.51873.51865.651865.651865.651860.041857.691857.691851.851798.511798.511798.511793.311781.951779.81778.661771.311761.581761.581761.581761.581761.581761.581746.811746.811746.811738.341729.731724.31,
9496.769496.769496.769372.519321.548626.218431.658190.337444.737220.916408.426408.366398.595871.355871.355871.355345.785191.345167.354719.864719.864657.474608.824348.933950.183950.183925.293794.73550.733503.833354.313173.113173.113065.972841.822841.822631.312631.312631.182490.092350.882262.022104.432104.432046.561959.61876.771785.231785.231547.951400.091400.091400.091399.121306.541306.541306.541306.541303.611303.611265.671265.671265.671265.671264.71262.71251.431251.431251.431251.431248.461247.461239.811131.941131.941131.941131.941131.941131.941131.941131.941131.941131.941131.941131.941131.941131.941131.941131.941131.941131.941131.941131.941131.941131.941131.941131.941131.941131.941131.94,
10025.710025.710025.78397.738397.738397.737791.037119.276906.026813.436629.546423.185854.545854.545687.335465.75257.915051.645030.964731.524731.524709.234330.674330.674177.384177.384007.673970.713889.933597.093514.323405.713300.822959.452922.542922.542922.542922.542783.372783.372783.372747.782747.782627.162565.982557.512540.932519.252519.252510.822462.792425.062425.062388.62388.62331.552331.552308.192306.392233.912233.912204.222176.132141.772102.882102.882059.081993.721972.041972.041909.231909.231864.611803.411803.411735.741727.221719.151719.151699.061686.631683.821657.841649.91646.611632.571622.451605.141584.621550.441550.441533.061533.061533.061533.061507.311491.91491.91474.481474.48,
10103.39559.799206.139043.748797.338457.278457.277931.527837.857214.957136.396808.016763.016324.816218.275763.485538.435006.464598.474598.474598.474417.54345.793806.433806.433806.433768.543690.733361.813361.812987.362987.362899.522797.952723.682633.812484.542389.962289.41806.171806.171806.171806.171708.861703.911703.911655.651315.131315.131315.131315.131315.131297.321280.681280.681237.991197.211182.721182.721180.751110.431095.441088.71066.541063.911063.911027.61993.204966.17925.192922.217913.564863.75863.75857.229857.229845.427845.427845.427845.427830.534830.534827.825827.825798.633798.633797.584797.584791.216768.669767.747767.747762.428762.301760.14756.397754.539747.445740.197740.197,
9925.559818.268531.918531.918531.917949.247880.237763.017255.467255.466884.825906.425906.425679.215679.215617.675255.974960.44583.964375.964322.214055.864016.763603.43603.43550.083471.113287.633287.633155.343067.242916.262916.262785.232689.522689.522629.12563.342535.112484.612478.832459.122442.992351.32329.642329.642329.642329.642294.832285.552240.432175.92175.92096.942046.312046.312046.311954.351954.351936.471879.811879.811879.811820.851820.851820.851820.851820.851820.851820.851820.851820.851806.361788.831770.031758.951758.951758.951750.521744.041738.361727.011723.311723.311723.311717.571717.571717.171713.871705.691696.481696.481696.481687.121683.611683.611683.611683.511680.571666.65,
9063.169063.169063.168198.088198.088198.087596.367146.026945.946291.96291.96021.835462.635327.115092.575092.574926.514679.424679.424519.064519.064239.664080.163898.323881.773679.633524.643524.643524.643355.723296.53027.72982.782982.782982.782685.772685.772683.492645.022544.252367.962330.492295.542253.072224.822189.992189.992092.312092.312092.312047.052028.741998.251998.251962.091962.041962.041962.041938.391938.391935.41905.231881.521881.521863.211863.211862.941852.661852.661852.661852.661821.541821.541821.541821.541821.541821.541821.541821.541821.541821.541821.541821.541814.531803.251803.251803.251803.251795.541791.271783.511783.511783.241782.941771.011771.011771.011770.71770.021761.7,
10111.39806.89468.169298.28436.958436.958269.067800.027684.876877.486580.756580.755949.925898.15898.15224.845224.845224.845224.844957.314802.254802.254701.014634.24425.164308.874243.944117.654047.463976.573709.783556.43556.43535.333290.293290.293275.293137.293027.783000.933000.932992.332980.972930.122833.162742.932742.932732.962732.962672.992646.562635.722417.162417.162417.162273.862253.92253.92253.92253.92202.682202.682106.092071.092066.962066.962066.962066.962031.972031.972006.912006.912006.912006.911977.81977.81966.481957.21921.3219051898.251879.931852.251852.251850.461850.461822.661822.661821.311804.011796.411702.561702.561702.561702.561702.561702.561702.561702.561702.56,
9810.299590.499389.978801.58801.58329.358028.527747.67120.357120.356958.026442.615910.325910.325910.325910.325770.635770.635578.825447.34919.54919.54673.234482.474246.334246.334205.374017.043675.883555.353555.353523.423449.623178.563178.563178.563145.252972.822811.152636.832597.852597.852388.822388.822155.32155.32084.072084.072084.072084.072024.082004.011936.351850.921850.921771.191766.411766.411706.451706.451706.451620.781596.651580.121580.121580.121576.21564.291564.291552.991526.211526.211522.281522.281522.281515.121511.451504.791488.591488.591480.171480.171459.251452.11452.11444.191444.191441.891434.371430.451427.251427.251427.221410.281402.371394.731394.731394.731394.731383.05,
9707.719707.719324.769097.198141.328141.327551.646798.856798.856798.856798.856739.946445.536254.1760355254.715254.714846.954846.954789.534660.693914.753914.753914.753855.213855.213531.753531.753358.163358.163313.383066.512952.592912.682814.362737.382665.942588.42573.462439.742393.372238.32238.32238.32228.582141.572104.262104.262092.892007.751963.021963.021887.731863.031863.031849.221802.461802.461802.461785.41694.871694.871657.551657.551657.551637.691637.691637.691548.461501.71501.71501.71501.71501.71457.91457.91457.571451.831438.031438.031432.871431.971431.971426.81426.81421.911421.911421.911421.911421.911421.911421.911421.911421.911421.911421.911420.321420.321420.321420.32,
9598.079598.078380.88380.88380.88380.88001.477756.267447.857113.726718.996694.376507.535861.285744.265717.055521.964864.034864.034864.034864.034536.794536.794193.64150.023808.073808.073739.23739.23489.143378.223364.953156.083140.812944.962944.962944.962922.542808.392767.152767.152737.232737.232630.322630.322630.322630.322504.352425.372425.372425.372370.062370.062370.062291.092291.092235.92235.92235.92224.792143.012143.012120.82103.822103.822093.212055.322031.792031.792031.792027.292027.292027.292013.762013.762007.532002.372002.371996.131996.131974.311974.311974.311971.871966.071953.851953.851939.771939.771939.771939.771939.771939.771934.011934.011889.011760.861760.861760.861760.86,
9023.119023.119023.119023.118993.918649.348324.957889.57542.357339.126934.886934.886560.936250.756250.756250.756123.225789.695601.755378.125250.445166.844894.014623.064623.064623.064304.424263.324149.433694.893694.893447.113447.113447.113414.853242.3531952951.42777.82777.82777.82586.552493.822493.822493.822379.512352.472348.12327.522157.372105.742105.742078.192070.851996.511988.911984.591932.951932.951932.951920.271859.121859.121849.61839.651831.361798.791783.911772.041751.711729.021687.431687.431677.421648.671648.671648.671640.371619.661574.91574.91566.531566.531562.271557.491550.191545.281536.831508.781508.781508.781505.281499.941486.511486.311479.781477.651477.651456.511456.51,
9996.949367.89367.89199.78683.088683.087853.117853.117670.737489.427305.586792.236594.036204.536111.015907.455597.185597.185113.335061.555006.384694.354511.784214.924210.353900.73900.73887.433661.923640.713603.413580.873419.823287.13248.443060.93060.92843.772843.772791.832734.142729.562656.162633.812520.572502.322502.322469.312469.312367.742349.922337.892327.922288.982185.882185.882185.882185.882171.572118.12048.292015.21875.961859.561859.561859.561859.561859.561848.931821.811752.391752.391749.921729.331581.881575.121575.121575.121539.561539.561491.991471.471395.761385.121385.121372.661334.861334.861334.861334.861299.611292.391292.391285.31262.031262.031259.011256.121196.361194.72,
9851.849851.849423.148996.998579.778295.218114.967712.717710.946976.516781.736636.256405.036304.826178.855925.525221.854748.024748.024604.034374.384263.784263.784085.614064.573905.143695.193517.313517.313517.313517.313242.483242.483035.683035.683035.683035.683027.423017.22986.572936.432878.12715.652715.652714.642657.872577.952522.242520.172482.822461.542421.882385.542318.282318.282318.282318.282310.712214.32199.712193.162178.582132.292095.042095.042095.042095.042058.132058.132058.131997.631997.631822.821822.821822.821822.821804.311770.191749.711738.671731.121705.281704.561608.591608.591601.411601.411593.851570.031487.361487.361485.81485.81485.81439.951439.951432.761415.721415.721415.72,
9951.829951.829878.849222.559222.557775.037775.037775.037775.037775.037495.877413.316995.776554.386431.226190.436039.665596.125596.125596.125431.634950.814542.74542.74542.74451.254416.24416.24150.414150.413987.223513.183513.183509.743484.363267.313221.92895.552895.552895.552895.552724.922715.52637.332637.332586.042584.422506.252459.192416.032359.352359.352359.352245.872245.872155.922138.62113.642113.642037.772005.291905.511905.511843.021843.021843.021831.821831.821831.821821.281821.281815.121792.821792.821792.821789.541777.441769.061747.331747.331717.391717.391710.841707.11699.211699.211685.611685.611684.051672.4216711653.651653.651653.651639.031639.031562.711562.711562.711562.71,
10054.610054.68974.928974.928960.958573.418053.117843.437635.927580.166601.376122.256122.255444.45444.45444.45444.45407.555407.555002.355002.354723.994610.764297.014297.014170.93682.363682.363454.33407.123195.613129.582973.352890.82826.692826.692826.692777.992647.642647.642647.64257725772501.412437.32250.62250.62250.62132.812132.812132.812109.42062.142033.412012.331969.061917.31917.31912.891908.521908.521864.691859.471858.981812.481809.681738.521681.191681.191680.691677.661602.421574.621574.621566.421516.911516.911482.031482.031482.031475.561464.531464.531464.531464.531464.531442.451442.451442.451434.931430.561424.081416.561410.951407.091401.91401.91393.71393.71393.7,
10110.39432.319432.319095.488965.718373.698207.757535.687469.947223.676812.166284.386235.485631.465631.465631.465445.675399.524796.564723.134199.273966.693966.693966.693966.693874.583661.073661.073661.073510.163321.113298.163080.283080.283080.283080.283018.443018.442735.282735.282638.032638.032441.712441.712197.262197.262119.772119.772021.952021.952021.951917.891877.741877.741869.081819.291819.291819.291810.461810.4618051796.171774.471702.981702.981702.981702.981702.981702.981677.451677.451677.451670.221665.241665.241665.241663.171644.251644.251644.251644.251630.221630.221630.221625.251618.061617.611610.481600.31595.891577.741577.741575.691574.151554.91554.91554.511549.841361.21361.2,
9509.289509.289404.059237.258916.578309.468309.467673.997673.997530.337149.756664.146664.146454.486440.716245.655978.815547.195547.195112.74824.24650.624191.364046.033885.663637.933637.933176.833176.832807.292496.472496.472325.152257.632257.632257.632186.781990.571947.131757.421757.421741.271741.271628.481545.461493.841402.271402.271402.271402.271402.271333.121333.121204.531204.531204.531204.531204.531202.61172.941172.941172.941172.941172.941158.411142.191096.341096.341072.691072.691050.221050.221043.061042.91930.174930.174919.621905.511891.438881.198881.198881.198880.885880.885880.885880.885872.283872.283872.141872.141871.979871.979870.489870.489870.489870.489870.489870.489870.185869.714,
9897.599897.599171.679171.679161.648746.448550.77554.637554.637442.287005.996725.16604.956374.775807.685709.215609.724977.474809.484804.124509.954509.954321.394321.394069.774032.913851.643851.643350.253315.993315.993315.993169.812974.022974.022820.352820.352731.832731.832624.812534.42534.42530.952397.982370.592364.112267.542209.112174.62118.382048.752009.942009.941887.251871.111871.111774.711774.711734.971734.971718.831706.121662.941646.81623.191591.641591.641591.641574.871566.871564.41562.731522.661522.661522.661522.661512.261512.261512.261512.261462.281462.281462.281462.281462.281425.321425.321425.321425.321425.321425.321386.071386.071386.071383.941383.941383.941383.941383.941369.69,
9622.529622.529622.529166.159166.158709.488264.758264.758264.757744.187731.357282.067282.067192.137059.276901.416670.476556.586140.796102.015890.415450.35450.35300.494853.524853.524587.944587.944585.384260.014187.584187.583776.643776.643701.423701.423592.113518.713517.193216.413216.413216.413096.253096.253052.543014.123014.122994.412964.132847.562847.562821.732821.732815.582792.612774.252772.782747.422745.772714.732714.732694.22691.492675.772580.772580.772580.772557.532557.432556.592482.172482.172482.172482.172437.362437.362437.362413.682413.682413.682413.682413.682413.682395.322395.322395.322395.322395.322389.412371.642371.642371.642371.642368.132368.132361.622361.622361.112358.822354.42,
9540.389540.389434.869434.869066.318288.468288.468170.887589.187589.187100.167017.466629.286334.595931.455931.455365.115237.665237.665048.395047.994622.354622.354374.824374.824202.563803.353803.353649.553642.23642.23397.773339.523339.523304.643304.643304.643138.933024.593022.252942.742763.512704.462661.932633.492592.282528.682528.682486.542485.432363.862363.862363.862363.862363.862363.862363.862363.862363.862363.862363.862363.862363.862358.812358.812293.682284.592233.652198.912183.792170.22170.22155.092140.412086.872082.622052.132052.132035.391982.491961.881916.21873.551867.571867.571853.661853.661850.871831.81831.81831.81831.81820.121820.121814.911808.931808.731688.821688.821688.82,
9600.38915.958915.958915.958915.958915.958645.018394.657760.697760.697556.696891.396891.396865.746336.946086.766086.766005.075903.575697.355572.045171.345171.345119.635028.014825.14598.154463.414463.414132.533924.353924.353786.813728.853481.483481.483441.843271.123271.123271.123172.943172.942971.72971.72971.72885.892783.072744.142712.492613.452613.452571.272571.272443.912443.912341.212341.212341.212341.212332.492317.442309.042242.412235.572207.662187.422187.422183.182171.92171.92080.222080.222080.222080.222062.372062.372062.372051.052032.482023.212021.652021.651978.41978.41978.41978.41978.41978.41975.91973.921973.921973.921973.921973.551958.881958.881958.881954.861953.361953.36,
9898.469451.438427.238427.238427.238017.927579.547579.547177.776761.626761.626632.086379.256338.926209.915910.575757.645532.945151.665151.665151.665014.34745.294658.614617.524084.073990.883757.33757.33574.483574.483523.773491.593324.163120.172920.752920.752920.752808.62808.62668.32543.782543.782423.812416.562416.562408.332326.462326.462308.732282.722260.612260.612260.612237.992237.992227.782207.512186.052175.852152.552152.552116.522116.522116.522098.22097.122097.122091.12091.12047.442047.442047.442042.492040.422033.682029.372001.051986.211986.211982.721976.891976.891973.951973.511960.391912.181912.181912.181912.181912.181912.181912.181912.181885.561885.561880.111861.151861.151861.15,
9228.258908.498769.318266.648266.648092.217604.357604.357272.977125.36804.336254.586254.585911.655872.615304.535304.534888.184849.054347.874299.524052.653707.713707.713637.953413.053106.482893.92893.92536.322536.322536.322372.512301.162226.572116.252116.252067.362067.362005.62005.61993.51900.721850.321783.731753.461668.651581.461581.461581.461500.971475.341465.841439.41439.41439.41439.41434.031424.041404.231383.051383.051377.841377.841371.851371.851364.431362.871344.031344.031344.031344.031335.061326.961326.961326.961309.781304.561297.371286.531275.331272.841272.841250.481250.481250.481231.171231.171227.431221.281219.491215.341215.341211.271209.391209.391197.951196.331196.331194.59,
9379.89379.89209.929209.928957.788434.588353.58124.467887.287887.287314.66433.336433.336423.396038.586001.075301.695301.695301.695146.84926.514685.694409.14207.673843.913843.913843.913555.043555.043488.593298.353170.353170.353170.353117.392871.712569.972569.972569.972569.972569.972569.972569.972569.262503.252416.522366.412307.892307.892307.892307.892307.892221.342221.342221.342183.652183.652125.592125.592110.922103.52057.232057.232057.232046.82032.892000.542000.541954.151942.691942.691942.691892.831838.851838.851838.851665.881647.241647.241647.241643.931616.881589.11562.021562.021562.021562.021562.021558.681536.991536.991536.991536.991519.011519.011519.011519.011513.091513.091513.09,
9381.069381.068708.428708.428485.618066.028045.347838.116938.576472.526472.526425.565433.195433.195433.195344.445255.725068.464791.094355.964355.963979.623979.623979.623911.463550.693550.693550.693425.943169.683158.013055.072805.042805.042592.232592.232592.232577.992385.562369.022318.462318.462250.652217.332167.12156.82115.012099.922055.432034.122034.122014.661994.631945.991943.71909.151880.841880.841857.421857.421821.541811.491806.881758.821740.521740.521730.831730.831718.271718.271674.291674.291673.211657.491657.491657.491651.921651.921645.391645.391632.661627.221627.221627.221616.051616.051616.051616.051612.821612.821612.821607.511607.511603.661603.661603.661603.661603.661603.661600.87,
9643.529643.529220.619086.058828.678187.648153.017813.977802.247192.056943.066804.76530.796347.226182.745905.125689.025443.314972.774597.734597.734467.544172.34165.713744.243744.243697.723479.43410.472964.522964.522964.522900.862867.982769.862480.242480.242377.12235.42235.42169.012169.012150.232107.192107.192023.561985.321953.541901.691901.691840.571832.021743.871743.871680.091680.091680.091680.091677.751619.931609.051587.681561.491492.031492.031431.881391.551369.571341.651341.651341.651341.651309.781292.581292.581286.371278.831256.061256.061256.061244.221236.671212.371173.891173.891173.891159.841146.081138.811134.471097.71097.71097.71097.71097.71097.71097.71097.71097.71097.7,
9838.569838.569494.528868.488569.068249.898249.898249.897741.357423.717166.856721.226721.226640.536390.246390.246069.775846.885543.085292.544790.274724.24714.834278.354144.774144.774072.464072.464055.333704.043704.043704.043704.043692.383415.23308.233236.013236.013236.013077.573077.573034.822821.012821.012622.662622.6626032404.452292.032292.032292.032226.22192.952072.532035.831982.381953.491937.081937.081920.941909.921835.451744.631744.631712.991695.671643.181618.41528.181528.181508.321464.451464.451451.261451.261369.421369.421354.071342.511299.451269.81269.81269.81269.81269.81228.331228.331228.331228.331201.491201.491175.421175.421174.191174.191174.191156.641156.641147.981147.98,
9608.699423.599034.499034.498786.448547.58248.017739.497616.376989.566479.816479.816479.8160015895.15895.15591.764747.984563.654563.654563.654341.074341.074341.074341.074238.663939.613939.613697.093318.913318.913246.143133.813085.173015.792828.562789.682598.32518.952405.282379.642256.842235.622228.652136.332122.312065.352037.131863.291863.291863.291754.491754.491754.491754.491703.591618.411569.331306.981306.981306.981306.981277.321277.321219.741219.741206.481205.911205.911205.911205.911201.411141.441141.441141.441141.441141.441141.441141.441116.921106.811085.31085.31083.61083.61076.191076.191071.561066.581063.891063.891063.891055.891055.891055.891050.861046.541043.851040.671040.67,
9984.749666.838968.838575.178575.178447.9880587744.567614.827319.46488.386404.216175.335832.465506.315011.394919.984863.164561.364484.774310.984228.74007.613902.083821.963406.953214.973214.973108.992858.32858.32818.092818.092495.622495.622430.092333.522333.522236.082173.142051.161995.951973.581866.381866.381853.811850.381708.411708.411656.261656.261656.261656.261532.671532.671524.241458.871451.741451.741344.121344.121344.121333.311333.311333.311297.261247.191247.191191.591191.591164.31147.011147.011147.011145.061125.011125.011120.891120.891120.891120.891111.451107.241094.41094.41094.41087.391079.411073.741073.741065.761061.341061.341061.191061.191052.481052.481052.481052.481052.48,
10044.99940.919940.919198.478982.487852.827852.827852.827214.397211.827085.186955.486380.146063.345852.565719.025718.475126.44777.094777.094697.894484.744221.784221.784221.783911.833881.13881.13560.963560.963491.793336.893302.943038.723038.722970.722747.232747.232631.992631.992601.672556.832426.072376.452340.072312.192243.072237.222201.152117.432117.432117.432093.982038.311985.091985.091968.351966.181911.041899.861865.351771.291771.291771.291756.151756.151728.171622.261622.261610.031610.031610.031567.011559.731534.11464.531464.531415.261415.261353.221353.221349.391293.281293.281263.761258.291253.821253.821244.321244.321225.051203.821203.821203.821203.821181.961159.391158.931158.931158.93,
9607.359437.658858.218858.218528.148492.858024.517468.027358.097256.376126.696126.696126.696126.695931.975486.075201.65099.784951.634585.464557.564136.853963.753940.63604.683455.533340.242911.92830.522616.992616.992468.552468.552199.012098.22098.21981.821939.131767.771767.771767.771767.771673.551640.11555.441555.441492.571492.571419.471419.471403.891346.881346.881346.881297.661230.831230.831221.841221.841197.491178.761178.761151.751128.141128.141126.991104.241104.241078.061078.061076.071054.671052.511052.511041.161035.251028.371027.291023.741020.691001.741001.741001.74984.078975.962975.962963.169962.017958.299943.202943.202943.202927.381927.381927.381927.381927.381927.377920.778920.503,
9367.159367.159367.158786.737826.077826.077826.077826.077538.196679.776679.776679.776454.435880.95482.155482.155141.055083.414736.924661.74631.234461.184208.184048.894048.893876.053819.133790.823535.463338.763311.743071.012960.282960.282733.032646.472646.472260.142260.142260.142234.012234.012161.722092.132037.241967.561941.421904.981904.981818.71775.081751.981655.151625.081625.081611.871603.651603.651548.011506.821506.821485.541466.821466.821452.231452.231452.231408.651399.411399.411399.411390.111382.41377.831353.071353.071353.071353.071340.611330.531330.531312.231312.231209.581209.581209.581209.581209.581205.091205.091205.091123.721123.721123.721123.721123.721123.721123.721123.721123.72,
9572.99572.99572.99572.98921.88842.458170.198097.37975.717668.257229.87229.86705.126705.126471.966139.526139.525944.765871.835591.175286.44895.944895.944779.984294.14294.14246.964246.964246.964141.983946.013723.913723.913404.323402.753371.863126.153126.152956.842956.842920.772843.662822.082696.122649.672586.332533.042418.52359.72252.742252.742089.752089.752089.752089.072088.052029.971962.591940.611889.621889.621889.621882.081859.431835.781835.781822.661822.661799.011799.011797.881753.891734.561734.561734.561734.561670.371670.371670.371670.371670.371650.021641.11641.11641.11623.811623.811623.811620.331620.331620.331614.891601.581597.531597.531597.531596.141590.971590.971590.97,
9752.149752.149032.888733.058604.588029.118029.117918.157918.157736.497475.47229.056721.126400.286400.285948.515554.45554.45533.135122.835097.34806.994166.764166.764166.763903.283839.143827.133780.043576.473567.133444.393238.213238.213107.383104.613026.282990.992705.842705.842705.842662.032662.032662.032511.442508.672508.672508.672502.082502.082489.072330.922330.922330.922330.922312.382303.032270.822260.932226.192213.852192.822095.392058.622058.622058.622058.622058.622012.682010.751909.481869.911869.911849.861844.211843.771835.691835.691816.361815.911804.441793.421781.451781.451760.561760.561745.461720.651720.651720.651720.651720.651720.651720.651705.781702.621702.621702.621700.551692.02,
9622.699370.598616.078509.918509.917980.287921.427213.367213.366960.456687.666511.595831.185397.295053.765053.764665.054665.054665.054665.054588.454588.454439.44211.734192.263902.253650.033650.033459.913370.343093.072898.322898.322898.322829.272749.782709.572579.22579.22579.22579.22512.942461.512461.512417.672365.032365.032328.912223.862223.862196.442141.222141.222135.232039.52039.52022.382022.382001.872001.872001.871941.341904.241893.051855.451811.481811.481769.981752.281752.281681.721681.721672.991672.991656.191656.191656.191645.681605.771605.771605.771596.781596.781596.781596.781578.981578.981578.981578.981568.641568.641565.571564.841564.571546.711546.711545.81543.751540.041540.04,
9038.729038.729038.729038.727919.237865.717865.717865.717140.266890.986463.316281.836263.685911.35725.645725.645537.665313.155199.024674.644674.644674.644646.54646.54231.684231.683987.523987.523964.853902.973487.163335.963317.83244.73041.633041.632836.772836.772836.772648.432492.022492.022377.422282.172282.172180.852025.031963.341963.341963.341778.771776.571776.571710.941701.841605.221605.221605.221579.251579.251469.171469.171468.721468.721419.231414.471379.591379.591379.141334.131334.131324.891307.51299.261299.261299.261284.161284.161284.161271.781247.171247.171247.171247.171247.171242.581219.261212.551212.551202.571202.131195.431188.391179.531179.531149.071149.071149.071149.071149.07,
9752.279752.279752.279658.238920.788920.788862.248516.888072.137844.227332.47024.996793.326793.326651.226580.276151.226151.225798.115323.555323.555323.555322.415231.774745.054745.054593.634524.274414.064214.224121.254086.513844.223844.223834.373743.14365536553509.713401.413384.313384.313348.583333.493158.973158.973125.23125.23118.022966.032966.032966.032966.032966.032966.032914.292877.112865.952812.032781.032781.032750.712750.562688.672623.82623.82553.642529.242494.152421.412421.412387.982387.982387.982322.122322.122315.812311.052311.052306.312306.312304.742300.552282.412282.412280.062267.972267.972254.72254.72249.422249.422249.422242.082236.312224.942218.912206.292206.292206.29,
9575.839575.839575.838644.348644.348313.558174.448174.447674.876948.616948.616948.616948.616392.056076.225863.975689.415297.865015.465003.34809.64603.694603.694466.194466.194204.124072.223956.853574.413574.413516.353463.163446.253093.543064.353064.352964.312729.542729.542573.632550.412463.952347.332296.432221.962180.312141.612120.412058.742034.612022.361958.011958.011932.781877.381865.471822.871791.891765.241743.811728.991728.991703.291703.291703.291681.861668.6616481647.981647.981646.241612.221612.221612.221612.221612.21612.21612.21612.21593.611593.611593.611593.611593.611583.241583.241583.241575.031575.031573.951564.851562.381562.381556.411556.411555.331555.331551.921538.171537.08,
10178.29341.359341.359181.159026.278736.368324.178254.568197.047670.37221.186981.316891.196597.286026.525534.585534.585511.235362.585271.294938.774860.554617.534442.034131.394131.393893.33512.033403.173324.763299.713100.583100.582991.712877.482877.482820.892814.382814.382814.382724.822724.822724.822670.52659.892659.892502.992502.992502.992502.992447.552447.552388.642388.642380.292377.332367.222364.672341.512303.432303.432301.342282.122245.912245.912245.912245.912229.992229.992229.992229.992229.992217.192217.192217.192217.192202.252202.252202.252186.332186.332183.782163.732163.732163.732163.732163.732133.752133.752131.22118.52114.052114.052008.542008.542008.542008.541976.011976.011957.72,
9490.99490.99382.638289.98289.98072.447917.897411.887411.886431.486282.026282.025621.465621.465589.965189.754796.524796.524791.364362.784173.654173.653785.513785.513686.53566.653566.653437.593361.593270.743204.573113.633113.633069.923000.432981.932904.652704.342655.462484.252454.712417.892340.712306.972306.972256.272256.272120.832120.832120.832120.832120.832079.032038.011932.951865.911865.911825.541825.541825.541806.411785.41785.41785.41785.41772.531744.271721.711715.141688.621688.621686.641686.641672.911669.21650.21650.21637.81636.831636.831630.31610.731597.441597.441597.441595.741568.051566.871561.241559.081550.241548.771537.991537.991536.521505.561503.871503.871503.871503.87,
10005.19713.589713.589477.129184.28727.148114.37877.77877.77241.617186.596571.756392.866011.576011.575547.715200.554317.314317.314317.314317.314113.714084.283736.263499.643499.643303.813303.813303.813035.333035.332862.752862.752799.952653.842582.62383.982383.982334.982279.822199.832117.592063.962063.961916.81913.541913.541913.541872.361872.361786.771754.671754.671607.321607.321602.491602.491602.491575.221547.891547.891523.921523.921523.921523.921500.31500.31474.611459.991459.991423.931423.931407.091396.91354.611354.611352.511338.971338.971335.641335.641316.621313.881311.781311.781311.781309.041307.571299.071299.071299.071299.071299.071299.071298.031295.291294.871294.871294.871294.87,
9738.19565.68680.338680.338680.338315.558315.558177.547706.967507.267507.266589.216589.216295.666138.745983.145665.875649.515392.215392.215116.625037.474557.454416.223936.333936.333830.583830.583652.023652.023531.193480.123196.753056.433056.433056.433053.373053.372786.542602.32587.742587.742570.992447.432396.422350.822210.52210.52210.52210.52108.772108.772075.481921.631921.631921.631921.631917.781899.281899.281865.971860.891834.191834.191817.931817.931789.871786.881743.161743.161740.171721.821689.71682.361629.051629.051629.051622.881622.881622.881622.881622.881621.771621.771610.371607.441551.561551.561551.561551.561551.561551.561551.561551.561551.561551.561551.561551.561551.561551.56,
9590.629094.549094.548716.148716.147624.787624.787624.786889.816753.986753.986551.456424.386402.966279.435672.925670.525160.985160.985042.875042.874938.344847.444847.444500.224189.684189.684189.684017.613502.813502.813502.813468.133468.133344.373306.133247.723125.563125.563113.343017.092978.262924.792924.792894.232894.232777.62777.62731.822731.822653.22653.22602.732602.732602.732580.672536.132536.132523.082429.262429.262429.262429.262429.262386.72330.462330.462314.612207.492207.492171.572171.572155.722155.722155.722150.992128.52125.052125.052124.12109.922109.922084.942084.942084.942084.942084.942084.942084.942084.942084.942078.092078.092078.092078.092078.092078.092078.092078.092078.09,
9726.459726.459726.458799.728468.638124.37847.577847.577484.16843.616401.916075.16004.996004.995982.095714.235197.755197.755197.755065.874706.824706.824544.454502.594135.564135.563994.783913.863889.043864.233794.733701.573527.493527.493526.73448.453381.953311.453311.453307.453272.783094.063094.063041.473032.13007.962917.692859.582826.852820.032795.152735.862719.62715.332683.052632.172603.392603.392603.392570.752559.142506.552475.6424672413.712413.712405.622405.622373.442373.442373.442329.172329.172329.172320.532319.832313.752305.192295.212282.992282.992282.992270.52270.52250.342250.342250.342250.342243.482240.362214.062214.062214.062214.062210.162210.162210.162208.712081.532075.31,
10283.79899.989645.629581.949036.638681.128238.58238.58095.277531.997356.367136.36718.116321.56321.55847.925722.24964.84964.84869.6746434538.224278.774236.134042.14042.13824.13647.323605.533282.63113.473113.473098.533056.252855.282829.922799.22684.812433.292433.292433.292433.292279.252141.592141.592141.592141.592063.312063.312063.312063.312013.261921.291921.291921.291921.291921.291876.461872.61839.781829.341786.771786.771770.541770.541701.511701.511701.511701.511661.281659.821626.21608.951608.951595.521594.651584.221556.271556.271544.771530.691520.251520.251519.391519.391517.51516.641513.651513.651513.651503.661496.581430.041430.041430.041430.041424.31405.261405.261405.26,
9734.139734.139734.139144.377790.787790.787790.787790.787501.287501.287062.316773.046612.536429.345962.045596.415596.415271.254624.844624.844624.844191.294151.024116.063691.443683.543470.593432.463085.63051.963051.962894.372766.72465.532425.752425.752216.071888.541888.541888.541790.161771.741744.351709.731677.941621.421606.751559.041540.111423.021360.641360.641355.681355.681337.861317.21317.21308.291241.411241.411241.411237.141222.811531109.671109.671109.671103.561085.331085.331083.561076.161064.771054.491051.191037.931037.931024.051024.051004.12988.853956.503946.804941.467936.503934.837934.837916.718914.276914.276914.276897.831897.831888.305875.561875.561875.561875.561875.561870.042,
9495.349495.349495.349314.519001.868965.48643.358024.427639.87639.87222.876931.96136.036136.035718.135718.135571.565498.95498.95295.185295.184781.994436.394313.814313.814313.814120.33934.433814.543534.573460.853460.373247.73038.693038.692935.182803.672693.832637.442534.392468.562401.622204.592204.592190.012108.932108.932108.162108.162046.492025.311974.231947.561912.411912.411826.41826.41800.551800.551740.421740.421607.381607.381605.991551.581551.581534.061534.061527.561506.671453.431453.431432.711432.711420.141420.141410.91393.391367.041344.71318.171311.451311.451298.671269.331256.111252.571249.141244.281241.181238.521238.521224.671220.271220.271217.21217.21214.51203.761201.55,
9797.579797.579513.819513.818950.837388.677388.677388.677388.677276.717216.056696.75763.735730.25730.25730.25060.375060.375060.374748.24592.174592.174531.924359.544194.453734.83734.83544.663453.823453.823284.43284.43033.023033.022827.662827.662795.12788.152633.622633.622624.282555.752550.542391.892391.892391.892391.892391.892391.892374.092356.742319.122255.962255.962255.962227.092174.492097.112097.112097.112097.112054.282054.282044.531997.151951.011867.631867.631867.631867.631865.811860.241856.491846.291786.961786.961786.961753.941753.941730.961699.81666.811666.811622.521592.491590.361590.361590.011590.011558.61558.61558.61558.61558.61558.61558.61544.331544.331544.331542.7,
10091.49669.959534.298816.698685.188207.227966.967966.967712.897518.687518.687162.26946.166270.496270.496067.95839.135839.135415.445415.445295.675289.785081.254745.344625.994625.994498.54494.584139.264113.394066.013903.893885.133729.943599.963317.443251.953251.953251.953017.823017.823010.223001.283001.282969.622958.372938.252894.742892.762832.342782.832782.832660.262660.262524.142524.142524.142405.632405.632392.162370.882370.882366.42214.012214.012214.012181.312181.312128.822060.022060.022060.022060.022007.541998.491998.491998.491949.111915.911913.411913.411909.671909.671865.011865.011854.371851.881851.881849.781824.491824.491824.491821.371821.371821.371821.371818.871806.461797.511783.93,
