48896,48896,48896,41941,41941,35364,30331,30331,30331,30331,30331,30331,30331,30331,23225,23225,23225,23225,23225,23225,23225,23225,23225,23225,21615,20429,20429,20429,20429,20429,19463,19129,19129,18865,18865,18865,18865,16536,16536,15326,15326,15326,15326,15326,15326,15326,15326,15326,15326,15326,15326,12402,12256,12256,12256,12256,12256,12256,12256,12256,12256,11279,11279,11279,11279,11279,11279,11279,11279,11279,10858,10858,10858,10858,10480,10480,10405,10405,10405,10405,10405,10405,7101,7101,7101,7101,7101,7101,7101,7101,7101,7101,7101,7101,7101,7051,7051,7051,7051,7051
55749,46281,43551,30272,30272,30272,30272,30272,30272,30272,30272,30272,30173,30173,30173,27867,27867,27867,27867,27867,27867,27867,26141,26141,16043,16043,16043,16043,16043,16043,16043,16043,16043,16043,16043,16043,16043,16043,16043,14447,14447,14447,14447,14447,14447,14447,14447,14447,14056,14056,14056,13707,13707,13707,13707,13707,13707,13707,13707,13707,13707,13707,13707,13707,12199,10579,10579,10579,10579,10579,10579,9792,9792,9792,9792,9792,9792,9792,7988,7988,7988,7988,6570,6570,6570,6317,6317,6317,6317,6317,6317,6317,6317,6317,6317,6317,6317,6317,6317,6317
50374,43978,43978,41342,41342,41342,41342,39568,37187,36017,33639,32090,32090,32090,25746,25746,25746,25746,25746,25746,25746,25096,24233,21961,21636,21636,21636,21636,20386,20386,20386,20386,20386,20386,20386,19337,18088,18088,18088,17914,17156,17156,17156,13539,13539,13539,13539,13539,13539,13539,13539,13539,13363,13363,13363,11722,11722,11722,11722,11722,10996,10996,10996,10996,10996,9225,9225,9225,9225,9225,9225,9225,9225,7954,7954,7954,7954,7954,7954,7479,7479,7479,7479,7479,7479,7479,7479,7479,7479,7479,7479,7479,7327,7327,7327,7327,7154,7154,7154,7154
56355,46750,36979,36979,36979,36979,36979,34284,34284,34284,34284,27986,27986,27986,27986,27986,27986,27986,24207,24207,22948,22948,22663,22562,20866,20866,16923,16923,16923,16923,16923,16923,16923,16923,15000,15000,15000,15000,15000,15000,15000,15000,15000,15000,15000,15000,15000,14829,14062,14062,14062,13925,13925,13925,13925,13925,13925,8892,8892,8892,8892,8892,8892,8892,8892,8892,8892,8892,8892,8892,8892,8892,8892,8892,8892,8892,8892,8892,8892,8892,8892,6853,6853,6853,6021,6021,6021,6021,6021,6021,6021,6021,6021,6021,6021,6021,6021,6021,6021,6021
51573,51573,51125,44103,44103,40909,36600,36600,33517,33517,33517,31552,31552,31552,30520,30520,30520,30520,27542,20953,20953,20953,20953,20953,20953,20953,20953,20953,20953,20953,20953,20953,20953,19240,19240,19240,19240,17618,17618,17618,17588,17588,17588,17588,17588,17588,17588,17588,17473,17473,17473,17473,11557,11557,11557,11557,11557,11557,11557,11320,11320,11320,11320,11320,11320,11240,11240,11240,11240,11240,10946,10946,10946,10946,10946,10610,10610,10610,10610,10610,10610,7402,7402,7402,5731,5731,5731,5731,5731,5731,5731,5731,5731,5731,5731,5731,5731,5731,5731,5731
54409,45033,40580,37715,37715,37715,37715,32794,26478,26478,26478,26478,26478,26478,26478,26478,23458,23458,23458,23458,23458,23458,19327,19327,19327,19327,19327,19327,19327,19327,18572,18203,18203,18203,18203,18203,18203,18203,18203,18203,18203,18203,18203,18203,16326,16326,16326,16326,10636,10636,10636,10636,10636,10636,10636,10636,10636,10636,9904,9904,9824,9824,9824,9824,9824,9824,8695,8695,8695,8695,8695,8695,8695,7287,7287,7287,7031,7031,7031,7031,7031,7031,7031,7031,7031,7031,7031,7031,7031,7031,6840,6840,6840,6840,6840,6840,6360,6360,6360,6360
47694,47694,45217,43260,38375,29643,29643,29548,29548,29548,29548,29548,26527,26527,26527,25815,25815,25815,25815,25815,21676,21676,21676,21676,19368,19368,19368,18734,18734,18734,18734,18734,17283,17283,17283,16625,16625,16625,16625,12399,12399,12399,12399,12399,12399,12399,12399,12399,12399,12399,12399,12399,12317,12317,10021,10021,10021,10021,10021,10021,10021,10021,10021,10021,10021,10021,10021,10021,10021,10021,10021,8768,8768,8768,8768,8768,8768,8450,8450,8450,8450,7288,7288,7288,7288,7114,7114,7114,7114,7114,6733,5410,5410,5410,5410,5410,5410,5410,5410,5410
38744,38744,38744,38744,38744,38744,36198,35741,35741,35741,33419,28741,28741,21637,21637,21637,21637,21637,21637,20483,20483,20483,20483,20483,17215,17215,16727,16727,16727,16727,16727,16727,16727,16727,16727,16727,16727,16727,16727,16727,16699,15832,15832,15832,15832,15832,15832,15832,15832,15832,14452,14452,14452,14452,14094,14094,14094,12322,12322,12322,12322,12322,12322,12322,10178,10178,10178,10178,10178,10178,9876,9540,9540,9540,9540,9540,9540,9540,9540,9540,9540,9540,7521,7521,7521,7521,7521,7521,7521,7521,7521,7521,7521,7521,7521,5792,5792,5792,5792,5792
48273,42442,38677,37990,37990,37990,33835,25068,25068,25068,25068,25068,25068,25068,25068,25068,25068,25068,23761,23761,23761,23761,23761,21576,21251,21251,21251,21251,21251,21251,21251,20901,20901,20901,17380,17380,17380,17026,17026,17026,17026,17026,17026,17026,15707,15707,15707,15707,15707,15707,15707,15707,15707,15707,13799,13799,13799,13799,13615,13615,13615,13615,12748,12748,12748,12748,11187,11187,11187,11187,11187,11187,11187,11187,11187,11187,11187,9837,9837,9837,9837,9837,9837,9837,9837,9837,9543,9543,7964,7964,7964,7964,7964,7964,7964,7964,7964,7964,7964,7964
40618,40618,39986,39986,39986,35845,34150,34150,33780,33780,33467,33467,32370,32370,30939,30939,30939,24108,24108,24108,19155,19155,19155,19155,19155,19155,19155,19155,19155,19155,19155,15371,15371,15371,15371,15371,15371,15371,15371,15371,15371,11576,11576,11576,11576,11576,11576,11576,11576,11576,11576,11576,11576,11576,11576,11576,11576,11576,11576,11576,11576,11576,11576,11131,11131,11131,11131,11131,11131,11131,11131,10382,10382,10382,10382,10382,10382,10382,10382,10382,10382,10382,9161,9161,9161,9161,9161,9161,8651,8651,8651,8651,8651,8651,8651,8651,7650,7650,7650,7193
50714,50714,42879,42879,35900,35900,35900,35900,35870,35870,35870,35822,34242,32482,28224,28224,28224,19639,19639,19639,19639,19639,19639,19639,19639,19639,19639,19639,19639,19639,19639,19639,17908,17908,17908,17908,17908,17908,17908,17908,17437,17437,17437,17437,17437,15121,15121,15121,15121,15121,15111,14262,14262,14262,14262,14262,14262,14066,14066,14066,14066,13453,13453,13453,13453,13453,12156,12156,12156,12156,11651,11651,11651,11651,11651,11651,10047,10047,10047,10047,10047,10047,10047,9764,9516,9516,9516,9516,9516,9488,9488,9078,9078,9078,9078,9078,9078,6324,6324,6324
49512,49512,49512,45059,41624,39118,32475,32475,32475,32475,32475,32475,29522,27015,27015,27015,27015,27015,24606,23524,23524,22189,22189,22105,22105,22105,19964,19964,19630,19630,19630,11951,11951,11951,11951,11951,11951,11951,11951,11951,11951,11951,11951,11951,11951,11951,11951,11951,11951,11951,11951,10873,10873,10873,10873,10873,10873,10873,10713,10713,10713,10713,10713,10713,10713,10713,10713,10713,10713,10713,10713,10713,10713,10713,10713,10713,10713,10102,9914,9914,8484,8484,8484,7182,7182,7182,7182,7182,7182,7182,7182,7182,6975,6975,6975,6768,6768,6768,6768,6768
56767,49209,41301,41301,41301,40437,35163,35163,35134,35134,35134,32276,32276,29983,28425,28425,28425,26159,25472,25472,25472,24778,24778,23075,23075,23075,23075,23075,16787,16787,16787,16787,16787,16787,16787,16787,16787,16787,16787,16787,16787,16787,16787,16787,16787,16787,16787,16787,16787,16787,16787,16787,16787,15414,15414,14367,14367,14367,14339,14261,14261,13295,12554,10923,10923,10923,10923,10923,10923,10445,10445,10445,10445,10445,10445,10445,10445,9384,9384,9384,9384,9165,9165,9165,9165,7866,7866,7866,7866,7866,7866,6977,6977,6977,6977,6977,6977,6977,6977,6977
55439,44712,44712,35692,35692,35692,35692,28630,28630,28630,28630,28630,28630,28630,28630,22217,22217,22217,22217,22217,22217,22217,22217,22217,22217,22217,20998,20998,20998,20998,17106,15377,15377,15377,15377,15377,15377,15377,15377,15377,14707,14707,14707,14707,14707,14707,14707,14707,14011,14011,12308,12308,12308,12308,11941,11941,11941,11941,10259,10259,10259,10259,10131,10131,10131,10131,10131,10131,10131,10131,10131,10131,10131,10131,9806,9806,9806,9806,9806,9806,9806,9806,9395,8894,8894,8894,8894,8894,8894,8894,8894,8894,8894,8894,8894,8894,8894,8894,7916,7916
34940,34940,34940,34940,32666,32666,32666,32666,31358,27722,27722,27722,27722,27722,27722,27722,27722,25587,20488,20488,20488,20488,20488,17986,17986,17986,17986,17986,17986,17986,17834,17834,17834,17834,17834,17834,17313,17122,17122,17122,17122,17122,17122,17122,16369,16349,16349,16349,16349,16349,16349,16349,15849,15849,15849,15849,15849,14598,14598,12788,12026,12026,12026,12020,12020,12020,12020,10350,10350,10350,10350,10350,10350,9940,9940,9940,9940,9940,9419,9419,9419,9305,8845,8845,8845,8845,8845,8845,8845,8845,8845,8845,8845,8642,8642,8642,8341,8341,8341,8341
47369,47369,38767,38767,38767,38767,35938,35938,35938,35509,32182,32182,32182,30634,30634,30634,29260,29260,29260,29260,29260,29260,29260,26622,26622,22176,22176,22176,22176,22176,22002,22002,22002,19667,19667,19667,19667,19667,19667,19667,19667,19292,19292,19292,18591,17937,14623,14623,14623,14623,14623,13284,13284,12504,12504,12504,12504,12504,12504,12504,12504,12504,12504,12504,12184,12184,11661,11661,11661,11661,11661,9644,9644,9644,9644,9644,9644,9644,9644,9644,9644,9644,9644,9644,9644,9644,9644,9644,9644,9644,9644,9644,9644,8964,8964,8964,8964,8964,8964,8964
49555,49555,49555,38122,38122,38122,25023,21514,21514,21514,21514,21514,21514,21514,21514,21514,21514,21514,21514,21514,21514,21514,21514,21514,21514,21514,21514,13932,13932,13932,13785,13785,13785,13785,13785,13785,13785,13785,13785,13785,13785,13785,13785,13785,13785,13785,13785,13785,13785,13785,13785,13785,13785,13785,13785,13785,13785,13785,13785,13785,13785,13600,13164,13164,13158,13158,13158,10981,10981,10981,10981,10981,10981,10981,10981,10368,10368,10368,10368,10368,10368,10368,10368,10368,10368,9880,9880,9880,9880,9880,9644,9644,9644,9644,8541,7980,7980,7980,7980,7933
58437,52236,38514,38514,38514,29038,29038,29038,29038,29038,29038,29038,25990,25990,25990,25990,25990,25467,25372,23566,23566,23566,23566,23566,23566,23566,21075,18987,18987,18987,18987,18987,16572,16572,16572,16572,16572,16572,16572,16572,16572,16572,16572,16572,16572,16572,14597,14597,14597,14597,14597,14597,14597,14597,14347,14347,14274,13270,13270,13270,13270,13270,13270,13270,12395,9674,9674,9674,9674,9674,9674,8879,8879,8879,8879,8879,8879,8879,8879,8879,8879,8879,8879,8879,8879,8879,8879,8879,8879,8879,8879,8879,7282,7282,7282,7282,7282,7282,7282,7066
50809,50809,48340,45391,45391,35479,35479,31875,31875,31875,30148,28535,27329,27291,27291,27291,27291,27291,27291,23824,23824,23824,23196,23196,23196,20680,20680,20680,20680,20680,20680,20680,20680,20680,16957,16957,16957,16957,16957,16563,16487,16487,15286,15250,15250,15250,15250,15250,14335,14335,14335,14335,14335,14335,14335,14335,14335,14335,13827,13827,13524,13524,13524,13524,13524,13524,12152,12152,12152,12152,12152,12152,10193,10193,10193,10193,10193,10193,10193,10193,10193,9644,9644,9644,9644,9644,9644,9644,9260,9260,9260,9260,9260,8800,8800,8800,8800,8800,8800,8723
39646,39646,39646,39646,39646,39646,39646,39646,39077,28324,28324,28324,28029,28029,28029,24585,23481,23481,23481,23481,23481,23481,23481,23481,23481,23481,21673,21673,18836,18836,18836,18836,18836,18836,18836,18836,18836,16664,16664,16664,16664,16664,16664,16664,16664,16664,16664,16664,15578,14072,14072,14072,14072,14072,14072,14072,11067,11067,11067,11067,11067,11067,11067,11067,11067,11067,11067,11067,11067,11067,11067,11067,11067,11067,10279,10279,10279,10279,9368,9368,9368,9368,8286,8286,8286,8286,8286,8286,8286,8286,8286,8286,8286,8286,8286,8286,8286,8286,8286,8286
44826,44826,44826,26441,26441,26441,26441,26441,26441,23518,23518,23518,23518,23518,19040,19040,19040,19040,19040,19040,19040,19040,19040,19040,19040,19040,19040,19040,19040,19040,19040,19040,19040,18855,17382,16724,16724,16724,16724,16724,16724,16438,15813,15813,15813,15813,15813,14887,14657,14657,14374,14374,14374,14374,14374,13437,13437,13437,13437,13437,13437,13339,13339,11084,11084,11084,11084,11084,11084,11084,11084,11084,11084,11084,10682,10682,10571,10571,8761,8761,8761,8761,8761,8761,8761,8761,8761,8761,8761,8761,8761,8761,8761,8761,8761,8761,8761,8761,7683,7683
50294,50294,41451,41451,37562,37562,36281,35273,35273,35273,35273,32108,32108,32108,32108,31799,31799,28932,28932,27211,23535,16073,16073,16073,16073,16073,16073,16073,16073,16073,16073,16073,16073,16073,16073,16073,16073,16073,16073,16073,16073,16073,16073,16073,16073,16073,16073,16073,14216,14216,14216,14216,14216,13095,13095,13095,13095,13095,13095,13095,13095,13095,11218,11218,11218,11218,11218,11218,11218,11218,11218,10782,10782,10782,10782,10782,10782,10679,10679,10679,10257,10257,10257,10257,9246,8161,8161,8161,8161,8161,8161,8161,8161,8161,8161,8161,8161,8161,8161,8161
53323,40973,40973,38263,38263,36522,36522,36522,26320,26320,26320,26320,26320,26320,26320,26320,26320,22894,22894,22894,22894,22894,22894,21781,21781,20817,20817,20817,20817,20817,20817,20817,20185,17446,17446,17446,17446,17446,17446,17446,17446,17446,17446,17446,17446,17446,17446,17007,16823,16345,16345,16345,16345,16345,16345,16345,16345,16190,16190,14019,13477,13477,13477,13477,13287,13287,13287,12708,12708,11430,11430,11430,11430,11430,11430,11430,11430,11294,11294,11294,11294,10206,10206,10126,10126,10126,10126,10126,9379,9379,7325,7325,7325,7325,7325,7325,7325,7325,6292,6292
41891,41891,41891,40810,37499,37499,37499,36491,31314,31314,31314,30368,26123,26123,26123,26123,26123,26123,26123,26123,25231,22929,22929,22929,22929,20549,20549,20549,20549,20549,19668,19668,19668,16127,16127,16127,16127,16127,16127,16127,16127,14385,14385,14385,14250,14250,14250,14250,14250,12608,12608,12608,12608,12608,12608,12608,12608,12608,12608,12608,12608,12191,12191,12191,12191,12191,8628,8628,8628,8628,8628,8628,8628,8628,8628,8628,8628,8628,8628,8628,8628,8628,8628,8628,8628,8045,7642,7642,7642,7642,7642,7642,7642,7642,7642,7642,7642,7642,7642,7642
47567,47567,40925,40925,40925,40111,37616,32886,32886,30732,30606,29017,27922,27553,25986,25986,25986,25986,25798,22024,22024,22024,22024,21285,21285,21285,18062,18062,18062,18062,18062,18062,18062,17480,17480,17480,17480,17480,14118,14118,14118,14118,14118,14118,14068,14068,14068,14068,14068,14068,14068,14068,14068,13568,12280,12280,12280,12280,10029,9031,9031,9031,9031,9031,9031,9031,9031,9031,9031,9031,9031,9031,9031,9031,9031,9031,9031,7887,7887,7887,7704,7704,7704,6566,6566,6566,6566,6566,6566,6566,6566,6566,6566,6566,6566,6566,6566,6566,6566,6566
50754,44715,44715,44715,43413,31089,30555,30555,30555,30555,22614,22614,22614,22614,22614,22614,21980,21980,21980,21980,21980,21980,21980,21980,21980,19338,19338,19338,19338,19338,19338,19338,19338,19338,19338,19338,16966,15764,15764,15764,15764,15764,15764,15764,15764,15764,14991,14991,14991,14991,14991,14991,14991,13731,13731,13731,13731,13731,13553,13553,13553,11238,11238,11238,11238,11238,11238,11238,11238,11238,11238,11238,11238,11238,10894,10894,10279,10094,9405,9405,9405,9405,9405,9405,9405,9405,9405,9405,9405,9405,8783,7420,7420,7420,7209,7209,7209,7209,7209,7209
39789,39789,39789,32010,32010,32010,32010,32010,24921,24921,24921,24921,24921,24921,24921,24921,24921,24921,24921,22046,21758,21758,21758,21758,18367,18367,18367,18367,18367,18367,18367,18367,18367,18367,18367,17441,16533,16533,16533,16533,16533,16533,16533,16533,14958,14958,14958,14958,14632,14632,14632,14632,13521,13521,13521,13521,13521,13521,13521,13521,13521,12623,12623,12623,12623,12623,12623,12623,10641,10641,10641,10641,10641,10641,10641,10641,10641,10641,10023,10023,10023,10023,10023,10023,10023,9139,9139,9139,9139,8896,8896,8896,8747,7915,7915,7915,7915,5785,5785,5785
47852,47852,38033,38033,38033,35958,35958,35958,30106,30106,30106,30106,29442,29442,28402,28402,27883,27883,19179,19179,19179,19179,19179,19179,19179,19179,19179,19179,19179,19179,19179,19179,19179,19179,19179,16472,16472,16269,16269,16269,16269,16269,16269,16269,16269,16269,16269,16269,15212,15212,15212,12474,12474,12474,12474,12474,12474,12474,12474,12141,12141,12141,12141,12141,12141,9882,9882,9882,9882,9882,9882,9882,9882,9882,9882,9882,9882,9882,9882,9882,9882,9882,9882,9050,9050,9050,9050,9050,9050,9050,9050,9050,9050,7534,7534,7534,7534,7534,7534,7534
51750,46910,46910,46910,44896,44896,38906,38906,37859,36906,35701,35701,33957,33957,32912,29001,26516,26014,26014,26014,22496,22496,22496,22496,22496,22496,19909,19909,19909,19909,19909,19909,18489,18489,16867,16867,14609,14609,14609,14609,14609,13490,13490,13490,13490,13490,13490,13490,13490,13490,13320,13320,13320,12746,12746,12746,12739,11883,11883,10174,10174,10174,10174,10174,10174,9977,9977,9977,9977,9977,9977,9562,9562,9562,9562,9562,9562,9562,9562,9562,9562,9562,9562,9562,9562,9562,9562,8282,8282,8282,8282,8282,8282,8282,8282,8173,7700,7700,6658,6658
58767,53321,49689,47876,47876,42163,36138,35314,33996,33996,33996,31146,29371,29371,29371,29371,26143,26143,26143,26143,26143,22158,22158,22158,22158,22158,21695,21695,21695,18802,18802,18802,18802,18802,18802,18802,18802,18802,18802,18214,18214,18214,16538,16538,16538,16538,15686,15686,14645,13981,13981,13981,13981,13981,13981,13981,13981,13981,13981,13981,12373,12282,12282,12282,12282,12282,12282,10784,10784,10784,10784,10784,10784,10784,10784,10784,10784,10784,10784,10462,10462,10462,10462,10339,10339,10339,10339,10339,10339,8612,8172,8172,8172,8172,8172,8172,8172,8172,8172,8172
51366,51366,47640,46928,39967,33787,33787,33787,33787,32852,32852,32852,32852,29008,29008,29008,20593,20593,20593,20593,20593,20593,20593,20593,18599,18599,18599,18429,18429,13601,13601,13601,13601,13601,13601,13601,13601,13601,13601,13601,13601,13601,13601,13601,13601,13601,13601,13601,13601,13601,13601,13601,13601,13601,13601,13601,13601,13601,13601,13557,13557,13557,13557,13557,13230,13230,11393,11393,11393,10683,10683,10683,10683,10683,10683,10683,10683,10683,10683,10683,10683,7464,7411,7328,7328,7328,7328,7328,7328,7328,7328,7328,7137,7137,7137,7137,7137,7137,7137,7137
52709,52305,51622,48346,42077,38082,38082,38082,38082,38082,29872,28510,28510,27316,27316,27316,27316,27316,27258,22446,22446,22446,22446,22446,22446,22446,22372,22372,22372,21119,21119,20151,20151,20151,16442,16442,16442,16442,16442,16442,16442,16442,15773,15773,15773,15773,15773,15773,15708,15708,15675,12112,12112,12112,12112,12112,12112,10964,10964,10964,10964,10964,10964,10964,10964,10964,10964,10964,10295,10295,10295,8754,8754,8754,8754,8754,8742,8742,8742,8742,7898,7898,7898,7898,7898,7898,7867,7867,7556,7556,7556,7556,7556,7556,7556,7556,7556,6180,6180,6180
56295,51001,51001,42504,42504,39724,34623,31034,31034,31034,31034,31034,30716,30716,30716,29647,29647,28417,28417,28417,28417,18261,18261,18261,18261,18261,18261,18261,18261,18261,18261,18261,18261,18261,18261,15968,14848,14848,14848,14848,14848,12913,12913,12913,12913,12913,12913,12913,9775,9775,9775,9775,9775,9775,9775,9775,9775,9775,9775,9775,9775,9775,9775,9775,9775,9775,9775,9775,9775,9775,9775,9775,9775,9775,9775,9443,8630,8630,8630,8630,8630,8630,8630,8630,8630,8630,8630,8045,8045,8045,8045,8045,8045,8045,6919,6919,5335,5335,5335,5335
53614,48220,40379,40379,40379,34497,34497,34497,34497,34497,27439,27439,27439,27439,24779,24779,24779,23739,23739,23739,23739,23739,23739,23739,22301,21182,21182,19154,19154,17655,17655,17655,17655,16833,16833,16833,16833,16833,16833,16833,14642,14642,14642,14642,14642,11494,11494,11494,11494,11494,11494,11494,11494,11494,11494,11494,11494,11494,11494,11494,11494,11494,11494,11494,11494,11494,11494,11175,11175,11175,11175,11175,11175,11175,11175,11175,11004,11004,11004,8195,8195,8195,8195,8195,8195,8195,8195,8195,8195,8195,8195,8195,8195,8195,8195,8195,8195,8195,8195,8195
47471,47471,44903,36957,32320,32320,32320,32320,32320,32320,32320,32320,31936,31882,30124,29038,26037,26037,26037,26037,26037,26037,22197,21869,21869,21869,21869,17832,17832,17832,17832,17832,17832,12363,12363,12363,12363,12363,12363,12363,12363,12363,12363,12363,12363,12363,12363,12363,12363,12363,12363,12363,12363,12363,12071,12071,12071,12071,12071,9633,9633,9633,9633,9633,9633,9633,9633,9633,9633,9633,9633,9633,9633,9633,9633,9633,9633,9633,9633,9633,9633,9633,9633,9633,9633,9633,9633,9633,9633,9633,9633,9524,9220,9220,9220,9220,8566,8566,8566,8566
52834,43847,43847,43847,40676,40676,40676,32604,32604,32604,32604,32604,31694,30940,30940,30288,30288,21808,21808,21808,21808,21808,21808,21808,21808,21808,21808,20722,20722,20032,20032,20032,20032,20032,20032,20032,20032,16512,15246,15246,14757,14757,14757,14757,14757,14757,14757,14757,14757,13002,13002,13002,13002,13002,11272,11272,11272,11272,11272,11272,11272,11272,11272,11272,11272,11272,11272,11272,11272,10345,10139,10139,10139,9743,9743,9743,9743,9590,9590,9590,9590,8571,8571,8571,8571,8571,8571,8571,8571,8571,8571,8571,8571,8571,8571,8571,8571,8386,8386,8386
48014,40915,40915,40915,37670,35741,28347,28347,28347,28347,28347,28347,28347,28347,28347,28347,28347,28347,25410,25410,22582,22582,22582,22155,22155,22155,22155,20894,20770,20770,20770,20770,20770,20163,18580,18580,18580,18580,18580,18580,16507,16260,16260,16260,16260,16260,15321,15321,15321,15321,15321,15321,15321,15321,15321,15321,15321,15052,15052,14618,14618,14618,14618,13616,13616,13561,12532,12532,12532,12532,12532,8328,8328,8328,8328,8328,8328,8328,8328,8328,8328,8328,8328,8328,8328,8328,8328,8328,8328,8328,8328,8328,7953,7953,7953,7953,7953,7953,7953,7953
57331,34660,34660,34660,34660,34660,34660,34660,34660,29368,29368,29368,29368,27706,27706,27706,27706,22622,22622,22622,22380,22026,22026,22026,22026,22026,22026,22026,22026,22026,22026,20826,20826,20826,20826,18971,18102,17443,17443,17443,17443,14678,14678,14678,14678,14678,14678,14678,14678,14678,14678,14678,14678,14678,14678,14678,13115,12684,12684,12684,12684,11279,11279,11279,11279,11279,11279,11279,11279,11279,10497,10497,10497,10497,10497,10497,9751,9751,9751,9751,9751,9751,9751,9751,9751,9751,9178,9178,9178,9178,7401,7401,7401,7401,7401,7250,7250,7250,7250,7250
50449,50449,43187,43187,41934,41934,41934,38797,33512,33512,31668,31668,31668,28732,28732,28732,28732,26276,26276,26276,26276,26276,22994,22994,22994,22994,22694,22694,21718,21718,21718,19419,19419,19419,19419,17505,14588,14588,14588,14588,14588,12088,12088,12088,12088,12088,12088,12088,12088,12088,12088,12088,12088,12088,12088,12088,12088,12088,11974,11974,11601,11601,11601,11601,11601,11601,11601,11601,11601,11601,11496,11496,10192,10192,10192,10192,10192,10192,10192,10192,10192,10192,9072,9072,9072,9072,9072,9072,9072,9072,9072,7917,7917,7835,7835,7835,7526,7526,7526,7526
49830,49198,45464,41543,30855,30855,30855,30855,29793,29793,29793,29793,28737,28737,28737,28737,28737,28737,28737,27026,27026,25182,25182,21305,21305,21305,21305,21305,21219,21219,20867,20867,20867,20867,19270,19270,19270,19270,18465,18465,18465,17567,17567,17567,16462,16462,16462,15668,11631,11631,11631,11631,11631,11631,11631,11631,11631,11631,11631,11631,11631,11631,11631,11631,9116,9116,9116,9116,9116,9116,9116,9116,9116,9116,9116,9116,9116,9116,9116,9116,9116,9116,9116,8705,8651,8651,8545,8545,8545,7226,7226,7226,5366,5366,5366,5366,5366,5366,5366,5366
49150,47671,44724,42050,23723,23723,23723,23723,23723,23723,23723,23723,23354,23354,23354,23354,23354,23354,23354,17931,17931,17931,17931,17931,17931,16821,16821,16821,16821,16821,16821,16821,16821,16821,16821,16821,16821,16154,16154,16154,16154,16154,16154,16154,16154,14670,14670,14664,14664,14235,14184,14184,14184,10810,10810,10810,10810,10810,9547,9547,9547,9547,9547,9547,9547,9422,9422,9422,9422,9422,8729,8729,8729,8729,8729,8729,8729,8729,8729,8729,8123,8123,7960,7936,7936,7300,6478,6478,6478,6478,6478,6478,6478,6478,6478,6478,6478,5927,5927,5927
48928,48928,47815,41671,37510,37510,29572,29572,29572,28678,28678,28678,28495,28294,28294,28294,28294,28294,28255,27391,25098,25098,25098,25098,25098,23493,23493,23175,18730,18730,18730,18730,18730,18730,18730,18730,18730,18730,18585,16733,15171,15171,15171,13819,13819,13819,13819,13819,13819,11802,11802,11802,11802,11802,11802,11802,11802,11802,11802,11802,11802,11802,11802,11802,11802,11802,11802,11802,11802,11802,11802,11802,11802,11802,11709,11136,8722,8722,8722,8722,8722,8722,8722,8722,8722,8722,8722,8722,8722,8722,8303,7566,7566,7566,7566,7132,7132,7132,7132,7132
49517,43006,43006,43006,43006,38966,38966,35611,35611,34362,30136,30136,28112,28112,27923,27923,26113,26113,24444,24444,20860,20860,20860,20860,20860,20860,20860,20677,16594,16594,16594,16594,12854,12854,12854,12854,12854,12854,12854,12854,12854,12854,12854,12854,12854,12854,12854,12854,12854,12854,12493,12493,12493,12493,12493,12493,12058,12058,12058,12058,12058,12058,12058,12058,12058,12058,10570,10570,10140,10140,10140,9673,9673,9673,9673,9673,9673,9673,9673,9673,9066,8612,8612,8612,8612,8612,8612,8612,8612,8612,8612,8612,8561,8561,8497,6098,6098,6098,6098,6098
55615,55615,47910,44483,39816,36079,36079,34829,34829,34829,34829,34829,31147,31147,31147,29303,27777,24260,24260,24183,24183,24183,24183,24183,24183,24183,24183,24183,22762,22726,21667,21667,21427,21427,21427,20056,20056,19405,19405,19405,19405,19405,19405,17324,17324,17324,17324,16359,16359,16359,16359,16359,16352,16352,15725,15725,15724,15724,14272,14272,14272,12950,12950,12284,12284,11020,11020,11020,11020,11020,11020,11020,11020,11020,11020,11020,9982,9982,9982,9982,8001,8001,8001,8001,8001,8001,8001,7526,7526,7526,7526,7526,7515,7515,7515,7515,7515,7515,7515,7515
48203,48203,48203,45186,45186,36432,36432,36432,36432,36432,35130,28007,28007,28007,28007,27605,27605,27605,27605,26369,26369,26369,26369,23365,18835,18835,18835,18835,18835,18835,18835,18835,18645,15061,15061,15061,15061,12047,12047,12047,11982,11982,11982,11982,11982,11982,11982,11982,11982,11982,11982,11982,11982,11982,11982,11982,11982,11982,11982,11982,11982,11351,11294,11294,11294,11294,11294,11294,11294,11294,11294,11294,11040,11040,11040,10300,10300,10300,10114,10114,10114,10114,10114,9664,9664,9664,8756,7753,7753,7753,7753,7753,7753,7753,7753,7753,7753,7753,7753,7753
56999,49768,48488,42471,30420,30420,30420,30420,30420,30420,30420,29166,29166,23806,23806,23806,23806,23806,23806,20107,19199,19199,19199,19199,19199,19199,15465,15465,15465,15465,15465,15221,15221,15221,15221,14363,14363,14363,14363,14363,14363,14363,14363,14363,14363,14363,14363,14363,8805,8805,8805,8805,8805,8805,8805,8805,8805,8805,8805,8805,8805,8805,8805,8805,8805,8805,8805,8805,8805,8805,8805,8805,8805,8805,8805,8805,8805,8805,8805,8805,8805,8805,8805,8805,8805,8805,8731,8731,8731,8731,8731,8731,8731,8731,8731,7619,7619,7619,7619,7619
47894,47348,43795,40094,40094,40094,40094,40094,36737,32017,32017,27018,27018,27018,27018,24743,24743,24743,24743,24666,24666,24666,24666,24666,23792,22246,21474,21474,21474,21474,20366,20366,20366,19217,19217,17038,17038,17038,17038,17038,16182,16182,16182,16182,16182,16182,16182,15274,15274,15274,15274,15274,15274,14955,14709,14709,11442,11442,11442,11442,11442,11442,11442,11442,11442,11442,11442,11442,11442,11442,11442,11442,11442,10321,8404,7856,7856,7856,7856,7856,7856,7856,7856,7856,7856,7856,7856,7856,7856,7130,7130,7130,7130,7130,7130,7130,7130,7130,7130,7130
48769,47951,47951,40895,40895,40895,35607,35607,31288,31288,26920,26920,26920,26920,25751,22995,22995,22995,22995,22995,22995,22995,22995,22995,22995,22995,22995,20925,20925,20886,20886,20886,20886,20653,17389,17389,17389,17282,17282,17282,17282,17103,16046,16046,16046,15546,15546,15546,15546,15546,15546,13481,13481,13481,13481,12419,12419,12419,12419,12419,12419,12419,12419,10615,10615,10615,9123,9123,9123,9123,9123,9123,9123,9123,9123,9123,9123,9123,8838,8245,8245,5446,5446,5446,5446,5446,5446,5446,5446,5446,5446,5260,5260,5260,5260,5260,5260,5260,5260,5260
50263,37584,37584,37584,37584,36723,36723,31565,30152,30152,28587,28587,28587,26174,26174,26174,25972,25972,25972,20839,20839,20839,19631,19631,19631,19631,19631,19440,19440,19440,17680,17680,17680,17680,17680,13242,13242,13242,13242,13242,13242,13242,13242,13242,13242,13242,13242,13242,13242,13242,11382,10732,10732,10732,10732,10732,10732,10732,10732,10732,10732,10732,10168,10168,10168,10168,10168,10168,10168,10168,10168,10168,10168,10168,10168,10020,8880,8880,8880,8880,8880,8880,8880,8880,8880,8880,8880,8880,8880,8880,8880,8880,7313,7313,7313,7313,7313,7313,7313,7036
55200,54745,50601,35677,35677,35677,35677,34812,34812,34812,32352,32139,32139,32139,32139,21783,21783,21783,21783,21783,21783,21126,21126,21126,21126,21126,21126,21126,19934,19934,19934,19934,19934,19934,19396,19396,19396,13686,13686,13686,13686,13686,13686,12966,11949,11949,11949,11949,11949,11949,11949,11949,11949,11949,11949,11949,11949,11949,11949,11949,11949,11949,11949,11949,11780,11780,11780,11780,11780,11780,11780,11780,11780,11780,8943,8943,8943,8943,8943,8943,8943,8943,8943,8899,8899,8899,8899,8899,8899,8899,8899,8293,8293,8293,8293,8293,8293,8293,8293,8293
