-4229,-4229,-4657,-5211,-5211,-5211,-5211,-5211,-5728,-5728,-5728,-5728,-5728,-5728,-5728,-5728,-5728,-5728,-5838,-5838,-5861,-5861,-5861,-6154,-6154,-6154,-6154,-6154,-6154,-7087,-7087,-7087,-7087,-7087,-7087,-7087,-7087,-7087,-7087,-7162,-7162,-7306,-7306,-7306,-7306,-7306,-7306,-7306,-7306,-7306,-7306,-7306,-7306,-7306,-7306,-7306,-7306,-7306,-7306,-7306,-7306,-7306,-7306,-7306,-7306,-7545,-7545,-7545,-7545,-7545,-7545,-7545,-7545,-7545,-7545,-7545,-7545,-7545,-7545,-7545,-7545,-7545,-7545,-7545,-7545,-7545,-7545,-7545,-7545,-7545,-7545,-7898,-7898,-7898,-7898,-7898,-7898,-7898,-7898,-7898,-7898,-7898,-7898,-7898,-7898,-7898,-7898,-7898,-7898,-7898,-7898,-7898,-7898,-7898,-7898,-7898,-7898,-7898,-7898,-7898,-7898,-7898,-7898,-7898,-7898,-7898,-7898,-7898,-7898,-7898,-7898,-7898,-8125,-8125,-8125,-8125,-8125,-8125,-8125,-8843,-8843,-8843,-8843,-8843,-8843,-8843,-8843,-8843,-8843,-8843,-8843,-8843,-8843,-8843,-8843,-8843,-8843,-8843,-8843,-8843,-8843,-8843,-8843,-8843,-8843,-8843,-8843,-8843,-8843,-8843,-8843,-8843,-8843,-8843,-8843,-8843,-8843,-8843,-8843,-8843,-8843,-8843,-8843,-8843,-8843,-8843,-8843,-8843,-8843,-8843,-8843,-8843,-8938,-8938,-8938,-8938,-8938,-8938,-8938,-8938
-4138,-4787,-4787,-4787,-4787,-4787,-4787,-4787,-4985,-4985,-4987,-4987,-4987,-4987,-4987,-4987,-5320,-5320,-5320,-5320,-5392,-5529,-5529,-5529,-5529,-5529,-5529,-6114,-6114,-6114,-6175,-6324,-6324,-6713,-6713,-6713,-6713,-6713,-6713,-6713,-6713,-6713,-6713,-6713,-6713,-6713,-6713,-7809,-7809,-7809,-7809,-7809,-7809,-7809,-7809,-7809,-7809,-7809,-7809,-7809,-7809,-7809,-7809,-7809,-7809,-7809,-7809,-7809,-7809,-7809,-7809,-7809,-7809,-7809,-7809,-7809,-7809,-7809,-7809,-7809,-7809,-7809,-7809,-7809,-7809,-7809,-7809,-7809,-7809,-7809,-7809,-7966,-7966,-7966,-7966,-7966,-7966,-7966,-7966,-7966,-7966,-7966,-8143,-8143,-8143,-8143,-8143,-8143,-8143,-8143,-8143,-8143,-8143,-8143,-8143,-8143,-8143,-8143,-8143,-8143,-8143,-8143,-8143,-8161,-8161,-8161,-8161,-8161,-8161,-8161,-8161,-8161,-8161,-8161,-8161,-8161,-8161,-9098,-9098,-9098,-9098,-9098,-9098,-9098,-9098,-9098,-9098,-9098,-9098,-9098,-9098,-9098,-9098,-9098,-9098,-9098,-9098,-9098,-9098,-9098,-9098,-9098,-9098,-9098,-9098,-9098,-9098,-9358,-9358,-9358,-9358,-9358,-9358,-9358,-9358,-9358,-9358,-9358,-9358,-9358,-9358,-9358,-9358,-9358,-9358,-9358,-9358,-9358,-9358,-9358,-9358,-9358,-9358,-9358,-9358,-9358,-9358,-9358,-9358,-9358
-5032,-5032,-5032,-5032,-5032,-5419,-5419,-5419,-5419,-5419,-5419,-5419,-5419,-5419,-5701,-5701,-5701,-5996,-5996,-5996,-5996,-5996,-5996,-6003,-6003,-6003,-6003,-6184,-6184,-6184,-6184,-6184,-6184,-6184,-6184,-6184,-6184,-6184,-6184,-6184,-6184,-6184,-6184,-6184,-6184,-6374,-6374,-6374,-6374,-6374,-6374,-6374,-6710,-6710,-6710,-6710,-6750,-6750,-6750,-6750,-6932,-6932,-6932,-6947,-6947,-6947,-6947,-7034,-7034,-7034,-7034,-7034,-7034,-7034,-7034,-7034,-7034,-7034,-7428,-7428,-7428,-7428,-7428,-7428,-7428,-7812,-7812,-7812,-7812,-7812,-7812,-7812,-7812,-7812,-7812,-7812,-7812,-7812,-7812,-7812,-7812,-7812,-7812,-7812,-7812,-7812,-7812,-7812,-7812,-7812,-7812,-7812,-7812,-7812,-7812,-7812,-7812,-7812,-7812,-7812,-7812,-7812,-7812,-8547,-8547,-8547,-8547,-8547,-8547,-8547,-8547,-8547,-8547,-8547,-8547,-8547,-8547,-8547,-8547,-8547,-8547,-8547,-8547,-8547,-8547,-8547,-8547,-8547,-8547,-8547,-8547,-8547,-8547,-8547,-8547,-8547,-8547,-8547,-8547,-8547,-8547,-8547,-8918,-8918,-8918,-8918,-8918,-8918,-8918,-8918,-8918,-8918,-8918,-8918,-8918,-8918,-8918,-8918,-8918,-8918,-8918,-8918,-8918,-8918,-8918,-8918,-8918,-8918,-8918,-8918,-10296,-10296,-10296,-10296,-10296,-10296,-10296,-10296,-10296,-10296
-4596,-4596,-4596,-4596,-4596,-4596,-4596,-4596,-4596,-4636,-4636,-4957,-5081,-5142,-5142,-5142,-5142,-5142,-5296,-5296,-5581,-5581,-5581,-5581,-5581,-5669,-5669,-5669,-5669,-5669,-5669,-5912,-5912,-5912,-5912,-5941,-5941,-5941,-5941,-5941,-5941,-5941,-5941,-6145,-6145,-6145,-6145,-6191,-6191,-6191,-6191,-6191,-6191,-6191,-6191,-6191,-6191,-6873,-6873,-6873,-6873,-6873,-6873,-6873,-6873,-6873,-6873,-6873,-6873,-6873,-6873,-6873,-6873,-6873,-6873,-7238,-7238,-7238,-7238,-7238,-7238,-7238,-7238,-7238,-7238,-7238,-7648,-7648,-7648,-7648,-7648,-7648,-7648,-7648,-7648,-7648,-7648,-7648,-7648,-7648,-7648,-7648,-7648,-7648,-7648,-7648,-7648,-7648,-7648,-7648,-7648,-7648,-7648,-7648,-7648,-7648,-7798,-7798,-7798,-7798,-7798,-7798,-7798,-7798,-7798,-7798,-7798,-7798,-7798,-7798,-7798,-7798,-7798,-7798,-7798,-7798,-7998,-7998,-7998,-7998,-7998,-7998,-7998,-7998,-7998,-7998,-7998,-7998,-7998,-7998,-7998,-7998,-7998,-7998,-7998,-7998,-7998,-7998,-7998,-7998,-7998,-7998,-7998,-7998,-7998,-7998,-7998,-7998,-7998,-7998,-7998,-7998,-7998,-7998,-7998,-8055,-8055,-8055,-8055,-8055,-8055,-8055,-8058,-8058,-8058,-8058,-8058,-8825,-8825,-8825,-8825,-9711,-9711,-9711,-9711,-9711,-9711,-9711,-9711,-9711
-3789,-4051,-4368,-4368,-5207,-5207,-5207,-5207,-5207,-5207,-5207,-5207,-5207,-5207,-5207,-5207,-5207,-5207,-5207,-5207,-5207,-5334,-5334,-5334,-5334,-5943,-5943,-5943,-5943,-5943,-5943,-6511,-6511,-6511,-6511,-6511,-6511,-6511,-6511,-6511,-6511,-6511,-6511,-6511,-6511,-6511,-6511,-6511,-6511,-6511,-6511,-6535,-6535,-6535,-6535,-6535,-6535,-6535,-6535,-7828,-7836,-7836,-7836,-8269,-8269,-8269,-8269,-8269,-8269,-8269,-8269,-8269,-8269,-8269,-8269,-8269,-8269,-8269,-8269,-8269,-8269,-8269,-8269,-8269,-8269,-8269,-8269,-8269,-8269,-8269,-8269,-8269,-8269,-8269,-8269,-8269,-8269,-8269,-8269,-8269,-8269,-8269,-8269,-8269,-8269,-8269,-8269,-8269,-8269,-8269,-8269,-8269,-8288,-8288,-8288,-8288,-8288,-8288,-8288,-8288,-8288,-8288,-8288,-8288,-8288,-8288,-8288,-8288,-8288,-8288,-8288,-8288,-8288,-8288,-8288,-8288,-8288,-8288,-8288,-8298,-8298,-8298,-8298,-8298,-8298,-8298,-8298,-8298,-8298,-8298,-8298,-8298,-8298,-8298,-8298,-8298,-8298,-8298,-8464,-8464,-8464,-8464,-8464,-8464,-8464,-8464,-8464,-8464,-8464,-8464,-8464,-8464,-8464,-8464,-8464,-8464,-8464,-8464,-8464,-8464,-8464,-8464,-8464,-8464,-8464,-8464,-8464,-8464,-8464,-8464,-8464,-8464,-8464,-8464,-8464,-8464,-8464,-8464,-8464,-8464
-5206,-5206,-5206,-5270,-5270,-5270,-5270,-5270,-5270,-5270,-5270,-5270,-6117,-6117,-6117,-6117,-6117,-6117,-6117,-6117,-6496,-6496,-6496,-6496,-6496,-6496,-6496,-6496,-6496,-6496,-6496,-6496,-6496,-6496,-6496,-6496,-6496,-6496,-6496,-6496,-6496,-6591,-6591,-6873,-7501,-7501,-7501,-7501,-7501,-7501,-7501,-7501,-7501,-7501,-7501,-7501,-7501,-7501,-7501,-7501,-7501,-7501,-7501,-7501,-7501,-7501,-7501,-7501,-7501,-7501,-7501,-7501,-7501,-7501,-7501,-7501,-7501,-7501,-7501,-7501,-7501,-7501,-7501,-7501,-7501,-7501,-7501,-7501,-7501,-7501,-7501,-7501,-7501,-7501,-7501,-7817,-7817,-7817,-7817,-7817,-7817,-7817,-8540,-8540,-8540,-8540,-8540,-8540,-8540,-8540,-8540,-8540,-8540,-8540,-8540,-8540,-8540,-8540,-8540,-8540,-8540,-8540,-8540,-8540,-8540,-8540,-8540,-8540,-8540,-8691,-8691,-8691,-8691,-8691,-8691,-8691,-8691,-8691,-8691,-8691,-8691,-8691,-8691,-8691,-8691,-8691,-8691,-8691,-8691,-8691,-8691,-8691,-8691,-8691,-8691,-8691,-8691,-8691,-8691,-8691,-8691,-8691,-8691,-8691,-8691,-8691,-8691,-8691,-8691,-8691,-8691,-8691,-8691,-8691,-8691,-8691,-8691,-8691,-8691,-8691,-8691,-8691,-8691,-8691,-8691,-8691,-8691,-8691,-8691,-8691,-8691,-8691,-8691,-8691,-8691,-8691,-8691,-8691,-8691,-8691
-5049,-5434,-5434,-5634,-5634,-5634,-5634,-5634,-5634,-5634,-5634,-6385,-6385,-6385,-6385,-6622,-6622,-6622,-6622,-6622,-6622,-6622,-6622,-6622,-6622,-6622,-6622,-6622,-6622,-6622,-6622,-6622,-7572,-7572,-7572,-7572,-7572,-7572,-7572,-7572,-7572,-7572,-7572,-7572,-7572,-7572,-7572,-7572,-7572,-7572,-7572,-7656,-7656,-7656,-7656,-7656,-7656,-7656,-7656,-7656,-7656,-7656,-7656,-7656,-7656,-7656,-7656,-7656,-7656,-7656,-7656,-7656,-7656,-7656,-7656,-7656,-7656,-7656,-7656,-7656,-7656,-7656,-7656,-7656,-7656,-7656,-7945,-7945,-7945,-7945,-7945,-7945,-7945,-7945,-7945,-7945,-7945,-7945,-7945,-8754,-9044,-9044,-9044,-9044,-9044,-9044,-9044,-9044,-9044,-9044,-9044,-9044,-9044,-9044,-9044,-9044,-9044,-9044,-9044,-9044,-9044,-9044,-9044,-9044,-9044,-9044,-9044,-9044,-9044,-9044,-9044,-9044,-9044,-9044,-9044,-9044,-9044,-9044,-9044,-9044,-9044,-9044,-9044,-9044,-9044,-9044,-9044,-9044,-9044,-9044,-9044,-9044,-9044,-9044,-9044,-9044,-9044,-9044,-9044,-9044,-9044,-9044,-9044,-9044,-9044,-9044,-9044,-9044,-9044,-9046,-9046,-9046,-9046,-9046,-9046,-9046,-9046,-9046,-9046,-9046,-9046,-9046,-9046,-9046,-9046,-9046,-9046,-9046,-9046,-9046,-9046,-9046,-9046,-9046,-9046,-9046,-9046,-9046,-9046,-9046
-4918,-4918,-4918,-4918,-4918,-4918,-4932,-5327,-5327,-5723,-5723,-5723,-5723,-5723,-5723,-5723,-5723,-5723,-5723,-5927,-5927,-5927,-5927,-5927,-6885,-6885,-6885,-6885,-6885,-6885,-6885,-6885,-6885,-6885,-6885,-6885,-6885,-6885,-6885,-6885,-6885,-6885,-6885,-6885,-6885,-6885,-6885,-6885,-7137,-7137,-7137,-7137,-7137,-7137,-7137,-7137,-7137,-7137,-7137,-7137,-7206,-7206,-7206,-7206,-7206,-7206,-7206,-7206,-7212,-7212,-7212,-7212,-7212,-7212,-7212,-7212,-7212,-7212,-7212,-7212,-7212,-7212,-7212,-7212,-7212,-7212,-7212,-7212,-7212,-7212,-7212,-7212,-7212,-7212,-7212,-7212,-7212,-7212,-7212,-7212,-7212,-7212,-7212,-7542,-7571,-7571,-7571,-7571,-7571,-7571,-7571,-7571,-7571,-7571,-7571,-7571,-7571,-7571,-7571,-7571,-7571,-7571,-7571,-7571,-7571,-7571,-7571,-7571,-7571,-7571,-7571,-7571,-7571,-7571,-7571,-7571,-7571,-7571,-7571,-7571,-7571,-7571,-7571,-7571,-7571,-7571,-7571,-7571,-7571,-7571,-7571,-8240,-8240,-8240,-8240,-8240,-8240,-8240,-8240,-8240,-8240,-8240,-8240,-8240,-8240,-8240,-8240,-8240,-8240,-8240,-8240,-8240,-8240,-8240,-8240,-8240,-8240,-8240,-8240,-8240,-8240,-8240,-8240,-8240,-8240,-8240,-8240,-8240,-8240,-8240,-8240,-8240,-8240,-8240,-8964,-8964,-8964,-8964,-8964,-8964
-4027,-5738,-5738,-5738,-5738,-6305,-6305,-6305,-6305,-6305,-6305,-6305,-6305,-6305,-6305,-6305,-6305,-6305,-6305,-6371,-6371,-6371,-6371,-6371,-6371,-6570,-6570,-6570,-6570,-6570,-6570,-6570,-6570,-6570,-6570,-6570,-6570,-6570,-6570,-6570,-6570,-6570,-6570,-6570,-6570,-6592,-6637,-6637,-7379,-7379,-7379,-7379,-7379,-7728,-7728,-7728,-7728,-7728,-7728,-7728,-7728,-7728,-7728,-7728,-7728,-7728,-7728,-7728,-7728,-7728,-7728,-7728,-7728,-7728,-7728,-7728,-7728,-7728,-7728,-7728,-7728,-7728,-7728,-7728,-7728,-7728,-7728,-7728,-7728,-7728,-7728,-7728,-7728,-7728,-7728,-7728,-7728,-8098,-8098,-8098,-8098,-8098,-8098,-8098,-8098,-8098,-8098,-8098,-8098,-8098,-8098,-8098,-8098,-8098,-8098,-8098,-8098,-8098,-8098,-8098,-8098,-8098,-8098,-8098,-8098,-8098,-8098,-8098,-8098,-8098,-8269,-8269,-8269,-8269,-8269,-8269,-8269,-8269,-8269,-8269,-8269,-8269,-8269,-8269,-8269,-8269,-8269,-8417,-8417,-8417,-8417,-8417,-8417,-8417,-8417,-8417,-8417,-8417,-8417,-8417,-8417,-8417,-8417,-8417,-8417,-8417,-8417,-8417,-8417,-8417,-8417,-8417,-8417,-8417,-8417,-8417,-8417,-8903,-8903,-8903,-8903,-8903,-8903,-8903,-8903,-8903,-8903,-8903,-8903,-8903,-8903,-8903,-8903,-8903,-8903,-8903,-8903,-8903,-8903,-9162
-3776,-3776,-3785,-3785,-4088,-4088,-4323,-4323,-4323,-5199,-5199,-5199,-5623,-5623,-5623,-5623,-5623,-5623,-5623,-5623,-5623,-5623,-5623,-5623,-5623,-5623,-5623,-5623,-5623,-5623,-5866,-5866,-5866,-5866,-5866,-5866,-5866,-5866,-6011,-6011,-6011,-6011,-6011,-6011,-6011,-6152,-6152,-6152,-6152,-7101,-7101,-7101,-7101,-7101,-7101,-7101,-7101,-7101,-7101,-7101,-7101,-7101,-7101,-7179,-7179,-7179,-7179,-7179,-7179,-7179,-7179,-7179,-7179,-7179,-7179,-7179,-7179,-7179,-7179,-7687,-7687,-7687,-7687,-7687,-7687,-7687,-7687,-7687,-7687,-7687,-7687,-7687,-7687,-7687,-7687,-7687,-7687,-7687,-7687,-7687,-7687,-7687,-7751,-7751,-7751,-7751,-8529,-8529,-8529,-8529,-8529,-8529,-8529,-8529,-8529,-8529,-8529,-8529,-8529,-8529,-8529,-8529,-8529,-8529,-8529,-8529,-8529,-8529,-8529,-8529,-8529,-8529,-8529,-8529,-8992,-8992,-8992,-8992,-8992,-8992,-8992,-8992,-8992,-8992,-8992,-8992,-8992,-8992,-8992,-8992,-8992,-8992,-8992,-8992,-8992,-8992,-8992,-8992,-8992,-8992,-8992,-8992,-8992,-8992,-8992,-8992,-8992,-8992,-8992,-8992,-8992,-8992,-9242,-9242,-9242,-9242,-9242,-9242,-9242,-9242,-9242,-9242,-9242,-9242,-9242,-9242,-9242,-9242,-9242,-9242,-9242,-9242,-9242,-9242,-9242,-9242,-9242,-9242,-9242,-9242
-6123,-6123,-6123,-6123,-6123,-6123,-6123,-6123,-6123,-6123,-6123,-6123,-6123,-6123,-6123,-6123,-6123,-6563,-6563,-6620,-6620,-6620,-6620,-6620,-6620,-6620,-6620,-6620,-6620,-6620,-6620,-6620,-6620,-6620,-6620,-6620,-6620,-6620,-6620,-6620,-6815,-6815,-6815,-6815,-6815,-7101,-7101,-7101,-7101,-7101,-7101,-7101,-7101,-7101,-7101,-7101,-7101,-7101,-7358,-7358,-7358,-7358,-7358,-7358,-7358,-7358,-7358,-7358,-7358,-7358,-7358,-7358,-7358,-7358,-7358,-7358,-7358,-7358,-7358,-7358,-7358,-7358,-7358,-7358,-7358,-7358,-7358,-7358,-7358,-7358,-7358,-7358,-7480,-7480,-7480,-7597,-7597,-8061,-8061,-8061,-8061,-8061,-8061,-8061,-8061,-8061,-8061,-8061,-8061,-8061,-8061,-8061,-8061,-8061,-8061,-8061,-8761,-8761,-8761,-8761,-8761,-8761,-8761,-8761,-8761,-8761,-8761,-8761,-8761,-8761,-8761,-8761,-8761,-8761,-8761,-8761,-9104,-9104,-9104,-9104,-9197,-9197,-9197,-9197,-9197,-9197,-9197,-9197,-9197,-9197,-9197,-9197,-9197,-9197,-9197,-9197,-9197,-9197,-9197,-9197,-9197,-9197,-9197,-9197,-9197,-9197,-9197,-9197,-9197,-9197,-9197,-9197,-9197,-9197,-9197,-9197,-9197,-9197,-9197,-9197,-9197,-9197,-9197,-9197,-9197,-9197,-9197,-9197,-9197,-9197,-9197,-9197,-9197,-9197,-9197,-9197,-9197,-9197,-9197,-9197
-6047,-6047,-6047,-6047,-6047,-6047,-6047,-6047,-6047,-6047,-6047,-6047,-6047,-6091,-6091,-6091,-6314,-6314,-6314,-6314,-6314,-6314,-6314,-6314,-6314,-6314,-6314,-6314,-6314,-6314,-6314,-6651,-6651,-6651,-6651,-6651,-6651,-6651,-6651,-6822,-6822,-6822,-6822,-6822,-6822,-6822,-6822,-6822,-6822,-6822,-6822,-7292,-7292,-7292,-7292,-7292,-7292,-7933,-7933,-7933,-7933,-7933,-7933,-7933,-7933,-7933,-7933,-7933,-7933,-7933,-7933,-7933,-8519,-8519,-8519,-8519,-8519,-8519,-8519,-8519,-9040,-9040,-9040,-9040,-9040,-9040,-9040,-9040,-9040,-9040,-9040,-9040,-9040,-9040,-9040,-9040,-9040,-9040,-9040,-9040,-9040,-9040,-9040,-9213,-9213,-9213,-9213,-9329,-9329,-9329,-9329,-9329,-9329,-9329,-9329,-9329,-9329,-9329,-9329,-9329,-9329,-9329,-9329,-9329,-9329,-9329,-9329,-9329,-9329,-9329,-9329,-9329,-9329,-9329,-9329,-9329,-9329,-9329,-9329,-9329,-9329,-9329,-9329,-9329,-9329,-9329,-9329,-9329,-9329,-9329,-9329,-9329,-9329,-9329,-9329,-9329,-9329,-9329,-9329,-9329,-9329,-9329,-9329,-9329,-9329,-9329,-9329,-9329,-9329,-9329,-9329,-9329,-9329,-9329,-9329,-9329,-9329,-9329,-9329,-9329,-9329,-9329,-9474,-9474,-9474,-9474,-9474,-9495,-9495,-9495,-9495,-9495,-9495,-9495,-9495,-9495,-9495,-9495,-9495,-9495
-4019,-4419,-4419,-4426,-4576,-5379,-5379,-5379,-5379,-5379,-5379,-7040,-7040,-7040,-7040,-7426,-7426,-7426,-7426,-7426,-7426,-7426,-7426,-7426,-7426,-7426,-7426,-7426,-7426,-7426,-7426,-7426,-7426,-7426,-7426,-7426,-7426,-7426,-7426,-7426,-7426,-7426,-7426,-7426,-7426,-7426,-7426,-7426,-7426,-7426,-7426,-7426,-7842,-7842,-7842,-7842,-7842,-7842,-7842,-7842,-7842,-7842,-7842,-7842,-7842,-7842,-7842,-7842,-7842,-7842,-7842,-7842,-7842,-7842,-7842,-7842,-7842,-7842,-7842,-7842,-7842,-7842,-7842,-7842,-7842,-7842,-7842,-7842,-7842,-7842,-7842,-7842,-7842,-7842,-7842,-7842,-7842,-7842,-7842,-7842,-7842,-7842,-7842,-7842,-7842,-7842,-7842,-7842,-7842,-7842,-7842,-7842,-7842,-7842,-7842,-7842,-7842,-7842,-7842,-7993,-7993,-7993,-7993,-7993,-7993,-7993,-7993,-8433,-8433,-8433,-8433,-8433,-8433,-8433,-8433,-8433,-8433,-8433,-8433,-8433,-8433,-8433,-8433,-8433,-8433,-8433,-8433,-8433,-8433,-8433,-8433,-8433,-8433,-8433,-8433,-8433,-8433,-8433,-8433,-8433,-8433,-8433,-8433,-8433,-8433,-8433,-8433,-8433,-8716,-8716,-8716,-8716,-8716,-8716,-8716,-8716,-8716,-8716,-8716,-8716,-8716,-8716,-8716,-8716,-8716,-8716,-8716,-8976,-8976,-8976,-8976,-8976,-8976,-8976,-8976,-8976,-8976,-9239,-9239,-9239
-5600,-5600,-5600,-5909,-5909,-5909,-5909,-5909,-5909,-5909,-5909,-5957,-5957,-5957,-5957,-5957,-5957,-5957,-5957,-5957,-5957,-5957,-5957,-5957,-5957,-5957,-5957,-5957,-6444,-6444,-6444,-6444,-6444,-6805,-6805,-6805,-6805,-6805,-6805,-6805,-6805,-6805,-6805,-6805,-6805,-6805,-6805,-6805,-6805,-6805,-6805,-6805,-6805,-6805,-6934,-6934,-6934,-6934,-6934,-6934,-6934,-6934,-6934,-6934,-7100,-7100,-7100,-7199,-7199,-7199,-7199,-7199,-7199,-7199,-7845,-7845,-7845,-7845,-7845,-8337,-8337,-8337,-8337,-8337,-8337,-8337,-8337,-8337,-8337,-8337,-8337,-8337,-8337,-8337,-8337,-8337,-8337,-8337,-8337,-8337,-8337,-8337,-8337,-8427,-8427,-8427,-8427,-8427,-8427,-8427,-8427,-8427,-8427,-9062,-9062,-9062,-9062,-9062,-9062,-9062,-9062,-9062,-9062,-9062,-9062,-9062,-9062,-9062,-9062,-9062,-9062,-9062,-9062,-9062,-9062,-9062,-9062,-9062,-9062,-9062,-9062,-9062,-9424,-9424,-9424,-9424,-9424,-9424,-9424,-9424,-9424,-9424,-9424,-9424,-9424,-9424,-9424,-9424,-9424,-9424,-9424,-9424,-9424,-9424,-9424,-9424,-9424,-9424,-9424,-9424,-9424,-9424,-9424,-9424,-9424,-9424,-9424,-9424,-9424,-9424,-9424,-9424,-9424,-9424,-9424,-9424,-9424,-9424,-9424,-9424,-9424,-9424,-9424,-9424,-9424,-9424,-9424,-9424,-9424,-9424
-3854,-3854,-5460,-5460,-5460,-5460,-5460,-5460,-5460,-5798,-5798,-5798,-5798,-5798,-5798,-5798,-5798,-5798,-5798,-5798,-5798,-5798,-5798,-5833,-5833,-5833,-5833,-5833,-5833,-5833,-5833,-5833,-5833,-7186,-7186,-7186,-7186,-7186,-7186,-7186,-7186,-7186,-7186,-7186,-7186,-7568,-7568,-7568,-7568,-7568,-7568,-7568,-7568,-7568,-7568,-7568,-7568,-7568,-7568,-7568,-7568,-7568,-7568,-7568,-7568,-7568,-7568,-7568,-7568,-7568,-7568,-7568,-7568,-7568,-7568,-7568,-7568,-7568,-7568,-7568,-7568,-7568,-7568,-7568,-7568,-7568,-7568,-7568,-7568,-7568,-7568,-7568,-7568,-7568,-7568,-7568,-7643,-7643,-7643,-7643,-7643,-7643,-7643,-7643,-7643,-7643,-7643,-7643,-7643,-7643,-7643,-7643,-7643,-7643,-7741,-7741,-7741,-7741,-7872,-7872,-7872,-7872,-7872,-7872,-7872,-7872,-7915,-7915,-7915,-7915,-7915,-7915,-7915,-7915,-7915,-7915,-7915,-7915,-7915,-7915,-7915,-7915,-7915,-7915,-7915,-7915,-7915,-7915,-7915,-7915,-7915,-7915,-7915,-7915,-7915,-7915,-7915,-7915,-7915,-7915,-7915,-7915,-7915,-7915,-7915,-7915,-7915,-7915,-7915,-7915,-7915,-7915,-7915,-7915,-7915,-7915,-7915,-7915,-7915,-7915,-7915,-7915,-7915,-7915,-7915,-7915,-7915,-7915,-7915,-8020,-8020,-8020,-8020,-8020,-8020,-8020,-8020,-8020,-8020,-8020
-4576,-4576,-4576,-4576,-4576,-5120,-5120,-5120,-5120,-5120,-5120,-5120,-5120,-5355,-5355,-5355,-6405,-6405,-6405,-6405,-6405,-6405,-6405,-6405,-6405,-6405,-6405,-6405,-6405,-6405,-6405,-6405,-6405,-6405,-6405,-6405,-6405,-6405,-6405,-6405,-6405,-6405,-6405,-6445,-7586,-7586,-7586,-7586,-7586,-7586,-7586,-7586,-7586,-7586,-7586,-7586,-7586,-7586,-7586,-7586,-7586,-7586,-7586,-7586,-7586,-7586,-7586,-7700,-7717,-7717,-7717,-7717,-7717,-7717,-7717,-7717,-7717,-7717,-7717,-7717,-7717,-7717,-7717,-7717,-7717,-7717,-7717,-7717,-7717,-7717,-7717,-7717,-7795,-7795,-7795,-7795,-7795,-7795,-7795,-7795,-7795,-7795,-7795,-7795,-7795,-7795,-7795,-7795,-7795,-7795,-7795,-7795,-7795,-7795,-7795,-7795,-7795,-7795,-7795,-7795,-7795,-7795,-7795,-7795,-7795,-7795,-7795,-7795,-7795,-7795,-7795,-7795,-8032,-8032,-8032,-8032,-8032,-8032,-8032,-8032,-8032,-8032,-8032,-8032,-8032,-8032,-8032,-8032,-8032,-8032,-8032,-8032,-8535,-8535,-8535,-8535,-8535,-8535,-8535,-8535,-8535,-8535,-8554,-8554,-8554,-8554,-8554,-8554,-8554,-8554,-8554,-8554,-8554,-8554,-8554,-8554,-8554,-8554,-8554,-8554,-8554,-8554,-8554,-8554,-8554,-8554,-8554,-8554,-8554,-8554,-8554,-8554,-8554,-8554,-8554,-8554,-8554,-8554,-8554,-8554
-3983,-4591,-4591,-5477,-5477,-5477,-5477,-5477,-5477,-5477,-5477,-5477,-5477,-5477,-5477,-5619,-5619,-6040,-6040,-6040,-6040,-6040,-6040,-6189,-7350,-7350,-7350,-7350,-7350,-7350,-7350,-7350,-7350,-7350,-7417,-7417,-7417,-7417,-7417,-7417,-7417,-7417,-7417,-7417,-7417,-7417,-7483,-7483,-7483,-7483,-7483,-7483,-7483,-7483,-7483,-7483,-7483,-7578,-7578,-7578,-7578,-7578,-7578,-7602,-7602,-7602,-7602,-8026,-8026,-8026,-8026,-8026,-8026,-8026,-8026,-8026,-8026,-8026,-8026,-8026,-8026,-8026,-8026,-8026,-8026,-8026,-8026,-8026,-8026,-8092,-8092,-8092,-8092,-8092,-8092,-8092,-8092,-8092,-8092,-8092,-8092,-8092,-8092,-8092,-8092,-8092,-8092,-8092,-8092,-8092,-8092,-8092,-8092,-8092,-8092,-8092,-8092,-8092,-8092,-8092,-8092,-8092,-8675,-8675,-8675,-8675,-8675,-8675,-8675,-8675,-8675,-8675,-8675,-8675,-8675,-8675,-8675,-8675,-8675,-8675,-8675,-8675,-8675,-8675,-8675,-8675,-8675,-8675,-8675,-8675,-8675,-8675,-8675,-8675,-8675,-8675,-8675,-8675,-8675,-8675,-8675,-8675,-8675,-8675,-8675,-8675,-8675,-8675,-8675,-8675,-8675,-8675,-8675,-8675,-8675,-8675,-8675,-8675,-8675,-8675,-8675,-8675,-8675,-8675,-8675,-8675,-8675,-8912,-8912,-8912,-8912,-8912,-8912,-8912,-8912,-8912,-8912,-8912,-8912,-8912
-4505,-4505,-4505,-4944,-4944,-5345,-5345,-5496,-5496,-5496,-5496,-6178,-6178,-6178,-6178,-6178,-6178,-6178,-6178,-6178,-6178,-6178,-6178,-6178,-6178,-6178,-6178,-6911,-6911,-6911,-6911,-6911,-6911,-6911,-6911,-6911,-6911,-6911,-6911,-6911,-7312,-7312,-7312,-7312,-7312,-7312,-7312,-7312,-7312,-7312,-7312,-7312,-7312,-7312,-7312,-7312,-7312,-7312,-7312,-7312,-7312,-7312,-7312,-7312,-7312,-7312,-7312,-7312,-7312,-7312,-7312,-7312,-7312,-7312,-7312,-7312,-7312,-7312,-7312,-7312,-7312,-7399,-7399,-7399,-7399,-7399,-7399,-7399,-7399,-7399,-7399,-7399,-7399,-7399,-7399,-7399,-7399,-7399,-7399,-7399,-7399,-7451,-7601,-7601,-7601,-7601,-7601,-7601,-7876,-7876,-7876,-7876,-7876,-7876,-7876,-7876,-7876,-7876,-7876,-7876,-7876,-7876,-7876,-7876,-7876,-7876,-7876,-7876,-7876,-7876,-7876,-7876,-7876,-7933,-7933,-7933,-7933,-8217,-8217,-8217,-8217,-8217,-8217,-8217,-8217,-8217,-8217,-8217,-8217,-8217,-8217,-8307,-8307,-8307,-8307,-8307,-8307,-8307,-8307,-8307,-8307,-8429,-8429,-8429,-8429,-8429,-8429,-8429,-8429,-8429,-8429,-8429,-8429,-8429,-8429,-8429,-8429,-8429,-8429,-8429,-8429,-8429,-8429,-8429,-8429,-8429,-8429,-8429,-8429,-8429,-8429,-8429,-8429,-8429,-8429,-8429,-8429,-8429,-8529,-8529
-4647,-4647,-4647,-4647,-4647,-4647,-4647,-4647,-4647,-4785,-4887,-5430,-5430,-5430,-5430,-5716,-5716,-5716,-5716,-5716,-5865,-5865,-5899,-5899,-5899,-6310,-6310,-6310,-6310,-6310,-6310,-6487,-6487,-7086,-7086,-7086,-7086,-7086,-7086,-7086,-7086,-7086,-7086,-7086,-7086,-7086,-7086,-7086,-7086,-7086,-7086,-7086,-7086,-7086,-7086,-7607,-7607,-7607,-7607,-7607,-7607,-7607,-7607,-7607,-7607,-7607,-7607,-7607,-7607,-7607,-7607,-7607,-7607,-7607,-7607,-7607,-7607,-7607,-7607,-7607,-7607,-7607,-7607,-7607,-7607,-7607,-7607,-7607,-7607,-7607,-7607,-7607,-7607,-7607,-7607,-7607,-7607,-7607,-7607,-7607,-7607,-7607,-7751,-7751,-7751,-7751,-7751,-7751,-7751,-7751,-7751,-7751,-8220,-8220,-8220,-8220,-8220,-8220,-8220,-8220,-8220,-8220,-8220,-8220,-8220,-8220,-8220,-8290,-8456,-8456,-8456,-8456,-8456,-8456,-8456,-8500,-8500,-8500,-8500,-8500,-8500,-8500,-8500,-8500,-8500,-8500,-8500,-8500,-8500,-8500,-8500,-8500,-8836,-8836,-8836,-8836,-8836,-8836,-8836,-8836,-8836,-8836,-8836,-8836,-8836,-8836,-8836,-8836,-8836,-8836,-8836,-8836,-8836,-8836,-8836,-8836,-8836,-8836,-8836,-8836,-8836,-8836,-8836,-8836,-8836,-8836,-8836,-9216,-9216,-9216,-9216,-9216,-9216,-9216,-9216,-9275,-9275,-9275,-9275,-9275
-4239,-4811,-4811,-6055,-6055,-6055,-6055,-6055,-6055,-6055,-6055,-6055,-6175,-6175,-6314,-6314,-6314,-6314,-6314,-6314,-6314,-6314,-6314,-6314,-6314,-6314,-6314,-6314,-6314,-6314,-6314,-6314,-6314,-6433,-6433,-6433,-6433,-6433,-6433,-6433,-6433,-6433,-6433,-6433,-6433,-6433,-6433,-6433,-6433,-6433,-6433,-6433,-6433,-6433,-6433,-6433,-6433,-6433,-6433,-6433,-6433,-6433,-6433,-6643,-6643,-6643,-6643,-6643,-6643,-6643,-6643,-6643,-6643,-6643,-6643,-6643,-6840,-6840,-6925,-6925,-6925,-6925,-6925,-6925,-6925,-6925,-6925,-6925,-6925,-6925,-6925,-6925,-6925,-7322,-7322,-7322,-7322,-7322,-7322,-8347,-8347,-8347,-8494,-8494,-8494,-8494,-8494,-8494,-8494,-8494,-8494,-8494,-8494,-8494,-8494,-8494,-8494,-8494,-8494,-8494,-8494,-8494,-8494,-8494,-8494,-8494,-8494,-8494,-8494,-8494,-8494,-8494,-8494,-8494,-8494,-8494,-8494,-8494,-8494,-8494,-8494,-8494,-8494,-8494,-8494,-8494,-8494,-8494,-8494,-8494,-8494,-8494,-8494,-8494,-8494,-8494,-8494,-8494,-8494,-8494,-8494,-8494,-8494,-8494,-8494,-8494,-8494,-8494,-8494,-8494,-8494,-8494,-8494,-8494,-8494,-8494,-8494,-8494,-8494,-8494,-8494,-8494,-8494,-8494,-8494,-8494,-8494,-8494,-8706,-8706,-8706,-8706,-8706,-8706,-8706,-8706,-8706,-8706,-8731,-8731
-4591,-4591,-4591,-4591,-4591,-4877,-5783,-6482,-7222,-7249,-7249,-7249,-7249,-7249,-7249,-7249,-7249,-7410,-7410,-7410,-7410,-7410,-7410,-7410,-7410,-7410,-7410,-7410,-7410,-7410,-7410,-7410,-7410,-7410,-7540,-7540,-7540,-7540,-7540,-7540,-7540,-7540,-7540,-7540,-7773,-7773,-7773,-7773,-7773,-7773,-7773,-7773,-7773,-7773,-7773,-7773,-7773,-7773,-7773,-7773,-7773,-7773,-7773,-7773,-7773,-7773,-7773,-7969,-7969,-7969,-7969,-7969,-7969,-7969,-7969,-7969,-7969,-7969,-7969,-7969,-7969,-7969,-7969,-7969,-7969,-7969,-7969,-7969,-7969,-7969,-7969,-7969,-7969,-7969,-7969,-7969,-7969,-7969,-7969,-7969,-7969,-7969,-7969,-7969,-7969,-7969,-7969,-7969,-7969,-7969,-7969,-7969,-7969,-7969,-7969,-7969,-7969,-7969,-7969,-7969,-7969,-7969,-7969,-7969,-7969,-7969,-7969,-7969,-8609,-8609,-8609,-8609,-8609,-8609,-8609,-8609,-8609,-8609,-8609,-8609,-8609,-8609,-9095,-9095,-9095,-9095,-9095,-9095,-9095,-9095,-9095,-9095,-9095,-9095,-9095,-9095,-9095,-9095,-9095,-9095,-9095,-9095,-9095,-9095,-9095,-9095,-9095,-9095,-9095,-9095,-9095,-9095,-9095,-9095,-9095,-9095,-9095,-9095,-9095,-9095,-9095,-9095,-9095,-9095,-9095,-9095,-9095,-9095,-9095,-9095,-9095,-9095,-9095,-9095,-9095,-9095,-9095,-9095,-9095,-9095
-4896,-5645,-5645,-5645,-5645,-5645,-5645,-5645,-5906,-5906,-6472,-6472,-6472,-6472,-6472,-6472,-6472,-6472,-6472,-6472,-6472,-6472,-6472,-6472,-6472,-6472,-6472,-6472,-6472,-6472,-6472,-6472,-6472,-6485,-6485,-6485,-6597,-6597,-6597,-6667,-6667,-6667,-6667,-6667,-6881,-6881,-6881,-6881,-6881,-6881,-7677,-7677,-7677,-7677,-7677,-7677,-7677,-7677,-7677,-7677,-7677,-7677,-7677,-7677,-7677,-7677,-7677,-7677,-7677,-7677,-7677,-7677,-7677,-7677,-7677,-7677,-7677,-7677,-7677,-7677,-7677,-7677,-7677,-7677,-7677,-7677,-7677,-7677,-7677,-7677,-7677,-7677,-7677,-7677,-7677,-7677,-7677,-7677,-7677,-7882,-7882,-7882,-7882,-7882,-7882,-7882,-7882,-7947,-7947,-7947,-7947,-7947,-7947,-7947,-7947,-7947,-7947,-7947,-7947,-7947,-7947,-7947,-7947,-8315,-8315,-8315,-8315,-8315,-8315,-8315,-8315,-8315,-8315,-8405,-8405,-8405,-8405,-8405,-8716,-8716,-8716,-8716,-8716,-8716,-8716,-8716,-8716,-8716,-8716,-8716,-8716,-8716,-8716,-8716,-8716,-8716,-8716,-8716,-8716,-8716,-8716,-8716,-8716,-8716,-8716,-8716,-8716,-8716,-8716,-8716,-8716,-8716,-8716,-8716,-8716,-8716,-8716,-8716,-8716,-8716,-8716,-8716,-8716,-8716,-8716,-8716,-8716,-8716,-8716,-8716,-8716,-8716,-8716,-8716,-8716,-8716,-8716,-8716,-8716,-8716
-4913,-4913,-4913,-4913,-4913,-4913,-5367,-5367,-5367,-6116,-6116,-6116,-6116,-6116,-6116,-6116,-6116,-6116,-6116,-6116,-6116,-6116,-6116,-6116,-6381,-6381,-6381,-6381,-6381,-6381,-6381,-6381,-6381,-6381,-6381,-6381,-6381,-6381,-6381,-6381,-6381,-6381,-6381,-6381,-6673,-6673,-6673,-6673,-6673,-6673,-6673,-6673,-7187,-7187,-7187,-7187,-7187,-7187,-7187,-7187,-7187,-7187,-7187,-7187,-7187,-7187,-7187,-7287,-7287,-7287,-7287,-7287,-7287,-7287,-7287,-7287,-7287,-7287,-7287,-7287,-7287,-7287,-7287,-7287,-7287,-7287,-7287,-7287,-7287,-7287,-7287,-7287,-7432,-7432,-7432,-7432,-8224,-8224,-8224,-8224,-8224,-8224,-8224,-8224,-8224,-8224,-8224,-8224,-8224,-8224,-8224,-8224,-8502,-8594,-8594,-8594,-8594,-8594,-8594,-8594,-8594,-8594,-8594,-8594,-8594,-8594,-8594,-8594,-8647,-8647,-8647,-8647,-8647,-9494,-9494,-9494,-9494,-9494,-9494,-9494,-9494,-9494,-9494,-9494,-9494,-9494,-9494,-9494,-9494,-9494,-9494,-9494,-9494,-9494,-9494,-9494,-9494,-9494,-9494,-9494,-9494,-9494,-9494,-9494,-9494,-9494,-9494,-9494,-9494,-9494,-10016,-10016,-10016,-10016,-10016,-10016,-10016,-10016,-10016,-10016,-10016,-10016,-10016,-10016,-10016,-10016,-10016,-10016,-10016,-10016,-10016,-10016,-10016,-10016,-10016,-10016,-10016,-10016,-10016,-10016
-5119,-5747,-5747,-5747,-5747,-5747,-5747,-5815,-5815,-5828,-5828,-5828,-5828,-5828,-6290,-6290,-6290,-6314,-6314,-6314,-6510,-6510,-6510,-6510,-6510,-6510,-6510,-6510,-6510,-6510,-6510,-6510,-6510,-6510,-6510,-6510,-6854,-6854,-6854,-6854,-7311,-7311,-7311,-7311,-7311,-7311,-7336,-7336,-7336,-7336,-7653,-7653,-7653,-7653,-7653,-7653,-7653,-7653,-7653,-7653,-7806,-7806,-7806,-7806,-7806,-7806,-7806,-7806,-7806,-7806,-7806,-7806,-7806,-7806,-7806,-7806,-7806,-7806,-7806,-7806,-7806,-7806,-7806,-7806,-7843,-7843,-7843,-7843,-7843,-7843,-7957,-7957,-7957,-7957,-7957,-7957,-7957,-7957,-7957,-7957,-7957,-7957,-8071,-8071,-8071,-8392,-8392,-8392,-8392,-8392,-8528,-8528,-8528,-9104,-9104,-9104,-9104,-9104,-9104,-9104,-9104,-9104,-9104,-9104,-9104,-9104,-9104,-9104,-9104,-9104,-9104,-9104,-9104,-9104,-9104,-9104,-9104,-9104,-9104,-9104,-9104,-9104,-9104,-9104,-9104,-9104,-9104,-9104,-9104,-9104,-9104,-9104,-9104,-9104,-9104,-9104,-9104,-9104,-9829,-9829,-9829,-9829,-9829,-9829,-9829,-9829,-9829,-9829,-9829,-9829,-9829,-9829,-9829,-9829,-9829,-9829,-9829,-9829,-9829,-9829,-9829,-9829,-9904,-9904,-9904,-9904,-9904,-9904,-9904,-9904,-9904,-9904,-9904,-9904,-9904,-9904,-9904,-9904,-9904,-9904
-4916,-4916,-4916,-5520,-5520,-5520,-5520,-5520,-5520,-5520,-5520,-5520,-5520,-5520,-5520,-5520,-5520,-6069,-6069,-6069,-6069,-6069,-6069,-6069,-6069,-6069,-6294,-6294,-6294,-6294,-6294,-6294,-6380,-6380,-6380,-6434,-6434,-6684,-6684,-6684,-6684,-6684,-6684,-6684,-6684,-6684,-6933,-6933,-6933,-6933,-6933,-6933,-6933,-6933,-7064,-7064,-7064,-7064,-7064,-7064,-7064,-7064,-7064,-7173,-7173,-7173,-7173,-7173,-7173,-7173,-7173,-7173,-7173,-7173,-7173,-7173,-7256,-7256,-7256,-7935,-7935,-7935,-7935,-7935,-7935,-7935,-7935,-7935,-7935,-7935,-7935,-7935,-7935,-7935,-7935,-7935,-7935,-7935,-7935,-8182,-8182,-8182,-8182,-8182,-8182,-8182,-8182,-8182,-8182,-8182,-8182,-8182,-8182,-8182,-8182,-8182,-8182,-8182,-8182,-8182,-8182,-8182,-8182,-8182,-8668,-8668,-8668,-8668,-8668,-8668,-8668,-8668,-8668,-8668,-8839,-8839,-8839,-8839,-8839,-8839,-8839,-8839,-8839,-8839,-8839,-8839,-8839,-8839,-8839,-8839,-8839,-8839,-8839,-8839,-8839,-8839,-8839,-8839,-8839,-8839,-8839,-8839,-8839,-8839,-8839,-8839,-8839,-8839,-8924,-8924,-8924,-8924,-8924,-8924,-8924,-9071,-9071,-9071,-9071,-9071,-9127,-9127,-9127,-9127,-9127,-9127,-9127,-9127,-9127,-9127,-9127,-9127,-9127,-9127,-9127,-9127,-9127,-9127,-9127,-9127
-4096,-4096,-4096,-4899,-5029,-5029,-5130,-5130,-5483,-5483,-5483,-5483,-5591,-5591,-5591,-5591,-5591,-5591,-5591,-5591,-5591,-5844,-5844,-5844,-5844,-6008,-6008,-6008,-6008,-6008,-6008,-6008,-6008,-6008,-6008,-6008,-6008,-6008,-6008,-6008,-6008,-6008,-6008,-6592,-6592,-6592,-6592,-6592,-6592,-6592,-6592,-6592,-6592,-6921,-6921,-6921,-6921,-7360,-7360,-7360,-7360,-7488,-7488,-7488,-7488,-7488,-7488,-7488,-7488,-7488,-7488,-7488,-7488,-7488,-7488,-7488,-7488,-7488,-7488,-7488,-7488,-7488,-7488,-7488,-7488,-7488,-7488,-7488,-7488,-7488,-7488,-7488,-7488,-7488,-7488,-7488,-7488,-7488,-8058,-8058,-8058,-8058,-8058,-8058,-8058,-8058,-8058,-8058,-8058,-8058,-8058,-8058,-8058,-8058,-8058,-8371,-8371,-8371,-8371,-8371,-8371,-8371,-8371,-8371,-8371,-8371,-8371,-8371,-8371,-8371,-8371,-8371,-8371,-8371,-8371,-8371,-8371,-8371,-8371,-8371,-8371,-8371,-8371,-8371,-8371,-8371,-8371,-8371,-8371,-8371,-8371,-8371,-8371,-8371,-8371,-8371,-8371,-8685,-8685,-9278,-9278,-9278,-9278,-9278,-9278,-9278,-9278,-9278,-9278,-9278,-9278,-9278,-9278,-9278,-9278,-9278,-9278,-9278,-9278,-9278,-9278,-9278,-9278,-9278,-9278,-9278,-9278,-9278,-9278,-9278,-9278,-9278,-9278,-9278,-9278,-9278,-9278,-9278,-9278,-9278
-4581,-4581,-4581,-4581,-4581,-4581,-4581,-4581,-4703,-4703,-4703,-5004,-5004,-5277,-5277,-5277,-5277,-5385,-5620,-5620,-5620,-5620,-5620,-5682,-5682,-5682,-5682,-5909,-5909,-6434,-6434,-6434,-6434,-6434,-6434,-6434,-6434,-6434,-6434,-6434,-6434,-6434,-6434,-6434,-6434,-6434,-6434,-6434,-6434,-6434,-6434,-6434,-6434,-6434,-6434,-6434,-6434,-6434,-6434,-6434,-6434,-6434,-6434,-6434,-6478,-6478,-6478,-6565,-7325,-7325,-7325,-7325,-7325,-7325,-7325,-7325,-7325,-7325,-7325,-7467,-7467,-7467,-7467,-7467,-7467,-7467,-7467,-7467,-7853,-7853,-7853,-7853,-7853,-7853,-7853,-7853,-7853,-7853,-7853,-7853,-7853,-7853,-7853,-7853,-7853,-7853,-8035,-8035,-8035,-8035,-8035,-8035,-8035,-8035,-8035,-8035,-8035,-8035,-8035,-8035,-8035,-8035,-8035,-8035,-8035,-8035,-8035,-8035,-8035,-8035,-8035,-8035,-8035,-8035,-8035,-8035,-8035,-8035,-8035,-8035,-8035,-8035,-8035,-8035,-8035,-8035,-8035,-8035,-8035,-8035,-8035,-8035,-8035,-8035,-8035,-8035,-8035,-8035,-8035,-8035,-8035,-8035,-8035,-8035,-8035,-8035,-8035,-8035,-8035,-8035,-8035,-8035,-8035,-8035,-8035,-8035,-8035,-8035,-8035,-8035,-8035,-8035,-8035,-8035,-8132,-8132,-8132,-8132,-8132,-8132,-8132,-8132,-8132,-8132,-8132,-8132,-8132,-8132,-8132,-8132
-5133,-5133,-5133,-5133,-5133,-5133,-5133,-5296,-5892,-5892,-5892,-5892,-5892,-5892,-5892,-5892,-5892,-5892,-5892,-5892,-5892,-5892,-5892,-5892,-5892,-5892,-5892,-5892,-5892,-5892,-5892,-5892,-5892,-5892,-6070,-6070,-6242,-6242,-6242,-6242,-6242,-6242,-6242,-6242,-6242,-6242,-6376,-6871,-6871,-6871,-6871,-6871,-6871,-6871,-6871,-6889,-6889,-6889,-6889,-6889,-6889,-6889,-6889,-7176,-7758,-7758,-7758,-7758,-7758,-7758,-7758,-7758,-7758,-7758,-7758,-7758,-7758,-7758,-7758,-7758,-7758,-7758,-7758,-7758,-7758,-7915,-7915,-7915,-7915,-7915,-7915,-7915,-7915,-7915,-7915,-8055,-8055,-8055,-8055,-8055,-8055,-8055,-8055,-8055,-8055,-8055,-8055,-8163,-8163,-8163,-8163,-8163,-8163,-8163,-8163,-8163,-8163,-8163,-8163,-8163,-8163,-8163,-8163,-8163,-8163,-8163,-8163,-8163,-8163,-8163,-8163,-8163,-8462,-8622,-8622,-8622,-8622,-8622,-8622,-8622,-8622,-8975,-8975,-9087,-9087,-9087,-9087,-9087,-9087,-9087,-9087,-9087,-9087,-9087,-9087,-9087,-9087,-9087,-9087,-9087,-9087,-9087,-9087,-9087,-9087,-9087,-9087,-9087,-9087,-9087,-9087,-9087,-9087,-9087,-9087,-9087,-9087,-9087,-9087,-9087,-9087,-9087,-9087,-9087,-9087,-9087,-9087,-9087,-9087,-9087,-9087,-9087,-9087,-9389,-9389,-9389,-9389,-9389,-9389,-9389
-5112,-5112,-5112,-5112,-5112,-5112,-5112,-5112,-5112,-5280,-5280,-5280,-5280,-5280,-5280,-5280,-5940,-5940,-6135,-6135,-6135,-6135,-6135,-6135,-6135,-6135,-6135,-6135,-6135,-6737,-6737,-6737,-6737,-6737,-6737,-6737,-6737,-6737,-6737,-6737,-6737,-6737,-6737,-6855,-6855,-6855,-6855,-6855,-6855,-6855,-6855,-6855,-6855,-6855,-6906,-6906,-6906,-6906,-6906,-6906,-6906,-6906,-6906,-7369,-7369,-7479,-7479,-7479,-7479,-7479,-7479,-7479,-7772,-7772,-7772,-7772,-7772,-7772,-7772,-7772,-7772,-7772,-7772,-7772,-7772,-7772,-7772,-7772,-7772,-7772,-7772,-7772,-7772,-7772,-7772,-7772,-7772,-7772,-7772,-7772,-7772,-7772,-7772,-7949,-7949,-7949,-7949,-7949,-8094,-8094,-8094,-8094,-8094,-8094,-8094,-8094,-8094,-8094,-8094,-8094,-8094,-8094,-8094,-8094,-8094,-8094,-8094,-8094,-8094,-8094,-8094,-8094,-8094,-8094,-8094,-8094,-8094,-8094,-8094,-8094,-8094,-8094,-8094,-8094,-8094,-8094,-8094,-8094,-8094,-8094,-8094,-8487,-9079,-9079,-9079,-9079,-9079,-9079,-9079,-9079,-9079,-9079,-9079,-9079,-9079,-9079,-9228,-9228,-9597,-9597,-9597,-9597,-9597,-9597,-9597,-9597,-9597,-9597,-9597,-9597,-9597,-9597,-9597,-9597,-9597,-9597,-9597,-9597,-9597,-9597,-9597,-9597,-9597,-9597,-9597,-9597,-9597,-9597,-9597,-9597
-3693,-4508,-4841,-5805,-5805,-5805,-5805,-5805,-5805,-5805,-5805,-5805,-5805,-5805,-5805,-5805,-5805,-5805,-6700,-6700,-6700,-6700,-6700,-6700,-6700,-6700,-6700,-6700,-6700,-6700,-6700,-6700,-6700,-6700,-6700,-6700,-6700,-6700,-6700,-6700,-6700,-6700,-6700,-6700,-6700,-6700,-6700,-6700,-6700,-6700,-7077,-7077,-7077,-7077,-7077,-7077,-7077,-7077,-7077,-7077,-7077,-7077,-7077,-7077,-7077,-7077,-7135,-7135,-7135,-7135,-7135,-7135,-7135,-7135,-7135,-7135,-7135,-7135,-7135,-7135,-7135,-7135,-7135,-7142,-7142,-7142,-7142,-7142,-7142,-7142,-7184,-7184,-7184,-7184,-7184,-7184,-7184,-7184,-7184,-7184,-7184,-7184,-7184,-7184,-7184,-7237,-7237,-7237,-7237,-7237,-7237,-7237,-7251,-7251,-7251,-7251,-7251,-7251,-7251,-7827,-7827,-7827,-7827,-7827,-7827,-7827,-7827,-7827,-7827,-7827,-7827,-7827,-7827,-7827,-7827,-7827,-7827,-7827,-7827,-7827,-7827,-7827,-7827,-7827,-7827,-7827,-7827,-7827,-7827,-7827,-7827,-7827,-7827,-7827,-7827,-7827,-7827,-7827,-7827,-7827,-7827,-7827,-7827,-7827,-7827,-7827,-8076,-8076,-8076,-8076,-8076,-8076,-8076,-8076,-8076,-8076,-8173,-8173,-8173,-8173,-8173,-8173,-8173,-8173,-8173,-8173,-8173,-8173,-8173,-8173,-8173,-8173,-8173,-8173,-8173,-8173,-8445,-8445,-8445,-8445
-5061,-5070,-5070,-5070,-5070,-5070,-5070,-5070,-5070,-5684,-5684,-5684,-5684,-5684,-5684,-5684,-5684,-5684,-5684,-5684,-5684,-5684,-5868,-6158,-6158,-6158,-6158,-6158,-6158,-6158,-6158,-6158,-6158,-6211,-6211,-6211,-6211,-6211,-6211,-6211,-6211,-6211,-6211,-6211,-6211,-6211,-6211,-6326,-6326,-6326,-6468,-6468,-6468,-6468,-6468,-6468,-6468,-6468,-6468,-7254,-7254,-7254,-7254,-7254,-7254,-7254,-7254,-7254,-7254,-7254,-7254,-7254,-7254,-7254,-7254,-7254,-7254,-7254,-7254,-7254,-7254,-7254,-7254,-7254,-7452,-7452,-7452,-7452,-7452,-7452,-7452,-7699,-7699,-7699,-7699,-7699,-7699,-7699,-7699,-7699,-7699,-7699,-7699,-7699,-7699,-7699,-7699,-7699,-7699,-7699,-7699,-7699,-7699,-7699,-7699,-7699,-7699,-7699,-7699,-7699,-7804,-7804,-7804,-7804,-7804,-7804,-7804,-7804,-7804,-7804,-7804,-7804,-7804,-7804,-7804,-7804,-7804,-7804,-7804,-7804,-7804,-7804,-7804,-7804,-7804,-7804,-7804,-8099,-8099,-8099,-8099,-8099,-8099,-8099,-8099,-8099,-8099,-8099,-8099,-8099,-8099,-8099,-8099,-8099,-8099,-8099,-8099,-8099,-8099,-8099,-8099,-8099,-8099,-8201,-8201,-8201,-8201,-8201,-8421,-8421,-8421,-8486,-8486,-8486,-8486,-8486,-8486,-8486,-8486,-8486,-8486,-8486,-8486,-8486,-8486,-8486,-8486,-8486,-8486,-8486
-3802,-3852,-4786,-4857,-4868,-4868,-4868,-4868,-4868,-4868,-5773,-5773,-5773,-5773,-5773,-5773,-5773,-5773,-5773,-5773,-5773,-5773,-5773,-5773,-5773,-5773,-5857,-5857,-5857,-5857,-5857,-5857,-5857,-5857,-5857,-5857,-5857,-5857,-5857,-5857,-5857,-6224,-6224,-6224,-6224,-6711,-6711,-6711,-6711,-6711,-6711,-6711,-6711,-6711,-6711,-6711,-6711,-6711,-6711,-6711,-6711,-6711,-6711,-6711,-6711,-6711,-7025,-7025,-7025,-7025,-7025,-7025,-7025,-7025,-7025,-7025,-7025,-7025,-7025,-7025,-7025,-7025,-7025,-7031,-7031,-7031,-7266,-7266,-7266,-7266,-7266,-7266,-7266,-7266,-7266,-7266,-7266,-7266,-7266,-7266,-7266,-7266,-7266,-7266,-7266,-7266,-7266,-7266,-7266,-7266,-7266,-7266,-7266,-7266,-7266,-7266,-7266,-7266,-7266,-7266,-7300,-7300,-7300,-7300,-7300,-7300,-7300,-7300,-7300,-7300,-7300,-7300,-7300,-7300,-7300,-7300,-7300,-7300,-7300,-7300,-7300,-7300,-7300,-7300,-8124,-8124,-8124,-8124,-8124,-8124,-8124,-8124,-8124,-8124,-8124,-8124,-8124,-8124,-8124,-8124,-8124,-8124,-8124,-8124,-8124,-8124,-8124,-8124,-8124,-8124,-8124,-8124,-8124,-8124,-8124,-8124,-8124,-8124,-8124,-8124,-8124,-8227,-8227,-8227,-8227,-8227,-8227,-8227,-8227,-8227,-8227,-8227,-8227,-8227,-8227,-8227,-8227,-8227,-8227,-8227
-4309,-4309,-4309,-4309,-4405,-4405,-4405,-4998,-4998,-5028,-5594,-5594,-5594,-5594,-5978,-5978,-5978,-5978,-5978,-5978,-5978,-5978,-5978,-5978,-6030,-6030,-6030,-6030,-6030,-6030,-6030,-6030,-6030,-6030,-6030,-6030,-6186,-6186,-6186,-6186,-6186,-6186,-6788,-6788,-6788,-6788,-6788,-6788,-6788,-6788,-6901,-6901,-6901,-6901,-6901,-6901,-6901,-6901,-6901,-6901,-6901,-6901,-6901,-7405,-7405,-7405,-7405,-7405,-7405,-7405,-7405,-7405,-7405,-7405,-7405,-7405,-7405,-7405,-7405,-7405,-7405,-7405,-7405,-7405,-7405,-7405,-7405,-7405,-7405,-7405,-7405,-7405,-7405,-7405,-7421,-7421,-7421,-7421,-7421,-7421,-7421,-7421,-7421,-7421,-7421,-7421,-7421,-7421,-7421,-7421,-7421,-7421,-7681,-7681,-7681,-7681,-7681,-7681,-7731,-7731,-7731,-7731,-7731,-7731,-7731,-7731,-7731,-7731,-7731,-7731,-7731,-7731,-7731,-7731,-7731,-7731,-7731,-7731,-7731,-7731,-8362,-8362,-8362,-8362,-8362,-8362,-8362,-8362,-8362,-8362,-8362,-8685,-8685,-8685,-8685,-8685,-8685,-8685,-8685,-8685,-8685,-8685,-8685,-8685,-8685,-8685,-8685,-8685,-8685,-8685,-8685,-8685,-8685,-8685,-8685,-8685,-8685,-8685,-8685,-8685,-8685,-8685,-8685,-8685,-8685,-8685,-8685,-8685,-8685,-8685,-8685,-8685,-8685,-8685,-8685,-8685,-8685,-8685,-8685,-8685
-4010,-5015,-5015,-5015,-5015,-5015,-5015,-5015,-5015,-5042,-5042,-5834,-5834,-5834,-5834,-5834,-5834,-5834,-6037,-6037,-6037,-6037,-6037,-6037,-6037,-6904,-6904,-6904,-6904,-6904,-6904,-6904,-6904,-6904,-6904,-6904,-7945,-7945,-7945,-7945,-7945,-7945,-7945,-7945,-7945,-7945,-7945,-7945,-7945,-7945,-7945,-7945,-7945,-7945,-7945,-7945,-7945,-7945,-7945,-7945,-7945,-7945,-7945,-7945,-7945,-7945,-7945,-7945,-7945,-7945,-7945,-7945,-7945,-7945,-7945,-7945,-7945,-7945,-7945,-7945,-7945,-7945,-7945,-7945,-7945,-7945,-7945,-7945,-8053,-8053,-8053,-8053,-8053,-8053,-8053,-8053,-8053,-8514,-8514,-8514,-8514,-8514,-8514,-8514,-8514,-8514,-8514,-8514,-8514,-8514,-8514,-8514,-8514,-8514,-8514,-8514,-8514,-8514,-8514,-8514,-8514,-8514,-8514,-8514,-8514,-8514,-8514,-8514,-8514,-8514,-8514,-8514,-8514,-8514,-8514,-8514,-8514,-8604,-8604,-8604,-8604,-8604,-8604,-8604,-8604,-8604,-8604,-8604,-8604,-8604,-8604,-8604,-8604,-8604,-8604,-8604,-8604,-8734,-8734,-8734,-8734,-8734,-8734,-8734,-8734,-8734,-8734,-8734,-9073,-9073,-9073,-9163,-9163,-9163,-9163,-9163,-9163,-9163,-9163,-9163,-9163,-9163,-9163,-9163,-9215,-9215,-9215,-9745,-9745,-9745,-9745,-9745,-9745,-9745,-9745,-9745,-9745,-9745,-9745,-9745
-4536,-4536,-4706,-4706,-5149,-5149,-5149,-5149,-5149,-5368,-5698,-5698,-5698,-5698,-6265,-6265,-6265,-6265,-6265,-6265,-6265,-6265,-6265,-6265,-6265,-6265,-6265,-6265,-6722,-6722,-6722,-6722,-6722,-6722,-6831,-6831,-6831,-6831,-6831,-6831,-6831,-6831,-6831,-6831,-6831,-6831,-6831,-6831,-6831,-6831,-6831,-6831,-6831,-6831,-6831,-7247,-7247,-7247,-7247,-7247,-7247,-7247,-7247,-7247,-7247,-7247,-7247,-7247,-7247,-7247,-7247,-7796,-7796,-7796,-7796,-7796,-7796,-7796,-7796,-7802,-7802,-7802,-7802,-7802,-7802,-7802,-7802,-7802,-7802,-7802,-7802,-7802,-7802,-7802,-7802,-7802,-7802,-7802,-7802,-7802,-7802,-7802,-7802,-7802,-7802,-7802,-8096,-8096,-8096,-8096,-8096,-8096,-8096,-8096,-8096,-8096,-8096,-8096,-8096,-8096,-8096,-8096,-8096,-8096,-8096,-8096,-8096,-8096,-8096,-8096,-8096,-8096,-8096,-8096,-8096,-8096,-8096,-8096,-8096,-8096,-8096,-8096,-8096,-8096,-8096,-8096,-8096,-8096,-8096,-8096,-8096,-8096,-8096,-8096,-8096,-8096,-8096,-8096,-8269,-8269,-8269,-8269,-8269,-8269,-8269,-8269,-8269,-8438,-8438,-8438,-8438,-8438,-8438,-8438,-8438,-8438,-8438,-8438,-8438,-8438,-8438,-8438,-8438,-8438,-8438,-8438,-8438,-8438,-8438,-8438,-8438,-8438,-8438,-8438,-8438,-8438,-8438,-8438,-8438,-8438
-4025,-4569,-5022,-5022,-5022,-5022,-5241,-5241,-5485,-5485,-5576,-5678,-5678,-5678,-5951,-5951,-5951,-6354,-6354,-6354,-6354,-6354,-6354,-6354,-6354,-6354,-6354,-7414,-7414,-7414,-7414,-7414,-7414,-7414,-7414,-7414,-7414,-7414,-7414,-7414,-7414,-7414,-7414,-7414,-7414,-7414,-7414,-7414,-7414,-7414,-7414,-7414,-7607,-7607,-7607,-7913,-7913,-7913,-7913,-7913,-7913,-7913,-7913,-7913,-7913,-7913,-7913,-7913,-7913,-7913,-7913,-7913,-7913,-7913,-8132,-8132,-8132,-8132,-8132,-8132,-8132,-8132,-8132,-8132,-8132,-8132,-8132,-8132,-8132,-8132,-8132,-8132,-8132,-8132,-8132,-8132,-8132,-8132,-8132,-8132,-8132,-8132,-8132,-8132,-8132,-8132,-8132,-8132,-8132,-8132,-8132,-8132,-8132,-8132,-8132,-8132,-8132,-8132,-8132,-8132,-8132,-8132,-8132,-8132,-8132,-8132,-8132,-8132,-8132,-8132,-8132,-8132,-8132,-8132,-8132,-8132,-8132,-8132,-8132,-8132,-8132,-8132,-8190,-8190,-8190,-8190,-8695,-8695,-8695,-8695,-8695,-8695,-8714,-8714,-8714,-8714,-8714,-8714,-8714,-8714,-8714,-8714,-8714,-8714,-8714,-8714,-8714,-8714,-9049,-9049,-9049,-9049,-9049,-9049,-9049,-9049,-9049,-9049,-9049,-9049,-9049,-9049,-9049,-9049,-9049,-9049,-9049,-9049,-9049,-9049,-9376,-9376,-9376,-9376,-9376,-9376,-9376,-9376,-9376,-9376
-4497,-4497,-4726,-4726,-4726,-4726,-4858,-6057,-6057,-6057,-6057,-6057,-6057,-6057,-6057,-6057,-6057,-6057,-6057,-6057,-6057,-6057,-6057,-6068,-6068,-6068,-6068,-6068,-6105,-6105,-6105,-6105,-6105,-6105,-6105,-6105,-6105,-6294,-6294,-6294,-6294,-6294,-6729,-6729,-6729,-6729,-6729,-6729,-6729,-6729,-6729,-6729,-6729,-6729,-6729,-6729,-6729,-6755,-6755,-6755,-6755,-6755,-6755,-6755,-6755,-6755,-6755,-6755,-6755,-6755,-6921,-6921,-7147,-7147,-7147,-7147,-7621,-7621,-7621,-7621,-7621,-7621,-7621,-7621,-7621,-7621,-7621,-7621,-7621,-7621,-7621,-7621,-7621,-7621,-7621,-7621,-7621,-7621,-7621,-7621,-7621,-7621,-7621,-7621,-7621,-7621,-7621,-7621,-7621,-7621,-7621,-7621,-7621,-7621,-7996,-7996,-7996,-7996,-7996,-7996,-7996,-7996,-7996,-7996,-7996,-7996,-7996,-7996,-7996,-7996,-7996,-7996,-7996,-7996,-7996,-7996,-7996,-7996,-7996,-8517,-8517,-8517,-8517,-8517,-8517,-8517,-8517,-8517,-8517,-8517,-8517,-8517,-8517,-8517,-8517,-8517,-8517,-8517,-8517,-8517,-8517,-8517,-8517,-8517,-8517,-8517,-8517,-8517,-8517,-8517,-8517,-8517,-8517,-8517,-8517,-8517,-8517,-8538,-8538,-8538,-8538,-8538,-8538,-8538,-8538,-8538,-8538,-8538,-8538,-8538,-8538,-8538,-8538,-8538,-9115,-9115,-9115,-9115,-9115,-9115
-6105,-6105,-6105,-6105,-6105,-6105,-6105,-6105,-6105,-6105,-6105,-6105,-6105,-6105,-6105,-6105,-6105,-6105,-6105,-6105,-6105,-6105,-6105,-6105,-6105,-6105,-6105,-6105,-6105,-6105,-6243,-6309,-6309,-6309,-6309,-6370,-6370,-6370,-6370,-6370,-6443,-6748,-6864,-6864,-6864,-7487,-7487,-7487,-7487,-7487,-7487,-7487,-7487,-7487,-7487,-7487,-7487,-7487,-7487,-7487,-7487,-7487,-7487,-7487,-7487,-7487,-7487,-7487,-7487,-7487,-7487,-7487,-7487,-7487,-7487,-7487,-7487,-7487,-7487,-7487,-7487,-7487,-7684,-7684,-7684,-7684,-7684,-7684,-7684,-7684,-7684,-8426,-8426,-8426,-8426,-8426,-8426,-8426,-8426,-8426,-8426,-8426,-8426,-8426,-8426,-8426,-8426,-8426,-8426,-8426,-8426,-8426,-8426,-8426,-8426,-8426,-8426,-8426,-8426,-8426,-8426,-8426,-8426,-8426,-8426,-8426,-8426,-8426,-8426,-8426,-8426,-8426,-8426,-8426,-8426,-8426,-8426,-8426,-8563,-8563,-8563,-8563,-8563,-8563,-8563,-8563,-8563,-8563,-8563,-8563,-8563,-8563,-8750,-8750,-8750,-8750,-8750,-8750,-8750,-8828,-8828,-8828,-8828,-8828,-8828,-8828,-8828,-8828,-8828,-8828,-8828,-8828,-8828,-8828,-8828,-8828,-8828,-8828,-8828,-8828,-8828,-8828,-8828,-8828,-8828,-8828,-8858,-8858,-8858,-8858,-8858,-8858,-8858,-8858,-8879,-8879,-8879,-8879,-8879,-8879
-4790,-4790,-5440,-5440,-5674,-5674,-5674,-5674,-5674,-5674,-5674,-5674,-5674,-5674,-5674,-5674,-5674,-5674,-5674,-5674,-6317,-6317,-6317,-6317,-6317,-6317,-6317,-6642,-6642,-7096,-7096,-7096,-7096,-7096,-7096,-7096,-7096,-7096,-7096,-7096,-7096,-7096,-7096,-7096,-7096,-7096,-7096,-7096,-7096,-7096,-7096,-7096,-7096,-7096,-7096,-7096,-7096,-7096,-7096,-7096,-7096,-7096,-7911,-7911,-7911,-7911,-7911,-7911,-7911,-7911,-7911,-7911,-7911,-7911,-7911,-7911,-7911,-7911,-7911,-7911,-7911,-7911,-7911,-7911,-7911,-7911,-7911,-7911,-7911,-7911,-8543,-8543,-8543,-8543,-8543,-8543,-8543,-8543,-8543,-8543,-8543,-8543,-8543,-8543,-8543,-8543,-8543,-8543,-8543,-8543,-8543,-8543,-8543,-8543,-8543,-8543,-8543,-8543,-8543,-8543,-8543,-8543,-8543,-8543,-8543,-8543,-8543,-8543,-8543,-8543,-8543,-8543,-8543,-8543,-8543,-8543,-8543,-8543,-8543,-8543,-8543,-8543,-8753,-8753,-8753,-8753,-8753,-8753,-8753,-8753,-8753,-8753,-8753,-8753,-8753,-8753,-8753,-8753,-8753,-8753,-8753,-8753,-8753,-8753,-8753,-8753,-8753,-8753,-8753,-8753,-8753,-8753,-8753,-8753,-8753,-8753,-8753,-8753,-8753,-8753,-8753,-8753,-8753,-8753,-8753,-8753,-8753,-8753,-8753,-8933,-8933,-8933,-8933,-8933,-8933,-8933,-8933,-8933,-8933,-8933
-4261,-4261,-4261,-4261,-4261,-4914,-5474,-5474,-5474,-5474,-5474,-5474,-5838,-5838,-5838,-5838,-5838,-6006,-6006,-6006,-6006,-6006,-6006,-6006,-6006,-6006,-6435,-6435,-6435,-6435,-6435,-6435,-6435,-6996,-6996,-6996,-6996,-6996,-6996,-6996,-6996,-6996,-6996,-6996,-6996,-6996,-6996,-6996,-7034,-7034,-7034,-7034,-7034,-7034,-7034,-7034,-7034,-7034,-7034,-7034,-7034,-7034,-7034,-7034,-7034,-7034,-7034,-7034,-7034,-7149,-7149,-7149,-7149,-7149,-7149,-7149,-7149,-7149,-7335,-7335,-7335,-7917,-7917,-7917,-7917,-7917,-7917,-7917,-7917,-7917,-7917,-7917,-7917,-7917,-8431,-8431,-8431,-8431,-8431,-8431,-8431,-8431,-8431,-8431,-8431,-8431,-8431,-8431,-8431,-8431,-8431,-8431,-8431,-8431,-8431,-8431,-8431,-8431,-8431,-8431,-8431,-8431,-8431,-8431,-8431,-8431,-8431,-8431,-8431,-8431,-8431,-8431,-8431,-8431,-8431,-8431,-8431,-8431,-8431,-8431,-8431,-8431,-8431,-8782,-8782,-8782,-8782,-8782,-8782,-8782,-8782,-8782,-8782,-8782,-8782,-8782,-8782,-8782,-8782,-8782,-8782,-8782,-8782,-8782,-8782,-8782,-8782,-8782,-8782,-8782,-8782,-8782,-8873,-8873,-8873,-8873,-8873,-8873,-8873,-8873,-8873,-8873,-8873,-8873,-8873,-8873,-8873,-8873,-8873,-8873,-8873,-8873,-8873,-8873,-8873,-8873,-8873,-8873,-8873,-8873
-5493,-5919,-5919,-5919,-5919,-5919,-5919,-5951,-5951,-5951,-5951,-5951,-5951,-5951,-5951,-5951,-5951,-5951,-5951,-5951,-5951,-5951,-5951,-6458,-6458,-6458,-6458,-6458,-6458,-6458,-6458,-6458,-6458,-6458,-6458,-6458,-6458,-6458,-6458,-6458,-6458,-6458,-6458,-6458,-6458,-6458,-7140,-7140,-7140,-7140,-7140,-7140,-7140,-7140,-7140,-7140,-7140,-7140,-7140,-7140,-7140,-7140,-7140,-7140,-7140,-7140,-7140,-7140,-7140,-7140,-7140,-7140,-7140,-7140,-7140,-7140,-7140,-7140,-7140,-7140,-7140,-7140,-7140,-7140,-7140,-7140,-7140,-7140,-7140,-7140,-7140,-7140,-7140,-7140,-7140,-7140,-7140,-7432,-7432,-7432,-7432,-7432,-7432,-7432,-7432,-7432,-7432,-7432,-7432,-7432,-7432,-7494,-7753,-7753,-7753,-7753,-7753,-7753,-7753,-7753,-7753,-7753,-7753,-7753,-7753,-7753,-7753,-7753,-7753,-7753,-7753,-7753,-7753,-7753,-7761,-7761,-7761,-7761,-7761,-7761,-7761,-7761,-7761,-7761,-7761,-7761,-7761,-7761,-7761,-7761,-7761,-7761,-7761,-7761,-7761,-7761,-7761,-7761,-7761,-7761,-7761,-7761,-7761,-7761,-7761,-7761,-7761,-7761,-7761,-7761,-7761,-7761,-7761,-7761,-7761,-7761,-7761,-7761,-7761,-7761,-7811,-7811,-7811,-7811,-7811,-7811,-7811,-8642,-8642,-8642,-8642,-8642,-8642,-8642,-8642,-8642,-8642,-8642,-8642,-8642
-4784,-4784,-5275,-5275,-5275,-5275,-5275,-5275,-5437,-5437,-5437,-6893,-6893,-6893,-6893,-6893,-6893,-6893,-6893,-6893,-6893,-6893,-6893,-6893,-6893,-6893,-6893,-7368,-7368,-7368,-7368,-7368,-7368,-7368,-7368,-7368,-7368,-7368,-7368,-7368,-7368,-7368,-7368,-7652,-7652,-7652,-7652,-7652,-7652,-7652,-7652,-7652,-7652,-7652,-7652,-7652,-7652,-7652,-7652,-7652,-7652,-7652,-7652,-7652,-7652,-7652,-7652,-7652,-7652,-7652,-7652,-7652,-7652,-7652,-7652,-7652,-7652,-7652,-7652,-7652,-7652,-7652,-7652,-7652,-7652,-7652,-7652,-7652,-7652,-7652,-7652,-7823,-7823,-7823,-7823,-7823,-7823,-7823,-7823,-7823,-9295,-9295,-9295,-9295,-9295,-9295,-9295,-9295,-9295,-9295,-9295,-9295,-9295,-9295,-9295,-9295,-9295,-9295,-9295,-9295,-9295,-9295,-9295,-9295,-9295,-9295,-9330,-9330,-9330,-9330,-9330,-9483,-9768,-9768,-9768,-9768,-9768,-9768,-9768,-9768,-9768,-9768,-9768,-9768,-9768,-9768,-9768,-9768,-9768,-9768,-9768,-9768,-9768,-9768,-9768,-9768,-9768,-9768,-9768,-9768,-9768,-9768,-9768,-9768,-9768,-9768,-9768,-9768,-9768,-9768,-9768,-9768,-9768,-9768,-9768,-9768,-9768,-9768,-9768,-9768,-9768,-9768,-9768,-9768,-9768,-9995,-9995,-9995,-9995,-9995,-9995,-9995,-9995,-9995,-9995,-9995,-9995,-9995,-9995,-9995
-4483,-4483,-4483,-4714,-4872,-5055,-5055,-5055,-5055,-5580,-5580,-5580,-5580,-5580,-5580,-5580,-5580,-6537,-6537,-6537,-6537,-6537,-6537,-6537,-6537,-6537,-6537,-6537,-6537,-6537,-6537,-6537,-6537,-6537,-6537,-6537,-6537,-6537,-6537,-6537,-6537,-6992,-6992,-6992,-6992,-6992,-6992,-6992,-6992,-6992,-6992,-6992,-6992,-6992,-6992,-6992,-6992,-6992,-6992,-6992,-6992,-6992,-6992,-6992,-6992,-6992,-6992,-6992,-6992,-6992,-6992,-6992,-6992,-6992,-6992,-6992,-6992,-6992,-6992,-6992,-6992,-6992,-6992,-6992,-6992,-6992,-6992,-6992,-6992,-6992,-6992,-6992,-6992,-6992,-6992,-6992,-6992,-6992,-6992,-6992,-6992,-6992,-6992,-6992,-6992,-6992,-6992,-6992,-6992,-6992,-6992,-6992,-6992,-6992,-7147,-7147,-7147,-7147,-7147,-7147,-7147,-7147,-7296,-7296,-7296,-7296,-7296,-7296,-7296,-7296,-7296,-7296,-7296,-7296,-7296,-7296,-7296,-7296,-7296,-7296,-7296,-7296,-7381,-7381,-8405,-8405,-8405,-8405,-8405,-8405,-8405,-8405,-8405,-8405,-8732,-8732,-8732,-8732,-8732,-8732,-8732,-8732,-8732,-8732,-8732,-8732,-8732,-8732,-8732,-8732,-8732,-8732,-8732,-8732,-8732,-8732,-8732,-8732,-8732,-8732,-8732,-8732,-8750,-8750,-8750,-8750,-8750,-10512,-10512,-10512,-10512,-10512,-10512,-10512,-10512,-10512,-10512,-10512,-10512,-10512
-4426,-4426,-4432,-4432,-4675,-5546,-5546,-5546,-5546,-5546,-5546,-5546,-5546,-5546,-5546,-5546,-5546,-5546,-5639,-6069,-6069,-6069,-6069,-6069,-6084,-6084,-6084,-6323,-6323,-6453,-6453,-6453,-6453,-6453,-6453,-6453,-6695,-6695,-6695,-6750,-6750,-6750,-6750,-6750,-6750,-6750,-6750,-6750,-6750,-6750,-6750,-6750,-6750,-6750,-6750,-6750,-6750,-6750,-6750,-6750,-6750,-6750,-6750,-6750,-6750,-6814,-6814,-6814,-6814,-6814,-7286,-7318,-7725,-7725,-7725,-7725,-7725,-7725,-7725,-7725,-7725,-7725,-7725,-7725,-7725,-7725,-7725,-7725,-7725,-7725,-7725,-7725,-7725,-7725,-7725,-7725,-7725,-7725,-7725,-7725,-7725,-7725,-7725,-7725,-7725,-7725,-7725,-7725,-7725,-7725,-7725,-7725,-7725,-7725,-7725,-7725,-7725,-7725,-7725,-7725,-7725,-7725,-7725,-7725,-7725,-7725,-7725,-7725,-7725,-7725,-7725,-7725,-7725,-7725,-7725,-8099,-8099,-8099,-8099,-8099,-8099,-8099,-8099,-8099,-8099,-8099,-8099,-8099,-8099,-8099,-8099,-8099,-8099,-8099,-8099,-8099,-8099,-8099,-8099,-8099,-8099,-8099,-8099,-8099,-8099,-8099,-8099,-8099,-8099,-8099,-8099,-8099,-8099,-8099,-8099,-8099,-8099,-8099,-8099,-8099,-8099,-8099,-8099,-8162,-8162,-8162,-8162,-8162,-8162,-8162,-8162,-8162,-8162,-8162,-8162,-8162,-8162,-8174,-8174,-8174
-4122,-4468,-4468,-4542,-4544,-4949,-4949,-4949,-5828,-5828,-5828,-5828,-5828,-5828,-5828,-5828,-5828,-5828,-5828,-5828,-5828,-6166,-6166,-6166,-6166,-6166,-6498,-6498,-6498,-6498,-6498,-6498,-6498,-6498,-6498,-6498,-6498,-6498,-6565,-6565,-6565,-6565,-6599,-6599,-6599,-6599,-6599,-6599,-6599,-6599,-6599,-6599,-6599,-6599,-6599,-6617,-6617,-6617,-6617,-6617,-6650,-6749,-6749,-6749,-6749,-6749,-6749,-6749,-6749,-6749,-6749,-6749,-6749,-6749,-6749,-6749,-6993,-7500,-7500,-7500,-7500,-7500,-7500,-7500,-7500,-7500,-7500,-7500,-7500,-7500,-7500,-7500,-7500,-7500,-7500,-7500,-7500,-7500,-7500,-7500,-7500,-7500,-7500,-7500,-7500,-7500,-7500,-7500,-7500,-7500,-7500,-7500,-7500,-7500,-7500,-7500,-7500,-7500,-7500,-7500,-7500,-7500,-7500,-7500,-7500,-7500,-7500,-7500,-7500,-7500,-7500,-7500,-7500,-7500,-7500,-7500,-7500,-7500,-7500,-7500,-7500,-7500,-7500,-7500,-7500,-7500,-7500,-7500,-7500,-7500,-7500,-7500,-7500,-7500,-7500,-7500,-7500,-7500,-7500,-7500,-7824,-7824,-7824,-8347,-8347,-8347,-8347,-8347,-8347,-8347,-8347,-8347,-8347,-8347,-8347,-8347,-8347,-8347,-8347,-8347,-8414,-8414,-8414,-8414,-8414,-8414,-8414,-8414,-8414,-8478,-8478,-8478,-8478,-8478,-8478,-8478,-8478,-8478,-8478,-8478
-4205,-4270,-4270,-4270,-4495,-4535,-4549,-4802,-4802,-4802,-4984,-4984,-4984,-4984,-5074,-5074,-5168,-5424,-5590,-5590,-5590,-5590,-5590,-5590,-5590,-6026,-6026,-6026,-6145,-6145,-6292,-6292,-6292,-6292,-6292,-6292,-6292,-6292,-6292,-6292,-7134,-7134,-7134,-7209,-7209,-7209,-7209,-7209,-7209,-7209,-7209,-7209,-7209,-7209,-7209,-7209,-7839,-7839,-7839,-7839,-7839,-7839,-7839,-7839,-7839,-7839,-7839,-7839,-7839,-7839,-7839,-7839,-7839,-7839,-7839,-7839,-7839,-7839,-7839,-7839,-7839,-7839,-7839,-7839,-7839,-7839,-7839,-7839,-7839,-7839,-7928,-7928,-7928,-7928,-7928,-7928,-7928,-7928,-7928,-7928,-7928,-7928,-7928,-7928,-8260,-8260,-8260,-8260,-9345,-9345,-9345,-9345,-9345,-9345,-9345,-9345,-9345,-9345,-9345,-9345,-9345,-9345,-9345,-9345,-9345,-9345,-9345,-9345,-9345,-9345,-9345,-9345,-9345,-9345,-9345,-9345,-9345,-9345,-9345,-9345,-9345,-9345,-9345,-9345,-9345,-9345,-9345,-9345,-9345,-9345,-9345,-9345,-9345,-9345,-9345,-9345,-9345,-9345,-9345,-9345,-9345,-9345,-9345,-9345,-9345,-9345,-9345,-9345,-9345,-9345,-9345,-9345,-9345,-9345,-9345,-9345,-9345,-9345,-9345,-9345,-9345,-9345,-9345,-9345,-9483,-9483,-9483,-9483,-9483,-9483,-9483,-9483,-9483,-9483,-9483,-9483,-9483,-9483,-9483,-9483
-4621,-6324,-6468,-6468,-6468,-6468,-6468,-6468,-6468,-6468,-6468,-6468,-7185,-7185,-7185,-7185,-7185,-7185,-7185,-7185,-7185,-7185,-7185,-7185,-7185,-7185,-7185,-7185,-7185,-7185,-7185,-7185,-7185,-7185,-7185,-7185,-7185,-7185,-7185,-7185,-7185,-7185,-7185,-7185,-7185,-7185,-7185,-7185,-7185,-7185,-7185,-7185,-7185,-7185,-7185,-7185,-7185,-7185,-7185,-7185,-7185,-7185,-7276,-7276,-7276,-7276,-7276,-7276,-7276,-7276,-7276,-7276,-7276,-7276,-7276,-7276,-7328,-7328,-7328,-7328,-7328,-7328,-7328,-7328,-7411,-7411,-7411,-7411,-7411,-7411,-7411,-7411,-7411,-7411,-7576,-7576,-7576,-7576,-7926,-7926,-7926,-7926,-7926,-7926,-7926,-8102,-8102,-8102,-8102,-8131,-8131,-8131,-8131,-8131,-8131,-8131,-8131,-8131,-8131,-8131,-8131,-8131,-8131,-8131,-8131,-8131,-8399,-8399,-8399,-8399,-8399,-8399,-8399,-8399,-8399,-8519,-8519,-8665,-8665,-8665,-8665,-8665,-8665,-8665,-8665,-8665,-8665,-8792,-8792,-8792,-8792,-8792,-8792,-8792,-8792,-8792,-8792,-8792,-8792,-8792,-8792,-8970,-8970,-8970,-8970,-8970,-8970,-8970,-8970,-8970,-8970,-8970,-8970,-8970,-8970,-8970,-8970,-8970,-8970,-8970,-9489,-9489,-9489,-9489,-9489,-9489,-9489,-9489,-9489,-9489,-9489,-9489,-9489,-9489,-9489,-9489,-9489,-9489,-9489,-9489
-5248,-5248,-5248,-5248,-5248,-5248,-5248,-5248,-5404,-5617,-5617,-5617,-5617,-5617,-5617,-5617,-6759,-6759,-6759,-6759,-6759,-6759,-6759,-6759,-6759,-6759,-6759,-6759,-6759,-6759,-6759,-6759,-6759,-6759,-6759,-6759,-6759,-6759,-6759,-6759,-6759,-6759,-6759,-6759,-6759,-6759,-6759,-6759,-6759,-6759,-6759,-6759,-6759,-6759,-6759,-6759,-6759,-6759,-6759,-6759,-6759,-6759,-6759,-6759,-6759,-6759,-6759,-6759,-6759,-6759,-6759,-6938,-6938,-6938,-6938,-7266,-7266,-7266,-7266,-7266,-7266,-7266,-7266,-7266,-7266,-7886,-7886,-7886,-7886,-7886,-7886,-7886,-7886,-7886,-7886,-7886,-7886,-7886,-7886,-7886,-7886,-7886,-7886,-7886,-7886,-7886,-7886,-7886,-7886,-8385,-8385,-8385,-8385,-8385,-8385,-8385,-8385,-8385,-8385,-8385,-8385,-8385,-8385,-8385,-8385,-8385,-8385,-8385,-8385,-8385,-8385,-8677,-8677,-8677,-8677,-8677,-8677,-8677,-8677,-8677,-8677,-8677,-8677,-8677,-8677,-8677,-8677,-8677,-8677,-8677,-8677,-8677,-8677,-8677,-8677,-8677,-8677,-8677,-8677,-8775,-8775,-8775,-8775,-8775,-8775,-8775,-8775,-8775,-8775,-8775,-8775,-8775,-8775,-8921,-8921,-8921,-8921,-8921,-8921,-8921,-8921,-8921,-8921,-9149,-9149,-9149,-9149,-9599,-9599,-9599,-9599,-9599,-9599,-9599,-9599,-9599,-9599,-9599,-9599,-9599
-3971,-4167,-4397,-4397,-4397,-4512,-4690,-4690,-4690,-4897,-5166,-5166,-5166,-5166,-5166,-5166,-5166,-5768,-5768,-5768,-5768,-5768,-5768,-5768,-5768,-5768,-5768,-5768,-5768,-5768,-5768,-5768,-5768,-5768,-5768,-5920,-5920,-5920,-6358,-6358,-6358,-6358,-6358,-6358,-6358,-6358,-6358,-6358,-6358,-6358,-6358,-6358,-6358,-6358,-6394,-6394,-6394,-6394,-6394,-6394,-6394,-6394,-6394,-6479,-6479,-6479,-6479,-6479,-7215,-7215,-7247,-7247,-7247,-7247,-7247,-7247,-7247,-7247,-7247,-7247,-7247,-7247,-7247,-7247,-7247,-7247,-7247,-7247,-7247,-7247,-7247,-7247,-7247,-7247,-7247,-7247,-7247,-7247,-7247,-7247,-7247,-7247,-7247,-7247,-7247,-7247,-7247,-7247,-7247,-7247,-7247,-7247,-7247,-7247,-7247,-7247,-7247,-7247,-7247,-7247,-7504,-7504,-7504,-7504,-7600,-7600,-7600,-7600,-7600,-7600,-7600,-7600,-7600,-7600,-7600,-7600,-7600,-7600,-7600,-7600,-7600,-7600,-7600,-7600,-7638,-7638,-7638,-8477,-8477,-8477,-8477,-8477,-8477,-8477,-8477,-8477,-8477,-8477,-8477,-8477,-8477,-8477,-8477,-8477,-8477,-8477,-8477,-8477,-8477,-8477,-8477,-8477,-8477,-8477,-8477,-8477,-8477,-8477,-8477,-8477,-8477,-8477,-8477,-8477,-8477,-8477,-8477,-8477,-8477,-8477,-8477,-8477,-8477,-8477,-8477,-8477,-8477,-8477,-8809,-8809
-4131,-4241,-4631,-4631,-5080,-5080,-5080,-5414,-5414,-5414,-5414,-5414,-5414,-5414,-5414,-5414,-5414,-5547,-5685,-5685,-5685,-5685,-5685,-5685,-5685,-5685,-5685,-5685,-5685,-5685,-5685,-5940,-5940,-5940,-5940,-5940,-5940,-5940,-5940,-5940,-5940,-5940,-6656,-6656,-6656,-6656,-6656,-6656,-6656,-6656,-6656,-6656,-6656,-6656,-6656,-6656,-6656,-6656,-6747,-6747,-6747,-6747,-6747,-6747,-6747,-6747,-6747,-6747,-6816,-6816,-6816,-6816,-6816,-6816,-6816,-7138,-7138,-7138,-7138,-7138,-7138,-7138,-7138,-7138,-7138,-7138,-7138,-7138,-7138,-7138,-7138,-7138,-7138,-7138,-7138,-7138,-7138,-7138,-7138,-7138,-7138,-7138,-7138,-7138,-7138,-7138,-7138,-7138,-7138,-7138,-7138,-7570,-7570,-7570,-7570,-7570,-7570,-7570,-7570,-7570,-7570,-7570,-7570,-7570,-7570,-7570,-7570,-7570,-7570,-7570,-7570,-7570,-7570,-7570,-7570,-7570,-7570,-7570,-7570,-7570,-7570,-7570,-7959,-7959,-7959,-7959,-7959,-7959,-7959,-7959,-7959,-7959,-7959,-7959,-7959,-7959,-7959,-7959,-7959,-7959,-7959,-7959,-7959,-7959,-7959,-7959,-7959,-7959,-7959,-8315,-8315,-8315,-8315,-8315,-8315,-8315,-8315,-8315,-8315,-8315,-8315,-8315,-8315,-8315,-8315,-8315,-8315,-8315,-8315,-8315,-8315,-8315,-8315,-8315,-8315,-8315,-8315,-8315,-8315,-8315
