10.544,9.90798,9.70366,9.61046,8.88811,7.66781,7.58086,6.47023,4.96036,4.96036,4.96036,4.03254,2.01762,1.86572,0.676618,-1.28414,-1.51844,-1.51844,-2.4796,-2.4796,-2.4796,-2.90382,-2.90382,-3.53324,-3.53324,-3.58048,-4.56582,-4.56582,-4.56582,-4.56582,-4.56582,-4.56582,-4.56582,-4.92403,-4.96932,-5.4919,-5.4919,-5.85156,-5.89681,-5.89681,-6.71041,-7.59792,-7.59792,-7.59792,-7.64656,-7.64656,-7.68253,-7.68253,-7.68253,-7.68253,-8.0607,-8.0607,-8.35413,-8.35413,-8.35413,-8.40278,-8.40278,-8.40278,-8.4104,-8.76021,-8.76021,-8.76021,-10.9507,-10.9507,-10.9508,-11.2622,-11.2622,-11.3568,-11.5973,-11.6664,-11.6664,-11.6887,-11.7227,-11.9778,-11.9778,-11.9779,-11.9855,-11.9855,-12.0983,-12.0983,-12.0983,-12.3819,-12.3819,-12.3819,-12.3819,-12.3819,-12.4703,-12.4703,-12.4703,-12.5002,-12.5002,-12.5002,-12.5002,-12.5002,-12.5299,-12.5299,-12.5299,-12.5521,-12.5521,-12.5521
9.91574,9.91574,8.0459,7.25492,7.25492,7.25492,6.05625,4.67861,4.67861,4.01138,3.40402,3.40402,2.54147,2.02364,1.15486,0.38657,0.38657,-1.22338,-1.42522,-1.42522,-1.5378,-2.23847,-2.43764,-2.43764,-2.66813,-3.31956,-3.59104,-3.88319,-3.99505,-4.46584,-4.46584,-4.87761,-5.91015,-5.91015,-5.91015,-5.99997,-6.36274,-7.00508,-7.18677,-7.45767,-7.45767,-7.59884,-7.59884,-7.77504,-7.77504,-7.88601,-8.12123,-8.22764,-8.34434,-8.34434,-8.34434,-8.50343,-8.6085,-8.6085,-8.66803,-8.66803,-8.66803,-8.7929,-8.7929,-8.7929,-8.7929,-8.94173,-8.94173,-8.94173,-8.94173,-8.94173,-8.94173,-9.01371,-9.01371,-9.03383,-9.03396,-9.03405,-9.0666,-9.06683,-9.19642,-9.32142,-9.4299,-9.5549,-9.5549,-9.64344,-9.71727,-9.82148,-9.959,-9.98747,-9.98747,-9.98747,-9.98747,-10.0594,-10.0922,-10.0922,-10.1573,-10.1573,-10.1901,-10.1901,-10.2454,-10.2454,-10.3874,-10.3874,-10.3874,-10.3874
10.3199,10.3199,8.03803,8.03803,7.25331,7.00552,6.17578,6.10209,5.55207,4.51174,4.13062,3.34995,2.36838,1.75683,1.29832,0.0275319,0.0275319,-0.0790957,-1.78297,-1.78297,-1.78297,-1.78297,-2.10297,-2.5351,-2.5351,-2.5351,-2.66898,-2.82593,-3.00378,-4.03266,-4.03266,-4.14871,-4.14871,-4.22132,-4.39974,-5.09714,-5.28614,-5.29317,-5.54724,-6.28573,-6.47472,-6.47472,-6.47472,-6.47472,-6.80706,-6.89275,-6.9337,-6.9337,-6.9337,-7.79851,-7.79851,-7.79851,-7.79851,-7.89795,-7.92515,-7.92515,-8.0246,-8.0246,-8.04872,-8.04872,-8.04872,-8.07231,-9.03803,-9.03803,-9.03803,-9.03803,-9.03803,-9.03803,-9.03803,-9.03803,-9.03803,-9.03803,-9.03803,-9.03803,-9.03803,-9.03803,-9.03803,-9.03803,-9.03803,-9.31006,-9.31006,-9.31006,-9.31006,-9.31006,-9.40715,-9.40715,-9.40715,-9.40715,-9.40715,-9.40715,-9.40715,-9.40715,-9.41999,-9.41999,-9.41999,-9.41999,-9.54085,-9.54085,-9.54085,-9.57464
10.4847,10.0875,9.69959,9.69959,8.95854,8.68905,7.26271,7.09066,7.09066,5.82709,5.41344,5.41344,4.78265,4.18895,3.38389,2.83533,1.27852,1.27852,1.27852,1.27852,1.18893,0.0853622,-0.268256,-2.00354,-2.00354,-2.00354,-2.08546,-2.13847,-3.14103,-3.56163,-3.78139,-3.89227,-4.11715,-4.73691,-4.73691,-4.73691,-5.4035,-5.63497,-5.63497,-5.63497,-5.6812,-6.28091,-6.28091,-6.28091,-6.3543,-6.35431,-6.35431,-6.50173,-6.50173,-6.50173,-6.50173,-6.9432,-6.9432,-6.94337,-6.94337,-6.94337,-6.94337,-6.94365,-6.94365,-7.10281,-7.10281,-7.10296,-7.10296,-7.92868,-7.92868,-7.92868,-7.92868,-7.92868,-7.92868,-7.92868,-7.92868,-8.03695,-8.03695,-8.03695,-8.03695,-8.03695,-8.43041,-8.6967,-8.6967,-8.87831,-8.87831,-9.52257,-9.52257,-9.68377,-10.0039,-10.0039,-10.0243,-10.1839,-10.1839,-10.1839,-10.1839,-10.1839,-10.1839,-10.1839,-10.1839,-10.1839,-10.1839,-10.1839,-10.1839,-10.1839
9.83722,9.83722,8.02863,7.72349,7.72349,7.72349,7.67254,7.61891,5.91836,5.8569,5.61347,4.71206,3.76891,3.76891,2.90291,1.93533,1.93533,1.54759,0.569875,0.569875,0.339701,-0.758409,-0.871561,-0.871561,-2.12377,-2.12377,-2.53273,-2.53273,-2.76046,-2.76046,-3.23626,-3.23626,-3.32247,-3.7102,-3.92433,-4.48194,-4.48194,-4.48194,-5.31819,-5.31819,-5.73868,-5.73868,-5.73868,-5.8388,-6.13869,-6.13869,-6.13869,-6.13869,-6.1389,-6.1389,-6.6541,-6.6541,-6.6541,-6.6541,-6.65413,-6.75421,-7.0157,-7.0157,-7.0157,-7.0157,-7.01582,-7.06417,-7.06417,-7.06422,-7.06422,-7.06422,-7.06422,-7.06422,-7.06422,-7.06422,-7.12792,-7.12792,-7.12792,-7.12792,-7.12792,-7.13828,-7.13828,-7.13828,-7.13828,-7.13828,-7.13828,-7.13828,-7.21442,-7.30195,-7.30195,-7.30195,-7.30195,-7.5637,-7.5637,-7.5637,-7.5637,-7.5637,-7.5637,-7.5637,-7.5637,-7.5637,-7.5637,-7.5637,-7.5637,-7.58959
10.0254,10.0254,9.07503,9.07503,9.07503,8.13979,7.47373,7.20384,5.89438,4.9901,1.86028,1.86028,1.86028,1.65818,1.65243,-0.751436,-0.751436,-0.751436,-0.751436,-0.968553,-1.24274,-2.04933,-2.04933,-2.59324,-2.59324,-3.92171,-4.66914,-4.66914,-4.82072,-5.25756,-5.25756,-6.00612,-6.31034,-6.31034,-6.7733,-7.69471,-7.69471,-7.69471,-7.69471,-7.69471,-7.69471,-7.69471,-7.99835,-8.05884,-8.05884,-8.36247,-8.4104,-8.4104,-8.4104,-8.47262,-8.87418,-8.95385,-8.95385,-8.95385,-8.95385,-9.07064,-9.17751,-9.78603,-9.78603,-9.78603,-9.78603,-9.88568,-9.90188,-10.1847,-10.1847,-10.1847,-10.4002,-10.4002,-10.4002,-10.4002,-10.4451,-10.4518,-10.4518,-10.5609,-10.6254,-10.6254,-10.6854,-10.6854,-10.6854,-10.6854,-10.698,-10.785,-10.8379,-10.8379,-10.8379,-10.9096,-10.9096,-10.9802,-11.0254,-11.0254,-11.0785,-11.0785,-11.3282,-11.3813,-11.3813,-11.3813,-11.3813,-11.3813,-11.3813,-11.4342
10.2761,10.2761,9.11608,9.11569,8.72896,7.89679,7.18025,6.2232,4.9,3.51914,3.51914,3.49409,3.07411,2.5285,1.384,1.384,-0.266757,-0.266757,-0.289862,-0.289862,-0.868888,-1.23199,-1.76988,-2.23064,-2.62901,-2.62901,-2.69022,-3.13803,-3.67251,-4.38119,-4.38119,-5.19454,-5.21925,-5.39872,-5.39872,-5.63517,-6.01291,-6.01291,-6.02437,-6.02437,-6.04341,-6.04341,-6.59213,-7.06012,-7.06012,-7.06012,-7.28438,-7.54103,-7.54168,-7.54168,-7.54168,-8.11051,-8.11051,-9.04455,-9.04455,-9.04455,-9.04455,-9.2501,-9.2501,-9.2559,-9.63792,-9.63792,-9.63792,-9.63792,-9.64294,-9.64294,-9.64294,-9.92,-9.99838,-9.99838,-10.2506,-10.2506,-10.2506,-10.8939,-10.8939,-10.8939,-10.8939,-10.8939,-10.8939,-10.8939,-10.8939,-10.8939,-11.0576,-11.5907,-11.6859,-11.6859,-11.8475,-11.8475,-12.0433,-12.4289,-13.0024,-13.0024,-13.6047,-14.2567,-14.2567,-14.4522,-15.0546,-15.0546,-15.0546,-15.2122
9.09024,9.09024,9.09024,8.35422,8.03204,7.14742,6.86037,6.2433,6.24213,6.08026,4.50352,4.50352,3.70744,3.70744,3.63735,3.11784,3,1.91598,1.91598,0.665469,0.420731,-0.163379,-0.163379,-0.350834,-1.26492,-1.26492,-2.33474,-2.33474,-2.33474,-2.60141,-2.80471,-3.03844,-3.28261,-3.52462,-3.79898,-3.79898,-4.33993,-4.41517,-4.41517,-5.0708,-5.0708,-5.21017,-5.54304,-5.59411,-5.59411,-5.59411,-5.59411,-5.67243,-5.7887,-5.82008,-5.82008,-5.92167,-6.12468,-6.20767,-6.20767,-6.20767,-6.20767,-6.35531,-6.35531,-6.43363,-6.51964,-7.2161,-7.2161,-7.2161,-7.50778,-7.50843,-7.53997,-7.75506,-7.99447,-7.99447,-8.36093,-8.36093,-8.36093,-8.36093,-8.36093,-8.36093,-8.36093,-8.48355,-8.48355,-8.48355,-8.48355,-8.48355,-9.01045,-9.22554,-9.22554,-9.22554,-9.22554,-9.22554,-9.22554,-9.72213,-9.72213,-10.0205,-10.0205,-10.692,-10.692,-10.692,-10.692,-10.692,-10.692,-10.7753
9.79641,9.79641,9.79641,8.90209,8.90209,6.99408,6.99408,6.99408,5.50909,4.02373,3.98002,3.68097,3.68097,3.30007,2.81599,2.55963,1.70424,1.67356,0.475831,0.475831,-0.613372,-1.46169,-2.5628,-3.27432,-3.27432,-3.27432,-3.30938,-3.65065,-4.4159,-4.4159,-5.77833,-5.77833,-5.77833,-5.77833,-5.77833,-5.96499,-5.96499,-5.96499,-6.92885,-6.92885,-6.92885,-6.92885,-6.92885,-6.92885,-6.92885,-6.92885,-6.92885,-7.01164,-7.01164,-7.27026,-7.27026,-7.27026,-7.27026,-7.68185,-7.68185,-7.68185,-7.74063,-7.95688,-8.1632,-8.1632,-8.1632,-8.1818,-8.1818,-8.18221,-8.22198,-8.50821,-8.77053,-8.77053,-8.77331,-8.77331,-8.77331,-8.77331,-8.90684,-9.09038,-9.09038,-9.09038,-9.14492,-9.2887,-9.2887,-9.2891,-9.34748,-9.34748,-9.34748,-9.34748,-9.53969,-9.5401,-9.5401,-9.59847,-9.59847,-9.59888,-9.71072,-9.71072,-9.71072,-9.81688,-9.81688,-9.81688,-9.81688,-9.81688,-9.81688,-9.81688
11.3233,10.3181,9.88567,9.21445,9.21445,8.56095,8.56095,7.54134,6.57584,6.57584,5.91336,4.36788,4.36788,3.50691,3.40605,2.73133,2.73133,1.73969,1.41515,0.920648,0.409711,-0.137961,-0.244741,-1.93364,-1.93364,-2.60837,-2.62115,-3.21372,-3.42085,-3.42085,-3.51405,-4.07106,-4.07106,-4.57576,-4.95289,-4.95289,-5.25815,-5.41961,-5.41961,-5.45584,-5.45584,-5.70164,-5.84305,-5.87926,-6.12056,-6.12506,-6.12506,-6.12506,-6.36243,-6.64892,-6.64893,-6.64893,-7.5649,-7.56942,-7.56942,-7.66657,-8.09324,-8.09325,-8.09325,-8.1949,-8.1949,-8.71474,-8.71474,-8.8164,-8.8164,-8.8164,-8.8164,-8.8164,-8.81641,-9.23438,-9.30063,-9.30068,-9.33604,-9.33604,-9.33605,-9.33605,-9.69539,-9.73075,-9.73076,-9.73076,-9.73076,-9.73413,-9.73413,-9.73413,-9.73413,-9.73413,-9.73413,-9.73413,-9.73413,-9.73413,-10.0125,-10.0125,-10.0125,-10.0125,-10.0125,-10.0125,-10.0523,-10.0523,-10.0523,-10.0523
8.93667,8.93667,8.93667,8.59185,8.59185,7.5911,5.51604,5.51604,5.51604,5.51604,4.51397,3.96389,3.93705,3.93333,3.29549,3.00991,1.71891,0.975542,0.570084,0.537389,-0.274135,-1.92161,-2.06363,-2.06363,-2.7344,-2.7344,-3.21707,-3.75563,-3.75563,-3.86034,-3.86034,-4.17428,-4.25664,-4.25664,-4.72018,-4.72018,-4.72018,-5.13513,-5.18396,-5.18396,-5.22519,-5.6138,-5.61437,-5.69851,-5.85864,-5.85864,-5.87111,-5.87111,-5.87619,-6.35377,-6.35377,-6.44082,-7.00487,-7.00487,-7.00487,-7.00487,-7.09501,-7.12659,-7.12659,-7.19254,-7.28326,-8.06572,-8.06572,-8.06572,-8.06572,-8.06572,-8.06572,-8.06572,-8.06572,-8.06572,-8.06572,-8.06572,-8.37511,-8.37511,-8.37511,-8.37511,-8.37511,-8.37511,-8.37511,-8.4989,-8.4989,-8.4989,-8.4989,-8.4989,-8.4989,-8.4989,-8.51262,-8.54131,-8.54131,-8.54131,-8.54131,-8.76027,-8.77399,-8.77399,-8.77399,-8.77399,-9.13026,-9.13026,-9.13026,-9.13026
9.17688,9.17688,8.52975,8.52975,8.52975,8.22694,8.22694,7.37484,6.2132,5.87766,4.55586,3.40031,2.92847,2.92847,2.92847,2.5509,0.789593,0.125802,0.125802,-1.58773,-3.06259,-3.06259,-3.06259,-3.06355,-3.06355,-3.92831,-4.62754,-4.62754,-4.6282,-4.73813,-4.75663,-4.77378,-4.77378,-4.94837,-5.05203,-5.05203,-5.07746,-5.07746,-5.2334,-5.2334,-5.2334,-5.2432,-5.34962,-5.34962,-5.68763,-5.72113,-5.84881,-5.84881,-5.92626,-6.16896,-6.67446,-6.94404,-6.94404,-6.94517,-6.95368,-7.02479,-7.18405,-7.30139,-7.60274,-7.60275,-7.8099,-7.96775,-8.06612,-8.12657,-8.20661,-8.72205,-8.80766,-8.80766,-9.04766,-9.13213,-9.13213,-9.20323,-9.20501,-9.20501,-9.20501,-9.21158,-9.21158,-9.21158,-9.21158,-9.21158,-9.21158,-9.21158,-9.21158,-9.21158,-9.21158,-9.21158,-9.21158,-9.21158,-9.45351,-9.45351,-9.45351,-9.45351,-9.45351,-9.45351,-9.45353,-9.49506,-9.49506,-9.49506,-9.49506,-9.49506
9.34657,9.34,9.02274,7.58208,7.58208,7.34214,6.12384,5.79897,4.69402,4.69402,3.86571,3.29415,1.37765,1.37765,1.37765,1.37765,-0.11051,-0.11051,-0.703514,-1.09185,-1.09185,-1.14414,-1.90833,-1.90833,-3.06117,-3.15014,-3.70892,-3.70892,-4.49332,-4.49332,-4.49332,-5.52915,-6.62651,-6.62651,-6.62651,-6.62651,-6.8239,-7.19074,-7.19074,-7.41812,-7.4317,-7.60437,-7.9409,-8.30981,-8.30981,-8.61244,-8.61244,-8.94874,-9.04156,-9.04156,-9.04156,-10.0082,-10.2052,-10.4725,-10.4725,-10.8026,-11.1513,-11.1513,-11.1513,-11.2828,-11.7057,-11.7057,-11.8779,-11.9476,-12.3192,-12.3192,-12.3192,-12.3192,-12.3192,-12.3192,-12.3192,-12.3192,-12.3192,-12.3192,-12.9472,-12.9472,-12.9472,-12.9472,-12.9472,-12.9472,-12.9472,-12.9472,-12.9472,-12.9472,-13.2035,-13.2035,-13.2035,-13.2035,-13.2035,-13.308,-13.308,-13.308,-13.308,-13.3758,-13.3759,-13.3759,-13.3759,-14.0859,-14.0859,-14.0859
10.3271,9.71278,9.342,9.29929,8.46599,8.08004,7.69071,6.59405,6.59405,6.33968,5.07177,3.65749,3.65749,3.65749,3.15721,3.15721,2.00387,2.00387,1.01936,-0.27526,-0.435115,-1.37996,-1.37996,-1.37996,-2.48148,-2.52122,-2.52122,-3.73516,-4.03606,-4.1136,-4.40275,-4.69629,-5.12323,-5.32718,-5.32718,-5.42148,-5.61232,-6.0534,-6.28442,-6.28442,-6.35695,-6.92296,-6.92296,-7.25197,-7.25197,-7.55643,-7.85203,-8.42099,-8.54092,-9.16479,-9.16479,-9.72359,-9.72359,-9.72359,-9.98559,-10.4425,-10.4425,-10.698,-10.698,-11.0165,-11.4168,-11.7038,-11.7038,-12.0462,-12.3572,-12.3572,-12.3572,-12.3572,-12.3572,-12.3572,-12.6128,-12.6128,-12.6128,-12.6128,-12.6128,-12.6128,-12.6128,-12.6128,-12.6217,-12.6217,-12.6217,-12.6217,-12.9239,-12.9239,-13.1848,-13.1848,-13.1848,-13.1848,-13.4431,-13.4431,-13.4431,-13.5548,-13.5548,-13.5548,-13.5548,-13.5548,-13.5548,-13.5548,-13.5548,-13.5548
10.0654,9.9201,9.91993,8.65031,8.65031,8.33052,7.75225,7.14601,6.21969,5.37996,4.75468,4.69829,3.80558,3.36598,3.36598,2.87421,1.52734,1.52734,1.44446,1.11785,0.578123,0.340418,-0.924873,-0.924873,-1.16383,-1.70172,-2.20752,-3.05197,-3.05197,-3.05197,-3.05197,-3.05197,-4.07556,-4.07556,-4.07556,-4.07556,-4.07556,-4.59293,-4.59293,-4.61735,-4.72949,-5.02565,-5.02565,-5.02565,-5.02565,-5.02565,-5.02565,-5.22791,-5.22791,-5.3348,-5.66147,-5.66147,-5.66147,-5.66147,-5.80144,-5.80144,-5.80144,-5.80144,-5.80144,-6.03918,-6.03918,-6.06339,-6.06339,-6.06339,-6.14607,-6.35888,-6.35888,-6.35888,-6.35888,-6.39294,-6.55311,-6.55311,-6.66,-6.66,-6.66,-6.713,-6.713,-6.9258,-6.9258,-6.9258,-6.98037,-6.98037,-6.98037,-6.98037,-6.98482,-6.98482,-7.1021,-7.1021,-7.10516,-7.10516,-7.10516,-7.10516,-7.10553,-7.2168,-7.2168,-7.22543,-7.24769,-7.24769,-7.24769,-7.27969
10.0018,10.0018,9.53289,9.04062,8.56839,8.40418,4.68507,4.68507,4.68507,4.68507,4.21869,3.65445,3.34814,0.370072,0.370072,0.370072,0.370072,-0.0255138,-0.510564,-1.4808,-1.4808,-1.50603,-1.50603,-1.8301,-2.21672,-2.70107,-2.94997,-3.37102,-3.83422,-3.83422,-3.92064,-3.92064,-4.35158,-4.35158,-5.31571,-5.31571,-5.31571,-5.31571,-5.31571,-5.31571,-5.31571,-5.31571,-5.31571,-5.31571,-5.31571,-5.31571,-5.31571,-6.08598,-6.09168,-6.24413,-6.48817,-6.86437,-7.16572,-7.16572,-7.41859,-7.74206,-7.7896,-8.17365,-8.17365,-8.52878,-8.94737,-9.32575,-9.32575,-9.58388,-9.58388,-9.58388,-9.58388,-9.58388,-9.70381,-9.98608,-10.0098,-10.0098,-10.2457,-10.2457,-10.2508,-10.5122,-10.6144,-10.6909,-10.6909,-10.7655,-10.8191,-10.8191,-10.8208,-11.3215,-11.3215,-11.4036,-11.4036,-12.2622,-12.2622,-12.2622,-12.2622,-12.2622,-12.2622,-12.2639,-12.2639,-12.2639,-12.2639,-12.2639,-12.2639,-12.2639
9.20316,9.20316,9.20316,8.95769,8.54552,7.79155,7.57915,7.09911,4.57617,4.57617,4.57617,4.40404,2.72297,2.72297,2.52771,2.16825,2.16825,1.27617,1.27617,1.20902,0.801114,-0.155277,-0.155277,-0.155277,-0.265839,-1.02054,-1.40872,-1.40872,-1.94627,-3.26654,-3.28478,-3.28478,-3.28478,-3.75185,-3.90459,-4.53246,-4.53246,-4.58528,-4.85321,-4.85321,-4.85321,-5.25824,-5.52618,-5.52618,-5.98197,-5.98197,-5.98197,-6.15412,-6.15412,-6.15412,-6.15412,-6.71102,-6.71102,-6.71102,-6.76137,-7.49042,-7.49042,-7.49042,-7.49042,-7.80529,-8.16014,-8.16014,-8.16014,-8.16014,-8.16014,-8.16014,-8.16014,-8.16014,-8.16014,-8.63671,-8.65964,-8.65964,-8.65964,-8.65964,-8.65964,-8.65964,-8.85359,-9.11552,-9.11552,-9.11552,-9.11552,-9.11552,-9.42557,-9.45904,-9.45904,-9.45904,-9.45904,-9.45904,-9.45904,-9.45904,-9.55368,-9.62125,-9.62125,-9.93785,-9.93785,-10.1001,-10.1001,-10.1001,-10.1001,-10.1001
10.4488,10.4488,9.59587,8.82569,7.89726,7.84107,7.40825,5.599,4.04373,4.04373,4.04373,3.87742,3.87742,3.11263,2.41112,2.41112,1.53437,1.53437,0.0269577,0.0269577,-0.345257,-0.345257,-0.378166,-0.507861,-0.880076,-0.880076,-1.31257,-1.31257,-2.48707,-2.48707,-2.48707,-2.48707,-2.48707,-2.48707,-2.48707,-2.48707,-2.48707,-3.30669,-3.30669,-3.30669,-3.30669,-3.35076,-3.40398,-3.52743,-3.69018,-4.34338,-4.72359,-4.7584,-4.7584,-4.7584,-5.16307,-5.45438,-5.55785,-5.55785,-5.60073,-5.79303,-6.09014,-6.09014,-6.09014,-6.09014,-6.12364,-6.12364,-6.3699,-6.45672,-6.45672,-6.45672,-6.47326,-6.77338,-6.81997,-6.81997,-7.10847,-7.10847,-7.10847,-7.10847,-7.12071,-7.42517,-7.51622,-7.51622,-7.65103,-7.65103,-7.65103,-7.65103,-7.65103,-8.15196,-8.15196,-8.15196,-8.15196,-8.15196,-8.15196,-8.3389,-8.69452,-8.69452,-8.7542,-8.7542,-9.04045,-9.04045,-9.04045,-9.04045,-9.04045,-9.04045
9.95156,9.69345,8.78713,8.47215,8.47215,6.95788,6.58588,6.58588,2.93831,2.6618,2.6618,2.6618,2.63731,1.85342,1.47939,1.34503,0.760362,-0.360731,-0.360731,-0.360731,-0.61411,-1.46005,-1.90472,-1.90472,-2.04012,-2.3438,-2.3438,-2.3438,-2.3438,-2.55792,-3.09101,-3.14251,-3.15411,-3.68633,-4.21185,-4.32017,-4.34914,-4.51391,-4.89296,-4.93308,-4.93308,-4.93638,-5.16663,-5.16663,-5.16663,-5.16666,-5.65652,-5.65652,-5.65652,-5.65652,-5.65652,-5.94038,-6.06715,-6.06715,-6.07127,-6.09215,-6.31792,-7.54338,-7.54338,-7.54338,-7.54338,-7.54338,-7.54338,-7.54338,-7.54338,-7.95579,-7.95579,-8.29518,-8.29518,-8.55226,-8.57951,-8.82834,-9.50393,-10.1388,-10.6635,-10.6635,-10.889,-10.889,-10.9083,-11.0608,-11.0608,-11.0608,-11.0801,-11.3436,-11.3436,-11.7342,-11.9061,-11.9061,-11.9061,-12.1166,-12.1166,-12.2885,-12.2885,-12.3823,-12.839,-13.0109,-13.0109,-13.0109,-13.0109,-13.1205
8.33751,7.06113,7.06113,6.78638,6.54852,6.54852,6.43209,5.56175,4.15698,3.56228,3.56228,3.56228,3.08562,3.08553,3.08553,2.29114,2.29114,2.03882,1.93601,1.93601,1.0159,0.437535,0.437535,0.388434,-0.310242,-0.310291,-0.310291,-1.28195,-1.28195,-1.28195,-1.28195,-1.28195,-1.28596,-1.43218,-1.43219,-1.48373,-1.5375,-1.71422,-1.71422,-1.71422,-1.71422,-1.71422,-1.80585,-1.89918,-1.89918,-1.91439,-1.93985,-1.96575,-2.16593,-2.16593,-2.23322,-2.31348,-2.59829,-2.85443,-2.85443,-2.85443,-3.48059,-3.48059,-3.48059,-3.91289,-4.42458,-4.42458,-4.42458,-4.42458,-4.42458,-4.8636,-4.8636,-5.0016,-5.09493,-5.09493,-5.14384,-5.22546,-5.95242,-5.95242,-6.46404,-6.46408,-6.46408,-6.46408,-6.46414,-6.72803,-6.72803,-6.72809,-6.72809,-6.72829,-6.73044,-6.73044,-6.73044,-6.73044,-6.73044,-6.73044,-6.73622,-6.73622,-6.73622,-6.73622,-6.84324,-6.89124,-6.89124,-6.89124,-6.89124,-6.89124
10.8852,10.7825,9.97774,9.78061,9.30212,9.07134,7.24309,7.24309,5.98061,5.98061,4.86142,4.86142,3.85859,3.81335,3.81335,3.22664,2.9399,2.42768,2.42768,1.78316,0.92075,0.855797,0.210052,0.20414,-0.921947,-1.84997,-1.84997,-1.94506,-2.69817,-2.69817,-3.38784,-3.38784,-4.13213,-4.13213,-4.16255,-4.89827,-5.58204,-5.58214,-5.58214,-5.58473,-5.58473,-5.58473,-6.36212,-6.36212,-6.36212,-6.3648,-6.3648,-6.82726,-7.08488,-7.08488,-7.38082,-7.67831,-8.03153,-8.26478,-8.26478,-8.26478,-8.57575,-8.72076,-8.99225,-8.99225,-9.12177,-9.31501,-9.31501,-10.0753,-10.0753,-10.0753,-10.0753,-10.5009,-10.5009,-10.5009,-10.5165,-10.5165,-11.2509,-11.2509,-11.2509,-11.2509,-11.2509,-11.2509,-11.2509,-11.2509,-11.2509,-11.3249,-11.3249,-11.3249,-11.3249,-11.3249,-11.3249,-11.3825,-11.3825,-11.3825,-11.3825,-11.3825,-11.4565,-11.4565,-11.4565,-11.4696,-11.4702,-11.4702,-11.7627,-11.7627
10.2262,9.66684,9.66684,9.646,8.25832,6.85147,6.85147,6.84001,6.67204,5.37878,4.69283,4.43373,2.78655,2.78655,2.78655,1.61371,1.10621,1.10621,0.592912,0.209726,-0.346139,-1.76704,-2.13281,-3.5821,-3.5821,-3.63877,-4.90026,-4.90026,-4.90026,-5.464,-5.58501,-5.87096,-7.31262,-7.31262,-7.31262,-7.31262,-7.36929,-7.49635,-8.23062,-8.23062,-8.28729,-8.28729,-8.28729,-8.28729,-8.28729,-8.28729,-8.30044,-8.30044,-8.30215,-8.30215,-8.35711,-8.36672,-8.36672,-8.36672,-8.36672,-8.83015,-8.83015,-8.83015,-8.83015,-8.83015,-8.83015,-8.83015,-8.83015,-8.83015,-8.83015,-8.83015,-8.83015,-9.05531,-9.05531,-9.05531,-9.05531,-9.05531,-9.05531,-9.22105,-9.35851,-9.35851,-9.46605,-9.64688,-9.81199,-9.96972,-9.96972,-9.98351,-9.98351,-10.1174,-10.1174,-10.1284,-10.1544,-10.2751,-10.2751,-10.2751,-10.2891,-10.2891,-10.2891,-10.3676,-10.3676,-10.3676,-10.3676,-10.5798,-10.6395,-10.6395
9.67604,9.67588,9.67588,8.90787,8.21096,8.21096,7.30977,5.70237,4.92852,4.46512,3.8791,3.6991,3.6991,3.20637,2.71186,1.84296,1.03746,0.169391,-0.0241548,-0.242046,-0.740303,-1.16052,-1.65279,-1.73913,-2.15985,-2.82231,-3.13286,-3.23475,-3.23475,-3.45311,-4.15816,-4.15816,-4.31691,-4.39094,-4.64364,-4.98772,-5.68488,-5.90559,-5.90559,-6.2329,-6.2329,-7.01413,-7.26434,-7.54626,-8.34905,-8.34905,-8.34905,-8.66997,-9.33854,-9.36515,-10.0024,-10.0024,-10.0024,-10.0024,-10.0024,-10.5866,-11.251,-11.251,-11.251,-11.251,-11.5839,-11.9211,-11.9211,-11.9211,-11.9211,-11.9211,-11.9211,-11.9211,-11.9211,-12.953,-12.953,-12.953,-12.953,-12.953,-12.953,-12.953,-12.953,-12.953,-12.953,-12.953,-12.953,-12.953,-12.953,-12.953,-12.953,-12.9995,-13.1846,-13.1846,-13.1846,-13.1846,-13.2395,-13.3127,-14.1866,-14.1866,-14.1866,-14.1866,-14.1866,-14.1866,-14.1866,-14.1866
10.6945,9.87302,9.36957,8.41915,8.39456,7.07155,6.80491,5.49684,5.27047,5.02281,3.23092,2.78757,2.78757,2.78757,0.653722,0.653722,0.653722,0.653722,-0.0382056,-0.378241,-0.820517,-0.910421,-1.52455,-1.83805,-2.58682,-2.90337,-3.5273,-4.15849,-4.15849,-4.31898,-4.72188,-4.73457,-5.34815,-5.34815,-5.34815,-6.15931,-6.25871,-6.32701,-6.67806,-6.67806,-6.67806,-7.46637,-7.46637,-7.5531,-7.5531,-7.5531,-7.5531,-7.75175,-7.75175,-7.83849,-7.83849,-7.83849,-7.83849,-7.83849,-7.83849,-8.12713,-8.21386,-8.21386,-8.21386,-8.21386,-8.21386,-8.21386,-8.29677,-8.29677,-8.41858,-8.50148,-8.50148,-8.50148,-8.50148,-8.52144,-8.52144,-8.52144,-8.66638,-8.66638,-9.28195,-9.28195,-9.28195,-9.28195,-9.28195,-9.28195,-9.28195,-9.28195,-9.28195,-9.28195,-9.28195,-9.28195,-9.28195,-9.28195,-9.28195,-9.28195,-9.28195,-9.28195,-9.28195,-9.28195,-9.28195,-9.28195,-9.28195,-9.29508,-9.41752,-9.45098
8.74448,8.74448,8.74448,8.74448,8.55809,6.20489,5.90983,5.89841,5.74683,4.15191,2.97605,2.57963,2.57963,1.4821,1.4821,1.4821,1.03226,0.483531,0.103947,0.103947,-0.747089,-0.747089,-1.0403,-2.58906,-2.88219,-2.88219,-2.88219,-2.88381,-3.24469,-3.58856,-3.81295,-4.42917,-5.09183,-5.09183,-5.62655,-5.62655,-5.694,-5.694,-5.93046,-5.93046,-6.71316,-6.71316,-6.95055,-7.01807,-7.01807,-7.01807,-7.01807,-7.0739,-7.0739,-7.19179,-7.24755,-7.28621,-7.28621,-7.39668,-7.39668,-7.57032,-7.57032,-7.66482,-7.83846,-7.83846,-7.83846,-8.03597,-8.03597,-8.03597,-8.17662,-8.2287,-8.2287,-8.48816,-8.55769,-8.74679,-8.74679,-9.26979,-9.45889,-9.46398,-9.46398,-9.46398,-9.60387,-9.79297,-10.2936,-10.2936,-10.2936,-10.2936,-10.2936,-10.2936,-11.3154,-11.3154,-11.3154,-11.3154,-11.3154,-11.3154,-11.3154,-11.5456,-11.9318,-11.9318,-11.9318,-11.9318,-11.9318,-11.9318,-11.9318,-12.034
10.1566,9.94646,9.70647,8.45444,7.12931,7.12931,7.12931,6.16651,4.97205,4.97205,3.96254,3.06738,3.06738,2.46099,2.45497,0.783939,0.783939,0.783939,0.783939,0.336155,-0.235874,-1.99891,-1.99891,-2.05078,-2.97312,-2.97312,-2.97312,-3.77192,-4.42526,-4.43484,-4.43484,-4.91384,-5.05103,-5.05705,-5.64586,-5.6933,-5.6933,-6.28219,-6.28232,-6.28247,-7.06925,-7.06925,-7.06925,-7.06925,-7.18519,-7.18531,-7.18531,-7.78752,-8.02936,-8.02936,-8.02936,-8.02979,-8.06462,-8.06462,-8.51513,-8.76452,-8.85158,-9.58674,-9.89114,-9.89114,-10.0455,-10.0455,-10.0455,-10.0459,-10.0459,-10.0459,-10.0543,-10.0543,-10.6065,-10.6065,-10.6065,-10.6065,-10.6065,-10.607,-10.7483,-10.7483,-10.7483,-10.7483,-10.7796,-10.7796,-10.7796,-10.7796,-10.7796,-10.7796,-10.7796,-10.7796,-10.7796,-10.7796,-10.7962,-10.7962,-10.9209,-10.9485,-10.9485,-11.4627,-11.4627,-11.4627,-11.4627,-11.4627,-11.6353,-11.6353
9.40048,9.40048,9.40048,9.40048,9.01931,8.24669,8.07475,6.98708,6.98708,5.73024,5.73024,5.20723,5.20723,4.9873,4.7683,4.44735,2.81355,2.59982,2.59982,2.54766,1.98005,1.98005,1.09945,1.09945,0.817683,-0.599233,-0.599233,-1.76658,-1.76658,-1.76658,-1.87495,-2.51921,-2.51921,-2.51921,-2.51921,-2.51921,-2.51921,-2.71498,-2.71498,-2.72061,-3.3849,-3.3849,-3.54124,-3.54124,-4.105,-4.105,-4.20669,-4.20669,-4.20669,-4.28659,-4.28659,-4.38828,-4.38828,-5.0278,-5.0278,-5.33212,-5.33212,-5.58213,-5.58213,-5.58213,-5.64397,-5.64397,-5.68382,-5.68382,-5.68382,-5.79229,-5.89418,-6.07949,-6.07949,-6.07949,-6.1793,-6.1793,-6.1793,-6.2811,-6.2811,-6.46641,-6.48515,-6.48515,-6.49239,-6.49258,-6.69682,-6.69682,-6.69682,-6.77495,-6.80092,-6.80112,-6.97916,-7.04165,-7.04165,-7.36886,-7.36886,-7.36886,-7.36886,-7.36886,-7.36886,-7.36886,-7.36886,-7.36886,-7.36886,-7.36886
10.6655,10.142,9.9283,8.02389,7.77828,7.69113,6.47084,5.90004,5.90004,5.90004,4.24084,4.24084,3.60819,3.48925,2.12406,1.29507,1.29507,1.02772,0.156366,-0.138276,-0.591986,-1.57066,-2.52626,-2.52626,-2.52626,-3.05342,-3.05342,-3.27964,-4.06203,-4.06203,-4.09277,-4.47372,-5.33272,-5.33272,-5.47247,-5.94694,-6.08249,-6.79043,-6.79043,-6.79043,-7.21787,-7.21787,-8.41439,-8.41439,-8.4145,-8.4145,-8.4145,-8.4145,-8.80033,-8.80033,-8.80033,-8.80033,-8.80033,-8.87805,-8.87805,-9.26398,-9.26398,-9.264,-9.264,-9.33107,-9.33107,-9.53415,-9.53415,-9.53415,-9.53415,-9.72954,-9.72955,-9.74138,-9.74138,-9.74146,-9.9997,-10.0116,-10.1398,-10.37,-10.37,-10.6517,-10.9332,-10.9332,-10.9333,-10.9333,-10.9333,-11.2213,-11.2213,-11.6789,-11.679,-11.679,-11.679,-11.679,-11.7959,-11.7959,-12.0749,-12.0749,-12.0749,-12.3351,-12.3351,-12.3351,-12.365,-12.365,-12.8343,-12.8343
10.891,10.5868,9.27167,8.23555,7.80667,7.47049,7.06514,6.42805,4.31427,4.31427,3.72807,3.72807,3.7038,2.45074,2.32668,2.04338,2.04338,1.44294,1.32435,0.0915597,-0.61284,-0.61284,-0.61284,-1.37988,-2.64567,-2.64567,-3.54793,-3.54793,-3.55212,-4.06406,-4.20503,-4.20503,-4.20503,-4.70136,-4.8798,-4.8798,-4.8798,-4.8798,-4.8798,-5.49683,-6.25381,-6.25381,-6.25381,-6.29388,-6.29388,-6.29388,-6.29388,-6.29388,-6.29388,-6.41632,-6.41632,-6.41632,-6.6114,-6.6114,-6.6114,-6.63525,-6.63525,-6.68121,-6.77392,-6.77961,-6.99285,-6.99285,-6.99285,-6.99285,-7.15536,-7.15536,-7.15536,-7.15545,-7.15545,-7.15545,-7.15545,-7.28126,-7.28126,-7.76777,-7.76777,-7.76777,-7.76777,-7.76777,-7.76777,-8.00913,-8.00926,-8.03275,-8.03275,-8.03275,-8.05053,-8.51212,-8.55339,-8.55339,-8.55762,-8.55762,-8.55775,-8.83922,-8.83935,-8.83935,-8.83935,-8.84784,-8.88484,-8.92611,-8.92611,-9.12892
9.31344,9.12062,7.68559,7.68559,7.34755,5.3172,5.3172,5.10741,4.73188,4.12943,4.12943,3.62697,2.68962,2.39368,2.39196,2.20087,1.7676,0.760011,0.234202,0.233999,-0.61714,-1.85337,-1.91098,-2.17871,-2.17871,-2.77201,-2.77201,-3.50009,-3.58258,-3.58258,-4.21001,-4.21001,-4.55052,-4.55052,-4.55052,-5.05764,-5.05764,-5.90171,-6.05161,-6.05161,-6.05161,-6.05161,-6.05161,-6.05953,-6.59122,-6.66102,-6.66102,-6.66102,-6.82861,-6.82861,-6.94089,-6.94089,-6.96294,-7.03274,-7.03274,-7.03274,-7.03274,-7.03274,-7.11271,-7.64964,-8.00749,-8.00749,-8.00749,-8.00749,-8.00749,-8.00749,-8.00749,-8.00749,-8.00749,-8.00749,-8.00749,-8.20528,-8.20528,-8.26271,-8.26271,-8.31093,-8.31093,-8.31093,-8.31093,-8.31093,-8.31093,-8.43848,-8.43848,-8.43848,-8.43848,-8.53948,-8.53948,-8.54413,-8.54413,-8.71525,-8.71525,-8.8209,-8.8209,-8.8209,-8.8209,-8.87231,-8.89437,-8.89437,-8.89437,-8.89437
9.35894,9.35894,9.35894,9.33017,8.15493,7.45802,6.71683,6.679,6.25907,5.72861,5.72861,5.10582,4.45294,4.2351,3.05956,2.38366,2.38366,1.76683,1.16398,-0.550791,-0.550791,-0.550791,-0.550791,-0.550791,-1.5197,-1.5197,-1.5197,-1.77186,-1.77186,-2.3779,-2.43297,-2.64901,-3.52042,-3.52042,-3.52042,-3.52042,-3.6992,-4.14831,-4.45348,-4.68574,-4.77996,-5.08688,-5.08688,-5.21591,-5.27612,-5.27612,-5.27612,-6.14475,-6.23909,-6.23909,-6.5625,-6.5625,-6.5625,-7.2306,-7.2306,-7.2306,-7.2306,-7.2306,-7.2306,-7.2306,-7.30993,-7.30993,-7.30993,-7.30993,-7.30993,-7.30993,-7.30993,-7.30993,-7.30993,-7.30993,-7.30993,-7.44736,-7.44736,-7.44736,-7.44736,-7.44736,-7.44736,-7.44736,-7.55324,-7.55324,-7.62098,-7.62098,-7.62098,-7.64499,-7.64499,-7.65474,-7.76974,-7.87124,-7.87124,-7.87124,-7.87124,-8.02945,-8.02945,-8.02945,-8.02945,-8.26072,-8.26072,-8.26072,-8.26072,-8.26072
9.92154,9.92154,9.92154,9.52641,9.14609,8.09039,7.52085,5.92997,5.92997,5.92997,4.53985,3.8827,3.8827,3.8827,3.59923,1.74368,1.74368,1.47694,1.25381,-0.0253256,-0.617803,-0.617803,-0.830973,-1.87272,-3.07806,-3.07806,-3.70095,-3.76215,-4.05074,-4.78328,-4.78328,-5.0342,-5.17028,-5.54585,-6.47089,-6.56049,-6.56049,-6.89683,-7.34223,-7.34223,-7.34223,-7.53883,-7.53883,-7.67679,-7.69755,-7.69755,-7.76316,-8.07679,-8.07679,-8.07679,-8.10001,-8.10001,-8.45569,-8.46657,-8.50036,-8.50036,-8.74343,-8.88085,-9.16964,-9.16964,-9.16964,-9.16964,-9.17244,-9.17244,-9.74517,-9.74517,-9.74517,-9.74517,-10.0027,-10.0216,-10.0216,-10.0216,-10.5423,-10.5793,-10.7988,-11.3754,-11.3754,-11.3754,-11.4141,-11.4322,-12.0088,-12.0088,-12.0116,-12.0116,-12.0116,-12.0305,-12.4031,-12.4031,-12.4031,-12.4031,-12.4031,-12.4031,-12.4031,-12.4031,-12.477,-12.4958,-12.9844,-12.9844,-12.9844,-12.9844
9.18565,8.76394,8.76394,8.47303,8.03936,7.35182,6.51408,6.25624,6.25624,4.30275,4.22978,3.86223,2.9751,2.76993,2.15068,2.09495,1.39839,1.39839,0.781757,0.781757,-0.0845835,-0.191881,-0.677555,-0.870679,-1.46709,-2.00303,-3.11174,-3.11174,-3.52605,-3.66443,-3.81629,-4.38976,-4.38976,-5.12327,-5.4403,-5.44036,-5.93145,-6.11735,-6.11735,-6.55424,-7.03941,-7.04111,-7.04111,-7.04111,-7.04421,-7.04421,-7.04421,-7.08622,-7.20478,-7.20478,-7.20478,-7.20478,-7.20478,-7.34026,-7.34026,-7.34904,-7.40516,-7.44433,-7.56764,-7.56764,-7.66457,-8.21069,-8.21069,-8.21069,-8.21069,-8.21069,-8.21069,-8.88983,-8.88983,-8.88983,-8.88983,-9.328,-9.328,-9.328,-9.328,-9.41625,-9.47229,-9.56031,-9.66728,-9.85445,-9.85663,-9.85663,-9.85663,-9.85663,-9.85663,-9.89943,-9.90161,-9.90161,-9.90161,-9.90161,-9.94232,-9.9445,-9.9445,-9.9445,-9.9445,-10.1014,-10.1443,-10.1443,-10.1443,-10.1443
8.3643,8.21832,8.08804,7.96133,7.0619,5.41447,5.41447,4.12403,4.12403,3.44726,3.44726,2.70774,2.19045,0.651698,0.438599,0.438599,0.438599,0.437865,-0.217912,-0.917836,-0.917836,-0.917836,-0.917836,-1.31004,-1.42547,-1.42547,-1.42547,-1.64957,-1.73958,-2.27946,-2.33655,-2.53527,-2.53527,-2.78223,-3.40477,-3.40477,-3.76112,-3.76112,-4.63948,-4.63948,-4.63948,-4.63965,-4.6399,-5.07825,-5.07825,-5.07825,-5.07825,-5.07825,-5.09009,-5.09009,-5.12295,-5.89457,-5.89457,-5.89457,-5.89457,-5.89457,-5.89457,-5.89457,-6.15907,-6.15917,-6.35081,-6.36857,-6.36857,-6.36857,-6.36857,-6.58943,-6.58947,-6.59031,-6.65914,-6.78283,-6.78283,-7.11663,-7.11663,-7.11663,-7.11663,-7.45721,-7.52692,-7.52692,-7.52692,-7.7918,-7.87249,-7.87249,-7.93835,-7.93923,-7.93923,-7.93923,-7.9503,-7.95034,-7.95122,-7.95122,-8.02089,-8.02089,-8.02089,-8.02089,-8.02089,-8.02093,-8.02093,-8.1878,-8.1878,-8.1878
9.99997,9.96936,8.6651,7.84717,7.84717,7.39726,6.98892,5.84529,4.89955,3.11312,3.11312,3.11312,3.11312,2.20684,1.76148,0.172915,0.172915,0.172915,-1.26765,-2.06339,-2.06339,-2.26135,-3.59669,-3.59669,-3.72678,-4.25476,-4.35254,-5.31691,-5.34493,-5.3485,-6.65067,-6.65067,-6.65067,-7.21405,-7.63323,-7.63323,-7.67331,-7.67331,-7.67331,-7.67331,-7.67331,-7.98717,-7.98717,-7.98717,-7.98717,-7.98717,-7.98724,-8.03136,-8.11665,-8.11665,-8.18962,-8.18962,-8.18974,-8.2975,-8.2975,-8.34162,-8.47073,-8.47073,-8.62303,-8.62303,-8.62303,-8.62303,-9.16721,-9.16721,-9.26683,-9.48558,-9.82695,-9.82695,-9.82695,-9.82695,-10.1286,-10.398,-10.8834,-11.2676,-11.2676,-11.3715,-11.3715,-11.4506,-11.4506,-11.4506,-11.6028,-11.6028,-11.6028,-11.6028,-11.6028,-12.1515,-12.1515,-12.1515,-12.1515,-12.1515,-12.1515,-12.1515,-12.1515,-12.1515,-12.168,-12.168,-12.4298,-12.4298,-12.4298,-12.4298
10.4737,9.77834,7.40721,6.73876,6.73876,5.17019,5.17019,5.15674,3.47097,3.34102,1.94807,1.94807,1.94807,1.20379,1.20379,0.790277,0.723665,-1.73285,-1.73285,-1.73285,-2.43096,-2.43096,-2.43096,-3.46699,-3.46699,-3.84496,-5.78664,-5.78664,-5.78664,-6.95923,-6.95923,-7.19563,-7.81872,-8.06607,-8.88222,-9.04422,-9.20244,-9.20244,-9.20244,-9.73363,-9.73363,-9.73363,-9.73363,-9.73363,-9.73363,-9.73363,-9.84971,-9.84971,-9.84971,-9.84971,-10.2166,-10.2166,-10.2797,-10.2797,-10.5325,-10.5957,-10.5957,-10.5957,-10.8159,-10.879,-10.879,-10.885,-10.9334,-11.2396,-11.2396,-11.2396,-11.5772,-11.5772,-11.8606,-11.8666,-11.8666,-11.8666,-11.8666,-11.8904,-11.8904,-11.8904,-11.8973,-11.8973,-11.9314,-11.9314,-11.9314,-11.9314,-11.9314,-11.9473,-12.1648,-12.1648,-12.1648,-12.1648,-12.1648,-13.148,-13.1629,-13.1629,-13.1629,-13.1629,-13.1772,-13.1772,-13.1926,-13.1926,-13.2426,-13.2426
8.90886,8.90886,8.90886,8.36928,7.40026,7.40026,6.26166,6.26166,4.03572,4.03572,3.59444,3.59444,3.24012,2.80123,2.34997,0.754479,0.754479,0.754479,0.754479,0.303701,-0.518241,-1.34297,-1.34297,-1.48123,-3.23773,-3.23773,-3.23773,-3.65641,-3.65641,-4.33422,-4.33422,-4.45433,-5.05665,-5.31945,-5.54028,-5.54028,-6.48871,-6.48871,-7.31075,-7.31075,-7.64772,-8.04478,-8.20588,-8.52896,-9.20301,-9.20301,-9.20301,-9.20301,-9.4571,-9.76872,-10.1418,-10.1418,-10.2332,-10.2332,-10.2332,-10.2332,-10.283,-10.4744,-10.4744,-10.4744,-10.4744,-10.4744,-10.5001,-10.6149,-10.6149,-10.6149,-10.6211,-10.6211,-10.7894,-10.8216,-10.8216,-10.9476,-10.9732,-11.0304,-11.118,-11.1709,-11.3122,-11.5613,-11.6998,-11.6998,-11.6998,-11.6998,-11.6998,-11.6998,-11.7294,-11.7294,-11.9591,-11.9591,-12.1991,-12.2082,-12.2082,-12.2378,-12.2378,-12.2378,-12.2378,-12.2378,-12.2378,-12.2378,-12.2382,-12.5708
10.1526,8.90829,8.90829,8.75963,8.1958,7.32287,6.47585,6.43368,5.4481,4.5919,4.5919,4.5919,3.39538,2.20098,2.20098,2.20098,2.20098,2.0002,1.52992,1.19044,0.762041,0.174308,-1.27554,-1.27554,-2.65527,-2.65527,-2.73423,-3.70154,-3.71564,-3.71564,-3.93428,-4.6343,-4.67926,-6.18951,-6.18951,-6.18951,-6.56589,-6.56589,-6.56589,-6.56589,-6.56589,-6.56589,-7.5953,-7.5953,-7.71503,-7.99863,-7.99863,-7.99863,-7.99863,-7.99863,-7.99863,-8.12355,-8.16621,-8.16621,-9.11812,-9.11812,-9.11812,-9.11816,-9.47405,-9.52845,-9.74459,-9.87444,-9.93562,-9.93562,-9.93562,-9.93562,-10.1509,-10.1509,-10.1509,-10.1605,-10.162,-10.162,-11.1612,-11.1612,-11.1612,-11.1612,-11.1612,-11.3989,-11.4061,-11.4061,-12.0895,-12.4091,-12.4161,-12.4272,-12.4272,-12.6875,-12.9053,-12.9053,-12.9053,-12.9053,-12.9053,-12.9053,-12.9056,-12.9164,-13.018,-13.1899,-13.1899,-13.1899,-13.1899,-13.3112
9.73991,8.72651,8.72651,8.72651,8.72651,8.06238,7.51463,7.31099,4.75635,3.89162,2.79796,2.79796,2.79796,2.79796,2.79796,0.149026,0.149026,0.149026,-0.215241,-0.215241,-0.215241,-0.438151,-0.438151,-0.938074,-1.22883,-1.56874,-2.11795,-2.11795,-2.11795,-2.19331,-2.37388,-3.33504,-3.72807,-3.72807,-3.72807,-4.04145,-4.04145,-4.70485,-4.7605,-5.85887,-5.85887,-5.85887,-5.85887,-6.47664,-6.47664,-6.87122,-6.87122,-6.91966,-6.91966,-6.91966,-6.91966,-6.91966,-6.91966,-6.91966,-6.91966,-7.75985,-7.75985,-7.75985,-7.75986,-8.00634,-8.00634,-8.00634,-8.00634,-8.00634,-8.00634,-8.00634,-8.00634,-8.00634,-8.00634,-8.00634,-8.00634,-8.00634,-8.00634,-8.00634,-8.00634,-8.00634,-8.00634,-8.00634,-8.00634,-8.11787,-8.11787,-8.11787,-8.11787,-8.18266,-8.22883,-8.23648,-8.36436,-8.36436,-8.41055,-8.48297,-8.61856,-8.61856,-8.61856,-8.66467,-8.66475,-8.66487,-8.66487,-8.67189,-8.73266,-8.73266
8.61937,8.61937,8.61937,8.61937,8.61937,8.45743,7.56418,7.48475,6.60476,6.44796,5.40735,5.23925,5.09642,4.49556,3.77063,3.26098,2.59492,2.2854,0.995487,0.995487,0.995487,0.961597,0.584699,0.163454,-0.234339,-0.883276,-0.945882,-1.55635,-2.06488,-2.06488,-2.12232,-2.12232,-2.27277,-2.27277,-2.27277,-2.33519,-2.61823,-2.61823,-3.13827,-3.13827,-3.29266,-3.36556,-3.65403,-3.97998,-3.97998,-4.18194,-4.18194,-4.21269,-4.48143,-4.48143,-4.61918,-5.01661,-5.74571,-5.75673,-5.77778,-6.21785,-6.21785,-6.21785,-6.60357,-6.60357,-6.75401,-6.75401,-6.86129,-7.50803,-7.50803,-7.50803,-7.50803,-7.50803,-8.20931,-8.23386,-8.40695,-8.8099,-9.06762,-9.06762,-9.06762,-9.10626,-9.10626,-9.10626,-9.328,-9.328,-9.328,-9.328,-9.328,-9.328,-9.328,-9.328,-9.328,-9.46835,-9.46835,-9.46835,-9.46835,-9.53411,-9.65362,-9.65362,-9.73751,-9.73751,-9.73751,-9.73751,-9.80769,-9.85702
10.0949,10.0949,8.56272,8.55874,7.59898,7.1007,7.1007,7.1007,6.96978,6.32474,5.56742,4.00673,4.00673,3.46081,2.06184,0.387028,0.387028,0.387028,0.387028,-0.565022,-1.22843,-1.22843,-1.36842,-1.50556,-1.90031,-2.25177,-3.05232,-3.09465,-3.10546,-3.62384,-4.04912,-4.15516,-4.37486,-5.26546,-5.61493,-5.70539,-5.70539,-5.70539,-5.70539,-5.70539,-6.16965,-6.16965,-6.17587,-6.17587,-6.17587,-6.17587,-6.17793,-6.50698,-6.52581,-6.52581,-6.73059,-7.08053,-7.08053,-7.08053,-7.08053,-7.09171,-7.18171,-7.18171,-7.49897,-7.49897,-7.49897,-7.65041,-7.66153,-7.75153,-7.75153,-7.75153,-7.89192,-8.08003,-8.08003,-8.08003,-8.29924,-8.31042,-8.31042,-8.45474,-8.45474,-8.45474,-8.45474,-8.45474,-8.45474,-8.45474,-8.45474,-9.03719,-9.03719,-9.03719,-9.03719,-9.18846,-9.19962,-9.19964,-9.19972,-9.19972,-9.34396,-9.35522,-9.83558,-9.83566,-9.83566,-9.83566,-9.99808,-9.99808,-9.99808,-9.99808
10.0141,10.0141,9.78979,8.98163,8.55215,8.29667,7.44566,6.79707,4.78026,4.78026,4.67625,4.47216,3.78599,2.83283,1.84721,1.84721,-0.167974,-0.167974,-0.167974,-0.247006,-1.75368,-1.87545,-1.96303,-3.75927,-3.75927,-4.25907,-4.25913,-4.25962,-4.26078,-4.60884,-5.01219,-5.51254,-5.81484,-5.81484,-5.97096,-6.00419,-6.52135,-6.52189,-6.82364,-6.82364,-6.82364,-7.4645,-7.66984,-8.01166,-8.01166,-8.01166,-8.95017,-8.95017,-8.95017,-9.1592,-9.1592,-10.1382,-10.1382,-10.3472,-10.3472,-10.5371,-10.7108,-10.9198,-11.0746,-11.0746,-11.2644,-11.2644,-11.2644,-11.7339,-11.7339,-11.7339,-11.7339,-11.7339,-11.7339,-11.8067,-12.025,-12.025,-12.025,-12.025,-12.2712,-12.2712,-12.2712,-12.2712,-12.2712,-12.2712,-12.2712,-12.2712,-12.4444,-12.4444,-12.4444,-12.4444,-12.4444,-12.4444,-12.4444,-12.4444,-12.474,-12.474,-12.474,-12.474,-12.474,-12.5938,-12.6231,-12.6472,-12.6472,-12.695
10.8331,10.595,10.2392,7.80563,7.04887,7.04887,6.89547,6.14657,4.40876,4.40876,4.40876,3.18626,2.87152,2.57227,1.57823,1.57823,-0.0205779,-0.0205779,-0.299513,-0.299513,-0.468945,-0.849446,-1.38555,-1.41133,-2.20235,-2.74008,-3.53279,-3.94547,-4.98843,-4.99042,-5.15404,-5.6266,-5.6266,-5.94977,-5.95037,-6.07996,-6.4426,-7.24493,-7.24493,-7.44866,-7.44866,-7.44866,-8.58472,-8.58472,-8.58472,-8.58472,-8.58472,-8.82444,-8.82444,-9.25032,-9.25032,-9.25032,-9.25032,-9.25032,-9.25032,-9.25032,-9.25032,-9.25032,-9.25032,-9.34268,-9.34268,-9.34928,-9.39957,-9.5468,-9.5834,-9.69838,-9.69838,-10.048,-10.048,-10.048,-10.048,-10.048,-10.048,-10.048,-10.048,-10.0683,-10.0683,-10.1049,-10.1049,-10.1049,-10.2544,-10.2544,-10.2544,-10.2544,-10.2544,-10.2544,-10.2544,-10.2544,-10.2544,-10.2544,-10.2544,-10.2544,-10.2544,-10.2544,-10.2544,-10.2544,-10.2544,-10.2544,-10.2544,-10.2544
9.47129,9.15725,8.85991,8.68925,7.49238,7.447,6.82592,5.94346,5.93186,5.22632,3.51271,3.51271,3.08965,2.41584,1.35031,0.891441,-0.303847,-0.303847,-1.21128,-1.21128,-1.86989,-2.02846,-2.46535,-2.83123,-3.85804,-3.85804,-3.85804,-4.44911,-5.15975,-6.11669,-6.11669,-6.11669,-6.14382,-6.87661,-6.87661,-6.87661,-6.87661,-6.91187,-6.91187,-7.04028,-7.09006,-7.12711,-7.34798,-7.34798,-7.34798,-7.34801,-7.51247,-7.51247,-7.51247,-7.5125,-7.52517,-7.55929,-7.55929,-7.69797,-7.81965,-7.81965,-7.81965,-7.85258,-7.85258,-7.85376,-8.05515,-8.05515,-8.08743,-8.42872,-8.51965,-8.51965,-8.61217,-8.61217,-8.73442,-8.82696,-8.89078,-9.24508,-9.7102,-9.7102,-9.7102,-9.7102,-9.7102,-9.71301,-9.73307,-9.99454,-9.99454,-9.99456,-10.1089,-10.1556,-10.1556,-10.2104,-10.2104,-10.4666,-10.4666,-10.4666,-10.4666,-10.4666,-10.4666,-10.4666,-10.5294,-10.5294,-10.5294,-10.5688,-10.5914,-10.5914
10.133,9.77706,9.45818,9.04229,9.04229,7.19789,7.19789,6.84382,6.67641,5.45748,5.06729,4.51513,3.74488,3.74488,2.59633,1.80131,1.80131,1.80131,1.10642,0.69609,0.350718,0.167378,0.167378,-0.97051,-0.97051,-1.39582,-1.39582,-1.60136,-2.12091,-2.12091,-2.12091,-2.65772,-2.70679,-2.99415,-3.69552,-3.69552,-4.60821,-4.60821,-4.60821,-4.96238,-4.96238,-5.03514,-5.03514,-5.03514,-6.00388,-6.00388,-6.00388,-6.00388,-6.00388,-6.43082,-6.43082,-6.43124,-6.43124,-6.49842,-6.49842,-6.61194,-6.81523,-6.81523,-7.03887,-7.03887,-7.03887,-7.10002,-7.10647,-7.10647,-7.13219,-7.24381,-7.24381,-7.24381,-8.08846,-8.3153,-8.3829,-8.3829,-8.3829,-8.3829,-8.56518,-8.56518,-8.56518,-8.61582,-8.8898,-8.8898,-8.8898,-8.89526,-8.9891,-9.01948,-9.34915,-9.52596,-9.53142,-9.53142,-9.79443,-10.0699,-10.0699,-10.1705,-10.1966,-10.1966,-10.1966,-10.2283,-10.2283,-10.3096,-10.3793,-10.3793
8.68507,8.68507,8.68507,8.68507,8.17899,7.67855,6.97755,5.39147,5.39147,5.39147,3.78795,2.44307,2.44307,2.44307,2.44307,2.44307,1.70921,1.6157,1.61493,1.40453,0.97995,0.600133,0.361696,-0.0626578,-0.184542,-0.809583,-1.13733,-1.14628,-1.77917,-1.83288,-2.50243,-2.50243,-2.83266,-2.84965,-3.21432,-3.57816,-3.57816,-3.61179,-3.993,-3.993,-4.39389,-4.39389,-4.4774,-4.54695,-4.54695,-5.21606,-5.21606,-5.21606,-5.26976,-5.35688,-5.86189,-5.86189,-6.03404,-6.20626,-6.20626,-6.20626,-6.39863,-6.39863,-6.39863,-6.57264,-6.57264,-7.13455,-7.13455,-7.13455,-7.13455,-7.79945,-7.79945,-7.79945,-7.79945,-7.79945,-7.79945,-7.79945,-7.79945,-7.79945,-7.82227,-7.88099,-7.88759,-7.88759,-8.03109,-8.10896,-8.10896,-8.17249,-8.17249,-8.17249,-8.3792,-8.3792,-8.3792,-8.45863,-8.45863,-8.45866,-8.45895,-8.45895,-8.45895,-8.45895,-8.45917,-8.49558,-8.4958,-8.4958,-8.4958,-8.4958
9.81956,9.81956,8.95616,8.95616,8.58226,8.58226,7.10647,6.22421,6.14839,5.88835,5.88835,4.42767,4.42767,4.07597,3.03255,3.03255,3.03255,2.06186,2.06186,1.02022,1.02022,1.02022,0.756268,-0.309546,-0.854888,-0.854888,-1.53458,-1.53458,-1.53458,-2.02557,-2.53297,-2.85884,-3.04281,-3.10949,-3.47849,-3.47849,-4.40051,-4.40051,-4.40051,-4.40051,-4.40051,-4.84952,-4.84952,-4.84952,-4.86783,-5.22714,-5.22714,-5.34095,-5.34095,-5.34095,-5.69025,-5.8501,-5.8501,-5.8501,-5.87671,-5.96938,-5.96938,-5.96938,-6.21065,-6.21065,-6.21065,-6.21065,-6.21065,-6.46866,-6.46866,-6.46866,-6.46866,-6.46866,-6.46866,-6.46866,-6.52937,-6.52937,-6.6619,-6.6619,-6.6619,-6.80674,-6.80674,-6.94528,-6.94528,-6.99145,-6.99145,-7.0777,-7.11854,-7.11854,-7.25097,-7.25097,-7.25097,-7.34048,-7.42423,-7.42423,-7.42423,-7.42423,-7.42423,-7.42423,-7.51906,-7.51906,-7.56175,-7.56175,-7.56175,-7.56175
8.93354,8.93354,8.93354,8.93354,8.93354,7.1526,7.07303,6.40228,6.01714,4.56391,4.22731,4.22731,3.05005,2.44068,0.943777,0.941307,-0.0495329,-1.9996,-1.9996,-1.9996,-2.33233,-2.33233,-2.33233,-3.63629,-3.63629,-3.63629,-4.87433,-5.05921,-6.29725,-6.34401,-6.34401,-6.34437,-6.84086,-7.67466,-7.67466,-7.67466,-7.67466,-7.79099,-7.94282,-7.94318,-8.10646,-8.33335,-8.4966,-8.4966,-8.4966,-8.4966,-8.4966,-8.4966,-8.7253,-8.88858,-8.88858,-8.88858,-8.89907,-9.27359,-9.27359,-9.27359,-9.29633,-9.86699,-9.86699,-9.86699,-10.0066,-10.0066,-10.0066,-10.0408,-10.0635,-10.0635,-10.2529,-10.2529,-10.2529,-10.2529,-10.4263,-10.5656,-10.5656,-10.5658,-10.6,-10.7251,-10.7599,-10.8986,-10.8986,-10.8986,-10.9337,-10.934,-10.978,-10.978,-10.978,-10.978,-10.978,-11.0008,-11.0008,-11.001,-11.0273,-11.0716,-11.0716,-11.0716,-11.0716,-11.0716,-11.0716,-11.0716,-11.1921,-11.5582
9.87209,9.87209,9.87209,9.68196,9.04193,8.35891,7.79132,6.54466,6.33403,6.33403,5.64326,4.67871,3.2134,3.18008,3.08162,1.90809,1.90809,1.69938,-0.573236,-0.573236,-1.35904,-1.35904,-1.79408,-1.79408,-1.79408,-2.0205,-2.39447,-2.39447,-2.61706,-2.70717,-3.16516,-3.16516,-3.27766,-3.57555,-4.08332,-4.27812,-4.40928,-4.40928,-4.40971,-4.95146,-4.95658,-5.16777,-5.1737,-5.1737,-5.1737,-5.25446,-5.32738,-5.32738,-5.32738,-5.35804,-6.67221,-6.67221,-6.67221,-6.67221,-6.67221,-6.67221,-6.67221,-6.67221,-7.0384,-7.04352,-7.37207,-7.39763,-7.51801,-7.69508,-7.70283,-7.70283,-7.85388,-7.85388,-7.85388,-7.85388,-7.85388,-8.08374,-8.08374,-8.21401,-8.63463,-8.63463,-8.63463,-8.63463,-8.63463,-8.63463,-8.87837,-9.10823,-9.10823,-9.10823,-9.10823,-9.10823,-9.19527,-9.19527,-9.19527,-9.19527,-9.19527,-9.23119,-9.23119,-9.23119,-9.27071,-9.27071,-9.27071,-9.27071,-9.27071,-9.27071
9.87926,9.87926,9.24829,9.24829,7.31786,6.93364,6.93364,6.41342,6.06887,4.85673,3.97618,3.14308,3.14308,2.85984,2.63843,2.17353,1.36394,1.34942,0.826531,-0.0235148,-0.969157,-0.969157,-1.86631,-1.86631,-1.86631,-2.88456,-3.08907,-3.47711,-4.3247,-4.3247,-4.5842,-4.5842,-5.15929,-5.7637,-6.23642,-6.84087,-6.84087,-6.84087,-6.84087,-7.05614,-7.10977,-7.10977,-7.19066,-7.19066,-7.44778,-7.44778,-7.44778,-7.44778,-8.05295,-8.05295,-8.05295,-8.05295,-8.05295,-8.05295,-8.05295,-8.05295,-8.05295,-8.05295,-8.05295,-8.05295,-8.05295,-8.05295,-8.05295,-8.19875,-8.19875,-8.19875,-8.42816,-8.87057,-8.87057,-9.09587,-9.09587,-9.09587,-9.77897,-9.91349,-9.91349,-9.91349,-10.3296,-10.4355,-10.4355,-10.8304,-10.8516,-10.8516,-10.8516,-10.8516,-10.8516,-10.9176,-11.049,-11.1175,-11.1175,-11.2008,-11.2008,-11.2444,-11.3362,-11.3362,-11.3435,-11.4022,-11.4953,-11.6095,-11.6318,-11.7613
