55730,53893,40578,40578,40578,35758,35758,35758,29439,29439,24795,24795,19595,19595,19595,18716,18716,18716,18716,18716,16749,16749,16019,16019,14519,14519,14519,14519,14519,11991,11991,11991,11991,11991,11991,9920,9920,9920,9920,9920,9920,9234,9234,9102,9102,9102,8922,8325,7577,7577,7577,7143,7143,7143,7110,6471,6471,6325,6058,5076,5076,5076,5076,5076,4787,4666,3675,3618,3618,3226,3226,3226,3226,3226,3226,3226,3226,3226,3226,3146,2904,2904,2904,2882,2882,2882,2882,2882,2004,2004,2004,1942,1942,1942,1942,1942,1942,1942,1942,1831,1792,1792,1546,1546,1546,1476,1476,1354,1345,1345,1279,1279,1279,1279,1279,1279,954,749,749,749,749,749,749,749,650,650,650,650,650,650,605,605,605,605,453,453,453,453,453,400,400,400,400,400,400,400,384,373,367,341,302,302,302,297,287,218,218,218,218,218,218,218,218,218,218,218,218,186,186,186,186,186,186,186,163,163,149,147,147,147,147,147,144,144,132,132,132,132,126,126,119,119,111,111,111,111,81,81,81,81
52543,48795,41160,36269,36269,35209,29714,29714,29588,29588,28763,23925,23925,23925,22022,22022,20714,18676,17778,17709,15000,15000,15000,15000,15000,15000,15000,14382,13862,13862,13687,13687,13687,13687,12905,11171,11171,11171,10349,10349,8235,8235,8050,8050,8050,7769,7769,7769,6291,6291,5392,5392,5392,5392,5392,5392,5392,5392,5392,5392,5392,4349,4349,4349,4349,4191,4191,4029,3708,3708,3277,3277,3277,3277,3277,3277,3083,2749,2749,2749,2749,2749,2746,2398,2316,2316,2309,1918,1918,1918,1918,1918,1918,1918,1918,1918,1918,1918,1796,1796,1741,1741,1433,1433,1433,1382,1382,1232,1232,1232,1232,1232,1232,1140,1140,1140,1095,1095,1063,1050,997,884,884,813,813,752,647,647,647,539,472,472,472,472,472,472,472,472,472,472,438,438,363,363,363,354,354,354,354,354,334,334,334,311,311,311,311,311,304,299,263,263,263,215,215,215,215,215,215,215,215,197,197,193,160,152,152,135,135,135,135,135,135,135,128,122,122,122,122,114,104,76,76,76,76,76,76,76,76,76
47237,47237,42702,36481,36481,36481,34904,33983,27810,27433,27433,27433,21267,21267,21267,21267,21267,21267,20052,20052,17428,15793,15766,15766,15766,15766,15766,15726,15365,12927,12927,12927,12691,12054,12004,11727,11727,10273,10273,10273,10273,8444,8155,5987,5987,5987,5987,5987,5987,5987,5987,5987,5987,5987,5987,5987,5894,5894,5894,5686,5686,5686,5035,5035,5035,4922,4155,4155,4155,4035,4035,4035,4035,4035,4035,4035,3432,3432,3432,2774,2774,2774,2774,2774,2699,2699,2507,2507,2507,2507,2507,2507,2507,2507,2507,2375,1773,1773,1773,1433,1433,1259,1259,1259,1259,1259,1259,1259,1259,1259,1259,1259,1259,1259,1259,1259,1121,1117,1082,1021,906,906,906,906,848,848,516,516,516,516,516,516,516,516,516,491,491,491,491,450,443,443,443,443,389,389,389,371,371,371,371,371,342,342,332,332,332,332,296,296,271,271,260,260,260,260,250,213,212,212,212,212,212,212,170,170,170,170,151,142,142,142,142,142,142,142,142,142,125,125,125,113,113,113,102,102,102,102,96,86
56926,42237,35900,35900,35900,35900,33899,26714,24914,22875,22875,22875,22875,22875,22875,21230,21230,21230,19349,17891,17891,13483,13483,13483,13483,13483,13095,13095,13095,12148,10068,10068,9134,9134,9134,9134,9134,9134,9134,9134,9023,9023,9023,7744,7367,7367,7367,7367,5722,5722,5722,5722,4893,4893,4893,4893,4893,4893,4645,4645,4645,4645,4645,4645,4645,3462,3462,3462,3462,3462,3304,3304,3304,3058,3058,3058,3058,2549,2549,2549,2549,2549,2190,2190,2190,2190,2190,2190,2119,2097,1941,1941,1941,1941,1941,1941,1925,1735,1735,1674,1445,1445,1445,1445,1445,1283,1283,1283,1238,1238,1215,893,855,855,855,855,635,635,635,635,635,635,635,635,635,635,635,635,635,624,624,624,624,624,611,548,548,548,537,537,537,402,402,402,402,402,402,390,390,390,390,390,385,380,345,297,297,292,242,242,242,242,242,242,242,242,242,154,154,154,154,154,154,154,138,138,138,138,138,138,138,138,130,124,123,123,123,123,123,123,116,105,100,100,100,85,64,64,64,64
46909,36669,36669,36669,34616,34616,34616,34616,30010,27441,21760,21760,21760,20898,20898,18741,18741,14730,14730,14730,14730,14730,14730,14730,14730,14730,13862,12470,12470,12470,11647,11647,11647,10889,10889,10889,10184,9634,9634,9236,9236,9061,9061,8841,8841,8841,8841,7784,7313,7313,7313,7313,7046,6465,4678,4678,4678,4678,4678,4678,4678,4398,4398,4315,4122,4122,4122,4122,4122,3536,3536,3536,3408,3408,3408,3408,2845,2845,2845,2845,2845,2845,2845,1854,1854,1854,1854,1854,1854,1854,1854,1854,1854,1854,1791,1791,1771,1771,1771,1771,1771,1712,1712,1641,1641,1411,1411,1411,1406,1406,1238,1238,1238,1010,1010,1010,1010,1010,1010,1010,837,837,837,766,663,663,663,663,663,663,617,617,617,617,597,597,520,520,520,520,383,383,383,383,364,347,347,347,347,347,347,347,347,344,285,285,252,252,252,252,252,225,225,173,173,173,173,173,173,173,173,173,169,169,169,169,150,150,123,123,123,107,107,107,105,105,102,93,93,93,93,93,93,93,93,78,78,78,78,78
54445,49569,49069,43976,33478,33478,33478,33478,31096,24378,22921,22921,22921,21879,21879,21879,20152,19410,17712,17712,17712,17712,17712,17405,16155,16155,16155,16155,15173,13817,13817,11702,11702,10837,10837,10837,10837,10837,10837,10837,10837,10837,10452,10452,10452,9690,9690,8545,7670,7670,7670,6281,6281,6281,6281,5504,5504,5504,5290,5290,5290,5290,4334,4334,4334,3236,3236,3236,3236,3236,2908,2908,2908,2908,2908,2908,2908,2908,2908,2908,2701,2474,2474,2474,2445,2066,2066,2066,2066,1517,1517,1517,1517,1517,1517,1517,1517,1517,1517,1517,1273,1273,1273,1273,1228,1228,1021,1013,1013,1013,1013,1013,1013,1013,1013,1000,956,913,913,913,913,913,913,913,824,824,817,817,814,814,762,762,596,596,596,596,596,596,596,573,544,544,544,498,498,498,445,445,419,419,419,388,338,338,338,338,337,337,321,282,282,245,239,239,239,239,232,163,163,163,163,163,163,163,163,163,163,163,153,140,140,140,140,140,129,129,129,129,129,129,113,113,113,113,100,100,100,100,100,86
55211,46502,35404,35404,35404,35404,30951,30951,30951,30951,23661,23661,23661,20679,20679,20679,20679,20679,15514,15514,15514,15514,15514,14210,14210,14210,14210,14210,14210,13406,13406,13406,11973,11973,11973,11973,11973,10201,10201,9726,9726,8740,8740,8732,8732,8732,5690,5690,5690,5690,5690,5690,5690,5690,5690,5690,5690,5460,4906,4808,4808,4808,4808,2576,2576,2576,2576,2576,2576,2576,2576,2576,2576,2576,2576,2576,2576,2576,2576,2576,2244,2244,1848,1848,1848,1848,1848,1848,1848,1848,1848,1760,1699,1699,1699,1677,1677,1677,1668,1668,1135,993,993,993,993,993,993,993,849,849,814,814,814,814,814,814,781,781,781,503,503,503,503,503,503,503,503,503,503,488,488,431,431,431,431,431,431,431,431,428,428,424,406,387,359,359,353,323,323,323,323,323,300,276,276,213,213,213,213,196,196,196,196,196,196,196,196,196,194,194,191,166,159,148,138,138,138,138,138,138,138,138,138,138,123,123,85,85,85,85,85,85,85,85,85,85,85,81,68,65
39872,39872,34406,34406,34406,28969,28969,28969,27870,27870,22705,22705,22705,22388,22388,22388,20307,20307,18741,14180,14180,14180,14180,14180,12329,12329,12329,12329,12329,12329,12329,12329,12070,12070,11550,10293,8186,7888,7888,7888,7888,7888,7888,7823,7823,7823,7823,7823,6834,6834,6834,5962,5962,5962,5826,5542,5542,5542,5363,5363,4724,4724,4259,4259,3707,3707,3707,3707,3707,3707,3546,3532,2672,2672,2672,2672,2672,2385,2385,2385,2385,2385,2385,2385,2385,2242,2242,2242,2242,2180,2180,1955,1955,1751,1480,1480,1480,1480,1480,1480,1480,1480,1307,1307,1240,1240,1240,972,972,972,972,972,972,972,854,854,828,828,828,714,714,714,714,713,713,713,644,644,644,530,530,530,530,530,530,530,496,456,456,394,394,394,394,394,394,394,325,325,309,309,309,265,265,265,265,265,265,265,265,251,251,251,249,231,205,205,205,205,195,128,128,128,128,128,128,128,128,117,92,92,92,92,92,92,92,92,92,92,92,85,83,83,76,76,64,63,63,63,63,63
49188,48638,41399,39099,39099,36259,34894,34894,34467,28968,28968,27042,27042,20884,20884,17103,17103,17103,17103,14261,14261,14261,14261,14261,14261,13932,13932,13330,13316,12535,11791,11791,10420,10420,10032,10032,10032,5171,5171,5171,5171,5171,5171,5171,5171,5171,5171,5171,5171,5171,5171,5171,5171,5065,4957,4957,4957,4957,4957,4957,3534,3534,3534,3534,3534,3534,3481,3481,3220,2968,2968,2968,2968,2968,2968,2901,2901,2901,2780,2445,2445,2445,2445,2445,2445,2445,2445,2445,1965,1965,1965,1965,1965,1857,1857,1857,1857,1805,1722,1715,1715,1663,1536,1536,978,978,978,978,978,978,978,978,978,978,978,944,944,944,944,944,866,866,826,826,826,599,599,596,596,596,596,572,562,562,562,453,453,453,387,387,387,387,387,387,325,325,325,325,325,280,280,280,280,280,280,272,272,269,269,269,263,233,233,190,190,185,185,185,185,149,149,144,144,144,144,143,143,140,110,110,110,106,106,106,71,71,71,71,71,71,71,71,71,71,71,71,71,67,67,67
45448,45217,38117,38117,37340,33524,25216,24859,24859,24427,24427,22731,22731,22731,19512,19512,19512,19512,19512,19512,19512,18349,16398,13728,13728,13728,13728,13728,13728,13728,13183,13183,13183,13183,13027,12334,11777,6712,6712,6712,6712,6712,6712,6712,6712,6712,6712,6712,6159,6159,6131,6131,6131,6131,6131,5599,5599,5599,5599,5599,5599,5345,5121,4587,4587,4372,4372,4372,4190,3841,3841,3841,3841,3737,3737,3574,3242,3242,3242,3242,3080,3080,2876,2534,2140,1701,1610,1610,1610,1610,1610,1610,1610,1610,1610,1610,1437,1437,1437,1437,1437,1187,1187,1187,1187,1111,1111,1111,1111,1111,876,876,876,852,852,695,695,695,695,695,695,695,695,695,695,695,617,617,617,612,612,612,612,612,608,526,459,459,459,459,422,422,422,422,319,319,319,269,269,269,260,255,254,254,226,226,226,226,226,226,226,179,179,179,179,179,179,179,179,166,159,137,137,137,137,137,137,137,136,136,123,123,123,123,93,93,93,93,93,93,93,87,87,87,79,79,79,79,79,75
34057,34057,34057,30897,30897,30897,30897,30238,27977,27977,27103,26745,26745,24456,22547,22547,22547,17816,17816,17816,17816,16402,16402,16402,16402,12614,12614,12614,12614,12614,11542,10484,8721,8721,8721,8721,8721,8721,8721,8386,8386,8386,8386,6588,6588,6588,6588,6588,6588,6588,6588,5655,5655,5655,5655,5655,5655,4047,3592,3592,3592,3592,3592,3592,3592,3592,3592,3592,3311,3311,3311,3154,3089,3089,2742,2742,2742,2742,2730,2401,2401,2401,2401,2173,2173,2153,2153,2153,2119,2119,1804,1804,1804,1804,1804,1804,1786,1786,1508,1508,1494,1494,1494,1494,1466,1386,1245,1245,1245,1060,1060,1060,968,968,968,955,955,858,756,698,698,698,632,629,510,510,510,510,510,510,510,510,510,510,510,510,510,473,473,473,473,384,384,384,384,355,355,355,290,290,290,290,290,290,286,286,281,279,249,249,248,203,203,203,203,203,202,202,202,202,179,145,145,145,145,121,121,121,121,120,114,114,114,102,102,102,92,92,92,92,92,85,85,85,85,85,64,64,64,64
52199,51803,37131,30437,30437,30437,30437,30437,29695,26099,21636,21636,21636,21636,21636,19877,19877,19877,16084,14592,14592,14043,14043,14043,12213,12213,12213,12213,12213,12213,10686,10686,10686,10673,8333,8333,8333,8333,8333,8333,7512,7512,7512,7512,7454,7454,7454,7454,5661,5661,5661,5661,5559,5559,5407,5060,5060,5060,4994,4994,4994,4788,4728,4436,4436,3435,3435,3080,3080,3080,3078,3078,2966,2293,2293,2016,2016,2016,2016,2016,1521,1521,1521,1521,1521,1521,1521,1521,1521,1521,1521,1494,1494,1355,1355,1355,1355,1355,1355,1355,1355,1205,1205,1205,1085,1060,1060,1010,956,747,747,747,747,747,747,747,732,732,732,708,671,494,494,494,494,494,494,427,427,427,427,427,427,427,427,388,388,331,331,331,331,331,331,317,317,317,259,259,259,259,196,182,182,145,145,145,145,145,145,145,145,136,124,124,124,124,124,124,124,124,124,115,115,78,78,78,78,78,78,78,78,78,78,73,73,73,73,73,73,73,73,73,72,72,72,63,46,46,46,46
41994,37380,37380,36512,26189,26189,26189,26189,26189,26189,23966,23966,23966,23966,23966,18800,18800,17965,17965,17965,17965,17965,17965,17965,15303,14011,14011,14011,12415,12415,12415,12415,12415,12415,10745,9031,9031,9031,9031,9031,9031,8670,8670,8670,8670,8226,8064,6814,6814,6814,6814,6814,6814,5912,5912,5912,5879,5641,5641,5641,4676,4676,4676,4676,4613,4613,4613,3846,3846,3846,3846,3846,3662,3364,2951,2951,2951,2951,2951,2951,2951,2880,2880,2794,2520,2296,2296,2296,2296,2296,2172,2131,2102,1867,1704,1704,1696,1696,1524,1485,1485,1485,1228,1215,1215,1215,1215,1215,1150,1150,1150,1150,1145,1061,1061,1061,927,927,927,927,927,927,865,865,865,806,806,778,650,640,640,599,599,599,599,599,599,599,599,587,474,474,474,474,474,460,212,207,207,207,207,207,207,207,207,207,207,207,207,207,207,207,207,207,207,207,207,199,199,195,174,170,170,170,170,170,160,160,160,160,160,159,159,155,141,122,118,107,107,107,104,104,104,104,78,78,78,78,78,78
47366,47366,42806,36242,36242,32892,29207,29207,27492,27492,27492,24561,20502,20502,20502,20502,20502,17661,17661,17661,17661,17377,17377,15097,15097,14511,14511,13172,13172,13172,13172,11971,11711,11711,10564,10564,10313,10313,9275,9275,8251,8251,8251,8251,8251,7973,6948,6948,6948,6948,6948,5978,5978,5978,5978,5766,5063,5063,4561,4561,4561,4561,3789,3789,3789,3789,3789,3789,3789,3789,3399,3237,3237,3237,2854,2854,2854,2854,2854,2854,2854,2778,2778,2653,2292,2260,2011,2011,2011,1615,1615,1615,1615,1615,1615,1615,1615,1615,1615,1615,1445,1445,1445,1445,1445,1377,1377,1329,1329,1329,1185,1185,1143,1143,956,956,956,920,920,920,920,920,920,920,629,629,629,629,629,629,629,629,510,510,510,510,508,508,508,481,481,481,450,450,450,437,428,407,249,249,249,249,249,249,244,244,244,244,237,237,237,237,233,233,233,233,233,231,161,161,161,161,161,161,161,161,147,139,139,139,115,115,114,114,114,114,114,109,100,100,100,94,94,94,81,81,81,72,72,72
51888,43869,31541,31541,31541,31541,24120,24120,24120,23640,23640,23640,23640,23640,23640,23640,22023,22023,19118,19118,19118,19118,16233,16233,16233,16233,16233,16233,12864,12864,12864,12864,12864,11822,11822,11822,11822,9572,9572,9572,9572,9572,8941,8941,8434,8434,8434,8434,6493,6493,6493,6493,6493,6302,5165,5165,5165,5165,4756,4756,4756,4756,4756,4756,4716,4716,4491,3328,3328,3328,3328,3328,3328,3328,3328,3328,3308,3308,2773,2773,2773,2773,2201,2201,2201,2201,1935,1935,1935,1935,1935,1935,1935,1935,1935,1935,1935,1503,1503,1503,1503,1503,1232,1232,1232,1232,1111,1073,1045,1045,1045,959,959,959,959,959,959,917,917,917,917,790,790,711,711,711,711,711,711,711,660,660,660,579,553,553,553,553,547,522,522,522,446,446,446,437,437,328,328,328,311,311,311,311,311,311,311,293,285,285,269,269,269,260,260,238,238,238,227,216,212,212,200,198,181,163,163,163,120,120,120,120,120,120,103,103,103,103,103,103,103,99,91,82,82,82,82,82,82,82
40255,40255,40255,39383,29463,29463,29463,27056,27056,27056,27056,24977,21037,21037,21037,20077,17370,17370,17370,17370,17370,17230,17230,17230,16267,16267,14465,14465,12548,12548,12548,12548,12273,12273,10167,10167,10167,9020,9020,9020,9020,9020,5374,5374,5374,5374,5374,5374,5374,5374,5374,5374,5374,5374,5374,5374,5374,5374,5270,5270,5256,5256,4683,4683,4683,4683,4683,3989,2653,2653,2653,2653,2653,2653,2652,2652,2652,2652,2652,2652,2652,2633,2283,2283,2283,2210,2032,2032,1758,1758,1758,1758,1758,1758,1758,1758,1527,1527,1527,1527,1226,1226,1226,1002,1002,1002,1002,1002,867,867,867,867,867,867,867,809,809,809,642,642,642,642,642,642,577,577,577,577,577,489,489,489,489,464,464,441,441,441,441,441,329,329,329,329,329,329,329,325,325,294,294,294,294,294,294,289,270,247,247,247,225,225,225,198,198,171,171,171,171,171,171,158,142,142,142,142,142,142,141,141,115,86,86,86,86,86,86,86,86,86,86,86,86,67,67,67,67,65,65,60
49502,44626,39967,35417,34915,34915,30777,30777,29614,29614,29607,28507,21145,21145,21145,20284,20284,17843,17488,17488,17310,15853,15853,10946,10946,10946,10946,10173,10173,9728,9728,9728,9728,9728,9728,9221,9103,9103,9103,9103,9103,9103,9103,7949,7922,7655,7632,7632,7632,6816,6549,6549,6184,6184,6116,4584,4584,4584,4547,4547,4547,4547,2976,2976,2976,2976,2976,2976,2976,2976,2894,2894,2894,2894,2894,2894,2624,2624,2399,2399,2399,2399,2398,2398,2109,2109,2109,2109,1799,1799,1799,1799,1799,1670,1670,1639,1639,1639,1201,1201,1201,1201,1201,1201,1201,1173,1173,1153,1153,1153,973,973,922,922,922,844,844,826,826,648,648,648,594,594,594,594,564,564,564,564,564,482,482,482,482,482,482,482,385,372,372,372,372,372,372,372,364,353,353,353,347,347,292,292,292,292,292,292,276,276,256,251,251,221,209,209,209,206,206,206,206,206,187,187,154,148,148,148,148,148,130,120,107,107,107,107,107,107,100,100,100,100,95,89,89,89,86,77,77,72
47531,44476,42348,42348,34990,34990,29841,27134,27134,24060,24060,24060,24060,24060,23189,23189,22694,22694,19268,19268,19268,19268,16711,16711,16711,16711,11954,11954,11954,11954,11954,11954,11954,11954,11954,11534,10414,7971,7971,7971,7971,7971,7959,7476,7476,7476,7476,7476,5891,5891,5891,5714,5714,5714,5714,5714,5714,5714,5714,5714,5714,5714,5152,5152,4316,3500,3500,3500,3500,3461,3461,3461,3461,3461,3461,3092,3092,3092,2535,2535,2535,2535,2535,2535,2535,2123,2123,2123,2123,2123,2123,2123,2123,1905,1905,1073,1073,1073,1073,1073,1073,1073,1073,1073,1073,1073,1073,1073,1073,1073,1073,1073,1073,1023,1023,1023,1023,853,853,853,834,834,702,702,702,702,702,608,608,582,582,582,501,501,501,501,501,501,501,501,501,501,501,449,398,360,360,350,350,350,287,287,287,287,285,269,269,269,269,269,231,231,231,227,227,156,156,156,156,156,156,156,156,128,128,128,128,128,128,128,128,128,91,91,91,91,91,91,91,75,75,75,75,75,75,75,75,75,75,75
50728,45630,40903,25334,25334,25334,25334,20531,20531,20531,20531,20531,20531,20531,20531,20531,20531,20531,20531,17430,17430,17430,17430,17430,15364,15364,15364,15206,15206,13974,13974,13974,13974,13120,10568,10568,10568,10568,9600,9600,9600,9041,9041,9041,9041,9041,9041,8655,8013,8013,8013,8013,6509,6509,6509,6439,6439,6439,6012,6012,5358,5358,5358,5084,5084,4833,4833,4833,3597,3597,3597,3597,3597,3597,3597,3477,3477,3477,3477,3477,3477,3477,3477,3258,2948,2477,2477,2477,2477,2477,2306,2306,2136,2136,2133,2133,2133,2133,2014,1944,1915,1500,1500,1500,1500,1500,1500,1500,1459,1413,1408,1252,1252,1252,1214,1167,1167,1167,1167,916,673,673,673,673,673,673,673,670,670,670,670,570,570,570,536,499,497,451,451,451,451,451,451,438,438,438,438,438,438,363,292,292,292,289,289,250,250,250,250,236,230,230,230,230,230,209,209,209,209,196,196,165,165,165,165,165,165,144,144,142,141,136,127,127,127,127,127,127,127,127,110,109,109,109,109,91,91,91,91,91
52122,50380,46162,46162,38180,34883,31623,31623,31623,27438,27438,25084,25084,22051,22027,22027,20026,20026,19645,19645,17738,16861,16861,16861,16861,12893,12893,12893,12893,12893,12893,12046,12046,12046,11345,8586,8586,8586,8586,8586,7962,7962,7962,7962,7093,7093,7093,6813,6813,6813,5361,5361,5361,5361,5361,5361,5253,5253,5253,5050,5050,4422,4422,4422,4026,4026,3716,3623,3623,3623,3489,3489,3489,3435,3435,3435,3435,2605,2605,2605,2605,2605,2605,2591,2288,2288,2288,2288,2288,2288,2231,2169,1789,1789,1724,1724,1637,1633,1057,1057,1057,1057,1057,1057,1057,1057,1057,1057,1057,1057,1057,1057,927,927,739,739,739,739,739,739,739,739,739,484,484,484,484,484,484,484,484,484,484,477,477,477,477,477,477,477,393,393,393,393,347,347,347,347,347,347,347,347,346,340,331,279,226,220,220,220,220,220,220,159,159,145,145,145,145,145,145,145,145,145,145,145,145,145,140,102,102,102,102,102,102,102,102,102,102,102,94,94,88,88,88,88,71,71,71,71
57439,42890,38115,33650,33650,33650,26743,26743,26743,26535,26535,26234,24953,17021,17021,17021,17021,17021,17021,17021,17021,17021,17021,17021,17000,17000,15975,15975,11450,11450,11450,11450,11450,11450,11450,11450,11450,11450,11450,9748,9748,9748,8960,7283,7283,6954,6954,6954,6954,6954,6536,6536,5699,5699,5699,5699,5699,5699,5699,5699,5451,5451,4911,3737,3737,3737,3737,3737,3737,3737,3559,3559,3559,3111,3111,3111,3111,2889,2889,2889,2278,2278,2278,2278,2278,2278,2278,2278,2278,1977,1977,1977,1977,1977,1977,1731,1731,1731,1731,1731,1731,1469,1469,1469,1413,1413,1413,1381,1381,922,922,922,922,922,922,922,922,922,922,922,922,922,922,922,874,853,803,803,671,671,671,511,511,511,511,511,511,456,456,456,456,451,451,431,399,399,399,399,399,397,374,359,312,312,312,312,247,247,247,239,239,239,239,239,239,239,239,220,220,204,204,173,173,173,153,153,153,153,153,153,153,153,139,139,125,93,93,81,81,81,81,81,81,77,71,71,71,71,71,70
52542,50826,49584,45921,34912,33464,32285,29411,29411,27717,27717,27624,27624,18597,18597,18597,18597,16011,16011,16011,16011,16011,16011,16011,16011,15528,15528,15528,13813,13355,13355,13355,13355,13355,12560,9646,9646,9646,9646,9646,8248,8248,8248,8248,8248,8248,7740,7740,7740,7740,7578,7421,6487,6487,6487,6487,4584,4584,4584,4584,4584,4584,4584,4584,4584,3788,3788,3788,3788,3788,3788,3788,3788,3458,3359,3304,3304,2458,2413,2413,2413,2413,2191,2033,2033,2033,2033,2033,2026,2026,1619,1619,1619,1619,1619,1619,1618,1618,1602,1474,1474,1365,1365,1333,1333,1333,1333,1275,1275,902,846,846,846,846,846,807,807,807,796,796,624,624,582,582,545,545,545,516,516,516,516,516,516,513,486,486,431,431,431,412,412,388,388,344,344,344,344,344,344,321,288,288,267,229,229,229,229,229,195,195,195,195,195,195,175,175,168,168,168,168,164,155,155,140,130,117,117,117,117,117,117,117,117,109,107,99,99,89,81,81,81,81,81,78,76,74,74,74,50,50
56423,46095,45463,43525,33671,33671,29694,29694,24181,24181,24181,24181,24181,23758,20115,20115,20115,20115,20115,20115,19199,19199,19199,15781,15781,15781,13815,13815,13815,13815,11599,11599,11599,9510,9510,9510,9427,9427,9427,9427,9427,9427,6718,6718,6718,6718,6718,4993,4839,4839,4839,4839,4839,4839,4839,4839,4839,4839,4839,4839,4839,4839,4839,4839,4839,4580,4580,4112,4112,4093,3785,3235,3235,2935,2935,2935,2562,2562,2562,2562,2562,2259,2259,2259,2259,2259,2046,2046,2046,2046,2046,1345,1345,1345,1345,1147,1147,1147,1147,1147,1147,1147,1147,1147,1147,1147,1147,1147,1147,1147,1096,1058,1003,862,862,862,761,761,761,747,747,747,722,722,722,675,675,633,483,483,483,483,483,483,483,483,483,483,483,405,405,405,405,376,376,376,376,362,347,276,275,274,206,206,206,206,206,206,206,206,206,206,206,129,129,129,129,129,129,129,129,129,129,129,129,129,118,118,118,118,118,109,109,109,98,80,80,80,80,80,80,73,73,73,72,54,54,54,53,53
43476,39942,39942,39403,37704,37607,37008,34021,25337,25337,25337,25337,25337,23810,16009,16009,16009,16009,16009,16009,16009,16009,16009,16009,16009,15592,15286,15286,14866,14866,14866,13209,12358,10571,10571,10571,10234,10234,10234,10234,8279,8279,8037,8037,8037,8037,8037,6892,6892,6892,6892,5944,5944,5219,5219,5219,5219,5219,5219,5219,5219,3826,3826,3826,3826,3826,3826,3826,3826,3826,3477,3477,3477,3477,3041,3041,3041,3041,3041,3041,3041,2595,2365,2177,1444,1444,1444,1444,1444,1444,1444,1444,1444,1444,1444,1444,1444,1444,1444,1444,1444,1444,1444,1444,1444,1226,1226,1226,1226,1226,1196,1110,1091,1091,969,969,969,766,766,766,766,766,766,766,764,764,764,609,609,609,609,609,609,609,421,421,421,421,315,315,315,315,315,315,315,315,315,315,313,313,313,313,305,271,271,271,271,271,271,203,203,203,203,203,203,203,201,186,186,186,170,170,170,170,170,170,164,164,161,150,150,111,111,111,111,111,99,99,99,99,99,99,99,99,99,98,89,64,64,64
49231,45680,45680,38564,38564,35096,34131,27929,27929,27929,27929,26526,22083,22083,22083,22083,20731,20731,20731,20731,20731,19666,18504,18002,18002,16781,16290,12611,12311,12311,11686,11541,11541,11541,11541,10814,10814,10814,9883,9883,9883,9883,9883,9883,8329,6293,6293,6293,6293,6293,6156,6156,6156,5493,5493,5493,5493,4981,4981,4981,4981,4981,4981,4796,4228,4228,4228,2970,2970,2970,2970,2970,2970,2970,2970,2970,2970,2970,2970,2753,2753,2490,2490,2245,2245,2245,2245,2245,2245,2245,1688,1688,1688,1688,1472,1472,1472,1472,1236,1236,1236,1236,1236,1236,1236,1162,1162,1162,1081,1081,1081,943,943,943,943,943,943,943,943,894,703,703,703,624,624,412,412,412,412,412,412,412,412,412,412,336,336,336,336,336,336,336,336,336,336,336,336,336,334,334,302,302,302,282,282,282,265,265,219,219,219,219,196,196,196,196,178,178,174,174,132,132,132,132,132,132,132,132,132,132,125,108,108,108,108,106,106,106,106,106,104,104,104,90,90,90,90,90,77,76
55984,48496,39079,39079,39079,33612,30369,30369,20890,20890,20890,20890,20890,20137,20137,19564,19564,19564,19564,19564,18122,18122,14289,14289,14289,14289,14289,14289,14289,11647,11106,11106,11106,11106,11106,11106,10151,10151,9305,9305,9305,9305,8902,8902,8902,8462,8169,6811,6811,6410,6410,6410,6410,6410,5950,5950,5887,5570,5570,4723,4723,4723,4723,4533,3472,3472,3472,3472,3472,2959,2959,2959,2196,2196,2196,2196,2196,2196,2196,2196,2196,2196,2196,2196,2196,2196,2196,2196,2137,2137,2137,2137,1917,1917,1917,1853,1747,1728,1728,1633,1534,1486,1289,1289,1289,1289,1280,1280,797,797,797,797,797,797,755,755,755,663,663,663,663,663,663,663,654,654,654,608,608,608,603,542,451,451,451,451,451,418,392,392,392,392,392,392,392,392,359,328,319,319,281,281,277,219,219,219,219,219,219,219,219,205,192,192,192,169,169,169,169,169,169,169,160,160,160,160,144,144,143,143,132,132,105,105,105,105,105,105,105,105,101,101,101,101,101,101,99,93,86,68
38268,38268,38268,38268,38268,33336,33336,32491,32491,32491,29882,21127,21127,21127,21127,21127,13560,13560,13560,13560,13560,13560,13560,13560,13560,13560,9949,9949,9949,9949,9949,9949,9949,8948,8948,8148,8148,8148,8148,8148,6794,6794,6794,6794,6794,6673,6673,6673,6673,6468,6468,6468,6067,6067,5742,5742,5467,5467,5439,5439,5439,5439,4774,4774,4623,4418,4418,4418,4395,4353,4353,4353,4330,4330,4144,4134,3493,3493,3493,3155,3155,3155,3155,3155,2594,2594,2594,2452,2452,2423,2423,2423,2423,1883,1883,1883,1883,1755,1755,1371,1371,1371,1253,1253,1253,1253,1253,1253,1253,1234,1234,1034,1034,1034,1034,1034,1034,1034,1034,1012,934,934,893,848,848,800,749,714,613,613,613,613,589,582,582,582,582,582,455,455,455,450,428,428,428,277,277,277,277,277,277,277,277,277,277,277,277,273,273,244,244,233,214,214,194,189,189,189,189,189,189,189,178,178,178,161,135,135,135,135,135,135,135,135,135,127,122,122,115,115,99,99,91,91,91,90,88,64,64,64
55226,44156,41032,36083,36083,35169,34378,32773,32773,30228,30042,28117,24011,24011,24011,24011,22328,21366,21366,20024,20024,16638,16638,16368,16368,16177,14755,14755,12925,10164,10164,10164,9679,9679,9679,9679,9679,9679,9679,9679,7604,7604,7604,7604,7604,7604,7604,6808,6808,6808,6808,6808,6808,6182,5479,5479,4238,4238,4238,4238,4238,4238,4238,4238,4238,4238,4238,4238,4238,4238,3461,3461,3461,3384,3384,3384,3384,3300,3019,3019,2787,2787,2787,2787,2787,2605,2510,2321,2237,1962,1962,1723,1723,1723,1723,1723,1723,1723,1723,1723,1723,1496,1496,1224,1224,1224,1224,1224,1162,1162,1162,1162,971,971,971,971,971,971,971,971,971,971,961,832,832,825,744,631,631,631,631,631,631,584,584,557,557,557,529,529,428,428,427,427,427,427,427,413,413,413,398,375,375,375,375,375,297,297,297,297,297,281,251,251,251,251,245,193,193,193,193,193,193,193,193,193,193,155,155,155,155,155,154,137,133,117,117,117,115,113,113,113,79,79,79,66,66,66,66,66
50419,43966,39476,39084,38785,26477,26477,26177,25880,25880,19021,18939,18939,18939,17864,17864,17864,17864,13807,13807,13807,13807,13807,13807,13807,13807,13807,13807,13807,12414,12414,10801,10801,10801,10801,10801,10619,10619,10619,8940,8940,8940,8940,8940,8940,8752,8689,8689,8599,8599,6669,6669,6669,6669,5946,5946,5946,5946,5817,5817,5482,5482,5482,4726,4726,3669,3669,3669,3669,3669,3669,3669,3669,3669,3669,3510,3510,3510,3297,3215,3215,2638,2638,2638,2638,2436,2436,2436,2436,2033,2033,2033,2002,2002,1889,1682,1682,1682,1682,1518,1518,1518,1518,1518,1267,1267,1267,1267,1267,1263,1263,1100,1099,1039,1039,1024,980,964,715,683,683,674,674,674,674,537,537,537,537,537,537,537,537,537,537,537,537,537,496,453,453,438,383,383,378,336,336,336,336,317,317,317,317,299,299,299,273,273,251,251,251,251,224,224,224,155,155,155,155,155,155,155,155,155,155,146,146,146,146,144,143,143,135,135,134,134,134,120,109,109,91,88,88,88,88,75,72,72,72,72
57736,45884,37553,33989,33989,31044,29743,29743,29743,29743,29315,29315,24503,20933,20933,19542,12530,12530,12530,12530,12530,12530,12530,12530,11926,11926,11926,11926,11926,11926,11926,11926,11926,11926,11926,11926,11926,11083,11083,8609,8609,8609,8379,8379,8379,8178,8178,7948,7948,7948,7948,5993,5993,5993,5993,4728,4728,4728,4728,4728,4728,4728,4728,4728,4728,4728,4728,4728,4031,4031,4031,3766,3766,3766,3766,3317,3317,3317,3317,3214,3214,3180,2156,2156,1957,1957,1957,1957,1957,1957,1957,1957,1813,1813,1813,1813,1813,1813,1725,1383,1383,1383,1383,1383,1383,1383,1383,1135,1135,1135,1135,1072,1072,1072,1072,1072,1072,957,957,957,957,957,721,721,721,721,721,706,706,706,693,664,664,615,603,603,552,552,408,408,408,408,408,408,408,406,406,395,275,275,275,275,193,193,193,193,193,193,193,193,193,193,193,193,193,193,193,193,193,164,164,164,164,158,158,158,158,144,144,144,144,141,136,131,115,115,106,106,104,98,98,97,97,96,96,85,85,85,85,85
42961,42961,40119,34641,22751,22751,22751,22751,22751,22751,22751,22751,22751,22751,22008,22008,22008,22008,21162,20194,19763,12619,12160,12160,12160,12160,12160,11953,11953,11953,11953,11953,9615,9615,9615,9615,9615,9615,9615,9615,9615,9615,7297,7297,7297,7297,6411,6411,5035,5035,5035,5035,5035,5035,4877,4877,4877,4877,4877,4877,4877,4353,4353,4226,4226,4226,4226,3620,3620,3563,3563,3306,3306,3257,3111,3111,3111,3111,3111,3034,2864,2797,2149,2149,2149,2149,2149,2149,2149,1838,1838,1838,1838,1418,1418,1418,1418,1418,1176,1176,1176,1107,1107,1107,1083,961,961,961,961,961,961,961,884,783,783,718,718,680,680,554,554,554,554,554,554,554,554,554,554,554,554,554,554,554,543,543,543,534,430,430,430,430,430,419,419,311,311,309,309,309,309,309,309,276,276,276,260,259,227,227,227,227,189,189,189,189,189,189,189,160,160,160,132,132,132,132,116,116,116,116,116,116,116,116,104,104,96,96,96,92,92,83,83,83,83,83,78,45,45,45
39795,39795,34014,34014,34014,30079,30079,30079,23867,23867,23867,23323,23323,23323,23323,23323,22631,22536,18107,18107,17026,17026,16663,13666,13666,13666,13666,13666,12664,12664,12664,9917,9917,9917,9917,9917,9917,9917,9917,9917,9566,9566,9566,9566,9310,8899,8899,7947,7947,7947,7618,7039,7039,6993,5556,5556,5412,5412,5412,5387,5387,5387,5387,5285,5270,4939,3091,3091,3091,3091,3091,3091,3091,3091,3073,3073,3073,3073,3073,2402,2402,2402,2402,2177,2177,2177,2177,2177,2177,1898,1898,1831,1831,1707,1707,1698,1698,1525,1525,1525,1467,1467,1467,1467,1467,1467,1437,1437,1100,1100,1100,863,863,863,863,835,835,835,779,779,779,632,632,632,632,632,632,587,587,587,587,572,572,572,572,572,572,425,425,425,425,425,425,425,321,321,321,321,321,321,321,321,321,321,321,311,270,270,270,270,270,235,235,235,235,235,220,220,220,215,207,185,185,185,173,134,134,134,134,134,134,134,133,122,122,122,122,106,106,74,74,74,74,74,74,74,74,74,74,74
57471,51487,46740,45471,43861,38117,31970,29122,29122,29122,25361,24040,24040,24040,23589,23577,21162,21162,20632,17342,15381,15381,15381,15381,10956,10956,10956,10956,10956,10956,9945,9945,9945,9945,9945,9945,9945,9290,9290,7775,7775,7775,7775,7775,7743,7743,7743,6881,6881,6881,6881,6881,6881,5506,5506,5506,4225,4225,4225,4225,4225,4225,4225,4038,4032,3776,3776,3593,3593,3593,3593,3593,3593,3412,3128,3128,3128,2104,2104,2104,2104,2104,2104,2104,2104,1876,1876,1876,1876,1842,1842,1842,1443,1443,1443,1443,1443,1443,1443,1443,1443,1228,1228,1228,1228,1228,1164,1164,1153,1153,1153,1153,984,936,936,923,923,923,824,824,796,796,796,796,796,764,707,640,640,640,535,535,535,514,514,514,485,442,442,434,434,374,366,366,366,359,359,324,324,324,324,324,294,260,260,223,223,223,223,221,221,221,216,216,201,149,149,149,149,149,149,149,149,149,149,149,144,140,122,122,121,104,104,104,94,94,94,94,83,69,69,69,69,69,69,69,69,66,59,59
51404,48989,36596,36596,35023,28997,28997,28997,28625,26030,26030,26030,23208,20989,20989,19309,19309,19309,19309,14507,14507,14507,14507,14507,14507,14163,14163,14163,14163,14163,14163,14163,11875,11875,11712,11712,11712,11712,11712,11266,10273,10273,8156,8156,8156,8156,7356,7356,6766,6766,6766,6766,6766,6605,6605,6563,6452,6452,6452,5905,5905,5739,5739,5042,5042,4945,4945,3925,3925,3784,3633,3633,3633,3633,2626,2626,2626,2626,2626,2626,2626,2626,2039,2039,2039,2039,2039,2039,2039,2039,2039,2039,1925,1925,1904,1451,1451,1451,1451,1451,1451,1451,1451,1451,1451,1451,1378,1375,1108,1108,1108,1108,1015,926,926,926,926,926,920,817,703,703,627,627,627,627,627,627,627,627,591,591,589,581,581,531,520,520,500,500,466,439,439,427,427,427,427,401,385,361,332,257,257,257,257,257,257,257,257,214,214,214,214,214,214,211,211,201,201,201,201,184,184,145,145,145,132,132,132,120,120,120,120,120,120,120,120,112,112,111,99,99,99,99,87,85,85,84,84,84
45249,45249,45249,43860,37478,37478,35412,33905,33905,28694,28694,25481,25236,24912,24912,24715,19227,19227,19227,15792,15792,15792,15792,15792,15792,13971,13365,13365,13365,13365,13365,13365,13365,11413,10506,10506,10506,10506,10375,10375,9276,9276,7985,7985,7985,7985,7985,7593,7486,6284,5937,5937,5937,5937,5325,5325,5194,5194,5194,5008,5008,4973,4480,4480,4117,3386,3386,3386,3386,3386,3386,3386,3386,3367,3196,3196,3196,3196,2928,2928,2721,2649,2649,2411,2411,1988,1988,1988,1988,1988,1988,1892,1707,1538,1538,1538,1538,1538,1538,1467,1467,1165,1165,1165,1165,1165,1165,1165,1165,1165,1165,1165,1165,1165,1091,1091,1035,1035,985,898,898,888,818,818,818,714,714,714,714,714,714,714,714,681,623,492,492,492,492,480,480,477,477,477,461,434,434,421,421,394,377,377,377,355,346,346,345,283,283,283,283,262,262,217,217,217,201,201,201,201,201,201,186,186,186,129,129,129,129,129,129,129,129,129,129,129,112,112,101,101,101,81,81,81,81,81,81,81,81,81
51419,44212,42558,38438,33439,33439,33439,28742,28742,25556,25556,25556,25444,25444,23854,22241,21757,17082,17082,17082,17082,17082,17082,17082,15700,15700,15648,14144,14144,14144,14144,14144,14144,14144,12552,12552,11664,9654,9654,9654,9654,9654,9654,9654,9654,9654,7675,7675,6121,6121,6121,6121,6121,6121,6121,5844,5844,5844,5483,5483,5210,5210,5210,4402,4402,4402,4402,4402,4402,3384,3384,3384,3384,3384,3031,3031,3031,3031,2425,2425,2425,1979,1979,1979,1979,1979,1979,1979,1979,1979,1979,1979,1979,1557,1557,1557,1557,1557,1557,1529,1529,1529,1527,1350,1350,1350,1350,1320,836,836,836,836,836,836,836,836,775,775,775,618,618,618,618,617,617,617,617,617,596,338,338,338,338,338,338,331,331,331,331,331,331,331,331,310,310,310,310,310,305,305,305,270,270,270,250,214,214,214,214,214,214,214,214,163,163,163,163,163,163,163,163,151,148,143,126,124,124,124,124,121,121,121,97,97,94,92,92,92,92,92,92,88,88,88,81,81,72,72,71,71
45937,38409,38409,38409,38409,38409,29241,29241,29241,24584,20190,20190,20190,20190,20190,18889,18889,18889,18889,16810,16810,16733,16250,16250,16250,16250,16250,15588,13526,13526,13526,12406,9948,9948,9948,9948,9948,9948,9001,9001,8993,8993,8993,8993,8993,8993,8707,8594,8594,7477,6232,6160,5771,5771,5771,5771,5564,5564,5564,5238,5238,5238,5238,4516,4516,4516,4510,4510,4510,4510,3681,3681,3681,3308,3308,2861,2861,2861,2861,2861,2861,2861,2861,2639,2639,2639,2639,2639,2349,2349,1944,1759,1759,1759,1759,1759,1759,1669,1669,1557,1557,1557,1463,1463,1444,1401,1299,1299,1299,1263,1263,1263,1063,1063,1063,1063,1027,1027,819,819,782,782,782,782,782,773,773,773,773,602,602,588,588,492,482,482,482,468,376,376,376,376,376,376,376,376,376,369,369,369,369,317,317,317,317,317,308,276,261,261,261,261,261,224,224,224,224,224,224,212,212,195,161,161,159,159,159,123,123,123,123,123,123,123,123,123,111,111,93,93,93,93,93,93,93,93,93,81,77,77
55728,52101,48229,43573,37917,32928,32928,27665,27665,27665,26892,24025,24025,24025,24025,22721,21448,21448,21448,21342,15498,15498,15498,15498,15498,14478,14478,14478,14478,14478,14478,11721,11721,11721,9236,9236,9236,9236,9236,9236,8958,8958,8958,8549,6324,6324,6324,6324,6056,6056,6056,5658,5658,5658,5658,5658,5335,5335,5335,5335,4915,4915,4405,4405,4405,3668,3098,3098,3098,3098,3098,3098,3098,3098,3098,3098,3098,2972,2839,2700,2700,2298,2298,2298,2298,2298,2287,2287,2287,2287,2028,2028,2028,1997,1649,1467,1467,1467,1467,1467,1467,1467,1467,1424,1335,1140,1140,1140,1093,1093,1093,1093,1093,1090,1090,972,918,901,901,901,812,812,812,650,621,621,621,621,621,621,600,600,600,460,460,460,460,460,460,366,366,366,366,366,366,366,366,324,324,302,302,302,302,297,297,297,157,157,157,157,157,157,157,157,157,157,157,157,157,157,157,157,157,157,150,150,150,149,149,123,112,112,108,108,89,89,89,89,89,89,89,88,59,59,59,59,59,59,59,59
45766,45766,45349,35690,35690,34876,34876,33973,29342,29342,29342,24739,24739,24739,24739,19097,19097,19097,19097,18800,18800,14630,14630,14630,13415,13415,13367,13367,13367,13347,11106,11106,11106,11106,9944,9192,9192,9076,8035,8035,8035,7673,7673,7673,7673,7673,7673,7673,7673,7673,7673,6423,6423,5892,5500,5500,5500,5408,5408,5408,5408,5151,4618,3940,3940,3924,3924,3372,3372,3372,3172,2922,2922,2753,2753,2369,2369,2369,2369,2369,2369,2369,2369,2369,2369,2369,2369,2369,2016,2016,2016,2016,2016,1831,1750,1750,1750,1696,1696,1696,1651,1350,1350,1350,1350,1025,1025,719,719,719,719,719,719,719,719,719,719,622,622,622,622,622,622,622,622,622,568,568,568,568,568,568,568,568,568,371,371,371,371,371,371,371,371,334,334,334,334,334,334,316,316,287,269,241,241,241,241,241,241,241,241,241,185,185,185,185,185,185,150,150,150,150,150,150,150,150,150,136,136,136,135,131,131,131,131,131,111,83,83,83,83,83,83,70,62,62,62,62,62,62
51972,50217,38122,38122,38122,38122,30201,28569,28569,25939,25939,25939,22407,20642,20642,20642,20642,20266,20266,20266,17123,17123,17123,17123,17123,17123,14509,14509,14509,14509,14509,14285,14285,14285,13447,11786,11786,11786,11786,11211,11211,9490,9490,8723,7475,7475,7475,7475,7475,7475,7475,7475,7475,7475,6011,6011,6011,5814,5814,5814,5814,5550,5506,5376,4242,4242,4242,4242,4242,4237,4237,4237,3950,3443,3443,3443,3207,3207,3207,3070,2976,2599,2599,2599,2475,2475,2475,2475,2475,2475,2475,2256,2256,2256,2044,2042,2042,1901,1792,1580,1580,1580,1423,1399,1399,1378,1378,1296,1296,1296,1173,1173,1033,1033,874,874,764,764,764,764,764,764,764,764,764,558,558,558,558,558,558,558,553,553,553,553,553,553,534,441,441,441,441,390,390,390,390,305,305,264,257,257,257,257,257,257,257,257,257,257,257,257,257,257,205,204,204,192,192,192,192,192,167,167,167,167,167,167,167,167,139,139,116,116,100,100,100,97,97,97,86,86,86,86,86,86,86,82,82,82
55424,44422,39460,36375,34329,30312,30312,30312,30312,30312,25161,25161,25161,24751,24751,24751,19718,19718,19718,19718,19718,9004,9004,9004,9004,9004,9004,9004,9004,9004,9004,9004,9004,9004,9004,9004,9004,9004,9004,9004,9004,9004,9004,9004,9004,7604,7199,7199,7199,6889,6889,6889,6889,6889,6889,6889,5883,5883,5883,5883,5883,5649,5649,5590,5590,3845,3845,3845,3845,3845,3845,3696,3696,3696,3434,3232,2419,2419,2419,2419,2419,2381,2381,2269,2269,2269,2229,2229,2099,1934,1934,1934,1934,1934,1423,1423,1423,1423,1423,1399,1399,1399,1389,1302,1302,1055,1055,1055,1055,1004,1004,1004,843,843,843,843,843,843,841,841,841,794,606,606,606,606,606,606,606,606,606,556,556,556,536,506,506,506,506,415,397,397,397,397,374,309,309,309,309,309,309,309,278,278,278,249,249,249,249,208,208,208,208,208,208,167,167,167,144,144,144,144,144,136,109,109,109,109,109,109,109,109,109,109,109,100,100,100,100,100,82,82,82,82,82,82,75,75,73,73
49785,49785,45734,42169,38496,29098,29098,29098,29098,22553,22553,22553,22553,22203,22203,22203,18233,18233,18233,14468,14468,13025,13025,13025,13025,11983,11983,11983,11983,11983,11983,11983,10586,10586,6845,6845,6845,6845,6845,6845,6845,6845,6845,6845,6845,6845,6845,6845,6845,6845,6845,5474,5474,5474,5474,4746,3827,3827,3827,3827,3827,3827,3674,3674,3674,3674,3674,3674,3674,3674,3674,3674,3674,3674,2570,2570,2570,2570,2570,2570,2570,2570,2570,2404,2320,2320,2320,2320,2320,1979,1868,1868,1868,1868,1868,1826,1735,1603,1603,1603,1603,1603,1455,1455,1455,1455,1360,1360,1287,1287,1104,1104,993,964,945,945,945,945,916,916,916,866,731,626,626,626,626,626,626,626,626,504,504,494,494,494,490,490,490,482,482,409,409,409,336,336,336,303,303,303,303,256,188,188,188,188,188,188,188,188,188,188,188,188,188,188,188,188,188,188,188,188,177,177,177,177,173,141,140,140,140,140,140,140,140,92,92,92,92,92,92,77,77,77,77,71,71,71,71,71
46924,46924,46924,45873,38456,38456,36274,30755,30755,30755,27450,26084,26084,24063,24063,21065,14529,13391,13391,13391,13391,13391,12726,12726,12726,12726,12726,12381,12381,12381,12089,12089,12077,10532,10532,10532,10532,10532,10532,9770,9770,9752,9752,7566,7566,7566,7508,7508,7508,7508,7086,7086,6849,6849,6849,6242,5643,5643,5643,5643,5477,5477,5477,5414,4679,4679,4679,4679,4063,3752,3752,3752,3752,3752,3535,3535,3535,2504,2504,2504,2504,2504,2504,2504,2504,2386,2386,2231,2231,2231,2231,2231,2231,2007,2007,2007,1426,1426,1426,1426,1104,1104,1104,1104,1104,1104,1104,1104,1104,1104,994,994,994,994,994,994,994,872,872,872,872,872,872,856,856,603,603,603,603,603,603,484,484,484,484,484,484,357,348,348,348,348,348,348,348,348,348,348,335,335,335,335,311,311,311,311,311,288,288,288,288,288,276,267,267,220,189,189,189,189,189,158,158,158,158,143,143,137,137,137,137,137,137,137,133,118,118,118,112,86,86,86,86,86,86,86,86,85,85,74
37902,37902,37902,37902,37902,37902,27461,27461,27461,27461,26543,25899,25899,25899,24404,24404,24015,24015,23742,20047,15417,15417,13704,13704,13704,13704,13704,13053,13053,10861,10861,10861,10861,10861,6717,6717,6717,6717,6717,6717,6439,6439,6439,6439,6439,6439,6108,6108,6108,6108,6108,6108,6108,6108,6108,5823,5823,5823,5447,5447,5447,5073,4037,4037,4037,4037,4037,4037,3950,3201,2937,2937,2937,2787,2787,2554,2554,2554,2554,2554,2554,2547,2257,2257,1828,1828,1828,1828,1828,1828,1828,1828,1828,1592,1592,1536,1536,1536,1536,1536,1495,1477,1477,1477,1477,1414,1138,1051,1051,1051,1051,1021,1021,1021,978,971,875,735,735,735,735,735,735,713,704,704,704,586,551,515,515,494,494,494,494,408,408,402,402,402,402,402,402,402,322,322,322,322,322,322,283,283,273,273,265,265,265,265,265,253,218,218,218,218,218,218,218,209,139,139,139,139,139,139,139,133,133,133,133,133,125,125,125,122,122,121,103,103,103,103,103,103,103,103,80,57,57,57,57,57
46305,41218,38205,38205,35230,35230,34189,30599,28698,28698,28698,28698,26281,26281,23074,23074,21861,21861,21861,21861,20760,19729,19729,19410,16857,16632,16632,16632,14522,14522,14522,14516,13072,13072,13072,12540,12540,10651,10651,10651,8951,8951,8951,8951,8951,8628,8628,7649,7649,7649,7332,6937,6937,6937,6937,6937,6783,4694,4694,4694,4607,4556,4556,4556,4556,4556,3889,3889,3889,3889,3889,3677,3659,3659,3652,3652,3516,3435,3435,3435,3415,3353,3353,2808,2641,2641,2265,2080,2080,2080,1792,1457,1457,1457,1457,1457,1457,1217,1217,1217,1217,1217,1217,1071,1066,1066,1066,1066,1066,1066,1059,1059,1059,1056,1056,1031,1031,866,859,798,798,640,640,640,640,640,640,640,640,640,640,640,635,635,635,634,517,517,517,514,484,484,484,433,421,363,363,363,363,363,353,314,287,279,279,279,237,234,234,234,234,230,230,230,230,197,197,197,173,173,173,173,171,150,150,150,145,145,145,145,135,135,135,135,100,100,100,93,93,93,93,93,93,74,74,74,74,74,74,74
51197,49638,38689,38689,38689,33505,31917,25613,24848,24848,22734,22734,20236,20236,20236,18534,18523,18523,18523,18523,18523,17117,14858,14858,14858,14858,13372,13372,6438,6438,6438,6438,6438,6438,6438,6438,6438,6438,6438,6438,6438,6438,6438,6438,6438,6438,6438,6438,6438,6438,6438,5191,4675,4675,4675,4675,4675,4675,4675,4675,4675,4675,4675,4675,4675,4675,4675,4523,4523,4523,4523,4121,3772,3772,3441,3441,2564,2131,2131,2131,2131,2131,2131,2131,2131,2131,2131,2117,2117,2117,1845,1845,1845,1845,1765,1765,1644,1644,1580,1529,1497,1411,1302,1302,1302,1302,1135,1135,1135,1135,878,878,878,878,878,878,878,878,802,802,779,779,769,679,624,624,624,559,559,559,559,559,466,466,466,466,466,466,466,466,466,432,432,424,424,424,353,353,338,338,308,308,308,308,295,295,258,258,258,258,258,258,258,258,258,234,234,234,196,196,196,196,196,138,136,136,136,136,122,122,122,122,115,115,115,115,115,113,113,113,113,100,100,100,92,88,82,82,82,82
50090,43837,35166,34792,32324,32324,30489,30489,28785,26519,26519,26519,26519,26519,20701,20701,18212,18212,18212,18212,15007,15007,15007,14988,14988,14988,9631,9631,9631,9631,9631,9631,9631,9631,9631,9631,9631,9631,9631,9457,9294,8519,8519,6530,6530,6530,6530,6530,6530,6530,6530,5847,5847,5847,5847,4735,4735,4735,4735,4735,4735,4735,4735,4477,4477,4423,4423,4375,4126,4126,3921,3886,3886,3024,3024,3024,3024,3024,3024,2664,2664,2606,2606,2413,2413,2413,2413,2413,2203,2164,1905,1905,1905,1905,1905,1905,1905,1905,1755,1755,1736,1649,1582,1211,1211,1211,1173,1173,1121,1115,1115,1041,1041,997,997,887,887,887,887,887,876,837,837,725,725,725,725,725,655,456,456,456,456,456,456,456,456,407,407,407,407,407,407,407,407,407,407,400,400,366,360,360,327,327,327,290,211,211,211,211,211,211,211,211,211,211,211,211,189,189,189,177,177,174,166,161,161,161,148,135,135,135,113,113,113,113,113,113,112,100,100,100,100,100,95,77,77,65,65,65
52487,47976,45821,45821,39128,34760,34760,29247,26663,26663,26663,26663,26663,25068,24658,22932,22932,22932,22932,17123,17123,17123,17123,17123,17123,17123,17123,12713,12713,11061,11061,11061,11061,11061,11061,11061,11061,11061,9206,9206,9206,9206,8254,8254,8254,8254,8254,8254,8254,7843,7188,7188,6084,6084,6084,6084,6084,5532,5532,4423,4423,4423,4423,4423,4423,4012,4012,4012,4012,4012,4012,4012,4012,4012,2521,2521,2521,2521,2521,2521,2521,2477,2477,2477,2477,2477,2477,2405,2405,2014,1901,1901,1901,1901,1751,1751,1751,1643,1474,1474,1474,1418,1418,1418,1337,1223,1136,1136,1077,1077,1077,1077,1077,1077,876,876,876,876,876,811,811,811,775,698,698,698,698,652,652,652,632,624,509,493,493,493,376,376,376,376,376,376,376,376,305,305,305,305,305,305,295,281,281,281,281,263,246,246,246,246,211,211,211,211,204,204,191,191,191,191,191,169,169,169,169,169,149,145,145,145,145,125,93,93,93,93,93,93,93,93,93,93,93,90,90,90,90,90,76,76
50704,50529,44210,38925,38925,31219,31219,31219,31219,30247,26409,26095,26095,25813,25813,23334,21996,21035,21035,21035,18231,18231,17214,14865,14865,14865,14865,14865,14865,14308,12272,12272,10640,10392,10392,10392,9399,9399,9399,9399,9399,9399,9067,8844,8844,8193,8193,7552,7552,7160,5759,5759,5623,5623,5623,5623,5623,5568,4049,4049,4049,4049,4049,4049,4049,4049,3887,3887,3887,3887,3887,3403,3090,3090,3090,3090,2914,2914,2329,2329,2329,2329,2329,2329,2329,1850,1850,1850,1850,1651,1651,1651,1651,1651,1651,1651,1651,1208,1137,1137,1137,1137,1137,1137,1137,1137,1137,921,921,921,921,921,921,897,897,806,806,806,806,806,806,806,806,803,713,699,669,669,669,669,588,588,579,579,579,504,504,504,504,486,473,416,416,416,375,375,375,324,324,324,320,320,320,281,262,262,262,262,258,258,258,224,224,221,184,184,184,184,184,184,133,133,133,133,133,133,133,133,121,121,121,121,121,113,113,105,105,94,94,94,94,94,94,94,79,79,79,79,79,79
42850,42294,42294,38233,35328,35328,32925,32925,24200,24200,24200,24200,24200,20924,20924,20924,19738,19738,19009,16879,15495,15495,15495,15021,15021,14497,14497,14497,10453,10453,10453,10453,10453,10453,9841,9841,8506,8506,8506,8506,8506,8506,7395,7395,7395,7395,7395,7395,7395,6214,6214,5887,5887,5887,5657,5657,5237,5237,5237,5237,5137,5137,4481,3588,3588,3588,3588,3588,3588,3588,3576,3576,3447,3447,3380,2821,2101,2101,2101,2101,2101,2101,2101,2101,2087,2067,1851,1851,1851,1851,1851,1851,1730,1071,1071,1071,1071,1071,1071,1071,1071,1071,1071,1071,1071,1071,1071,1063,1063,1063,1019,912,758,758,758,758,758,758,732,654,654,654,605,605,605,605,595,595,548,456,456,456,456,456,422,387,387,387,387,374,338,338,338,332,332,332,325,325,325,320,320,320,311,298,298,276,263,263,261,211,196,167,167,167,167,148,144,144,144,144,144,141,141,141,119,119,119,119,119,119,102,102,92,92,92,92,92,92,92,92,92,92,87,76,76,69,69,69,66,66
